{
  "type": "FeatureCollection",
  "features": [
    {
      "type": "Feature",
      "geometry": {
        "type": "Point",
        "coordinates": [
          91.8532444,
          24.9003678
        ]
      },
      "properties": {
        "amenity": "hospital",
        "name": "M.A.G Osmani Medical College Hospital, Sylhet"
      }
    },
    {
      "type": "Feature",
      "geometry": {
        "type": "Point",
        "coordinates": [
          90.396733,
          23.8747993
        ]
      },
      "properties": {
        "addr:city": "Uttara, Dhaka",
        "addr:housenumber": "House 34, Road 4, Sector 9",
        "addr:postcode": "1230",
        "addr:street": "Sonargaon Janapath",
        "amenity": "hospital",
        "emergency": "yes",
        "name": "\u0989\u09a4\u09cd\u09a4\u09b0\u09be \u0986\u09a7\u09c1\u09a8\u09bf\u0995 \u09ae\u09c7\u09a1\u09bf\u0995\u09c7\u09b2 \u0995\u09b2\u09c7\u099c \u0993 \u09b9\u09be\u09b8\u09aa\u09be\u09a4\u09be\u09b2",
        "name:bn": "\u0989\u09a4\u09cd\u09a4\u09b0\u09be \u0986\u09a7\u09c1\u09a8\u09bf\u0995 \u09ae\u09c7\u09a1\u09bf\u0995\u09c7\u09b2 \u0995\u09b2\u09c7\u099c \u0993 \u09b9\u09be\u09b8\u09aa\u09be\u09a4\u09be\u09b2",
        "name:en": "Uttara Adhunik Medical College",
        "phone": "+88028911600",
        "ref": "Bangladesh Medical College"
      }
    },
    {
      "type": "Feature",
      "geometry": {
        "type": "Point",
        "coordinates": [
          90.3966708,
          23.867307
        ]
      },
      "properties": {
        "amenity": "hospital",
        "name": "Uttara Cresent"
      }
    },
    {
      "type": "Feature",
      "geometry": {
        "type": "Point",
        "coordinates": [
          90.3955527,
          23.7391179
        ]
      },
      "properties": {
        "amenity": "hospital",
        "healthcare": "hospital",
        "name": "\u09aa\u09bf\u099c\u09bf \u09b9\u09be\u09b8\u09aa\u09be\u09a4\u09be\u09b2",
        "name:en": "Institute of Post Graduates Medicine and Research"
      }
    },
    {
      "type": "Feature",
      "geometry": {
        "type": "Point",
        "coordinates": [
          90.3673206,
          23.7517932
        ]
      },
      "properties": {
        "addr:city": "Dhaka",
        "addr:housename": "Bangladesh Eye Hospital",
        "addr:street": "Satmasjid Road",
        "amenity": "hospital",
        "name": "Bangladesh Eye Hospital"
      }
    },
    {
      "type": "Feature",
      "geometry": {
        "type": "Point",
        "coordinates": [
          90.3825849,
          23.7434833
        ]
      },
      "properties": {
        "addr:city": "Dhaka",
        "addr:housenumber": "14/E",
        "addr:street": "Road 6",
        "amenity": "hospital",
        "emergency": "yes",
        "name": "Gonoshastha Nagar Hospital",
        "name:bn": "\u0997\u09a3\u09b8\u09cd\u09ac\u09be\u09b8\u09cd\u09a5\u09cd\u09af \u09a8\u0997\u09b0 \u09b9\u09be\u09b8\u09aa\u09be\u09a4\u09be\u09b2",
        "phone": "+8801716-838078",
        "wheelchair": "yes"
      }
    },
    {
      "type": "Feature",
      "geometry": {
        "type": "Point",
        "coordinates": [
          90.4119161,
          23.7106526
        ]
      },
      "properties": {
        "amenity": "hospital",
        "healthcare": "hospital",
        "name": "National Hospital"
      }
    },
    {
      "type": "Feature",
      "geometry": {
        "type": "Point",
        "coordinates": [
          92.0832259,
          21.3247504
        ]
      },
      "properties": {
        "amenity": "hospital"
      }
    },
    {
      "type": "Feature",
      "geometry": {
        "type": "Point",
        "coordinates": [
          90.265914,
          23.8562496
        ]
      },
      "properties": {
        "addr:city": "Savar, Dhaka",
        "addr:postcode": "1343",
        "addr:street": "C R P Road",
        "amenity": "hospital",
        "emergency": "yes",
        "name": "C R P"
      }
    },
    {
      "type": "Feature",
      "geometry": {
        "type": "Point",
        "coordinates": [
          90.4102261,
          23.7077814
        ]
      },
      "properties": {
        "amenity": "clinic",
        "healthcare": "clinic",
        "name": "Sumona Clinic"
      }
    },
    {
      "type": "Feature",
      "geometry": {
        "type": "Point",
        "coordinates": [
          89.5676428,
          22.8173748
        ]
      },
      "properties": {
        "amenity": "hospital",
        "name": "Khulna Sadar Hospital"
      }
    },
    {
      "type": "Feature",
      "geometry": {
        "type": "Point",
        "coordinates": [
          91.830657,
          22.3593346
        ]
      },
      "properties": {
        "amenity": "hospital",
        "name": "Chittagong Medical College Hospital"
      }
    },
    {
      "type": "Feature",
      "geometry": {
        "type": "Point",
        "coordinates": [
          90.4050678,
          23.7485032
        ]
      },
      "properties": {
        "amenity": "hospital",
        "name": "Ad-Din Women's Medical college & Hospital",
        "wikidata": "Q4678070",
        "wikimedia_commons": "Category:Ad-din Women's Medical College",
        "wikipedia": "en:Ad-din Women's Medical College"
      }
    },
    {
      "type": "Feature",
      "geometry": {
        "type": "Point",
        "coordinates": [
          90.4027318,
          23.746598
        ]
      },
      "properties": {
        "amenity": "hospital",
        "healthcare": "hospital",
        "name": "Holy Family Red Crescent Medical College and Hospital"
      }
    },
    {
      "type": "Feature",
      "geometry": {
        "type": "Point",
        "coordinates": [
          90.3923798,
          23.7279336
        ]
      },
      "properties": {
        "amenity": "hospital",
        "name": "BUET Health Complex"
      }
    },
    {
      "type": "Feature",
      "geometry": {
        "type": "Point",
        "coordinates": [
          90.414386,
          23.705982
        ]
      },
      "properties": {
        "amenity": "hospital",
        "emergency": "yes"
      }
    },
    {
      "type": "Feature",
      "geometry": {
        "type": "Point",
        "coordinates": [
          91.8315438,
          22.3601025
        ]
      },
      "properties": {
        "amenity": "hospital",
        "name": "Chittagong Medical College"
      }
    },
    {
      "type": "Feature",
      "geometry": {
        "type": "Point",
        "coordinates": [
          90.4035461,
          23.8704897
        ]
      },
      "properties": {
        "addr:city": "Dhaka",
        "addr:housenumber": "32",
        "addr:postcode": "1230",
        "addr:street": "Isha Khan Avenue, Sector 6, Uttara Model Town",
        "amenity": "hospital",
        "emergency": "yes",
        "name": "\u0986\u09ae\u09c7\u09b0\u09bf\u0995\u09be\u09a8 \u09b8\u09c1\u09aa\u09be\u09b0\u09b8\u09cd\u09aa\u09c7\u09b8\u099f\u09bf\u099f\u09bf \u09b9\u09be\u09b8\u09aa\u09be\u09a4\u09be\u09b2",
        "name:en": "American SuperSpecialty Hospital",
        "phone": "+880 2 8932345, +880 2 8918319, +880 2 8918349, +880 2 8918395, +8806662617496, +8801921346125, +8801733559050",
        "source": "http://www.americanhospital-bd.com",
        "website": "http://www.americanhospital-bd.com",
        "wheelchair": "yes"
      }
    },
    {
      "type": "Feature",
      "geometry": {
        "type": "Point",
        "coordinates": [
          88.5863408,
          24.3718395
        ]
      },
      "properties": {
        "amenity": "hospital",
        "emergency": "yes",
        "name": "Altaf Uz Zaman Collage & Hospital",
        "source": "Altaf Uz Zaman Collage & Hospital"
      }
    },
    {
      "type": "Feature",
      "geometry": {
        "type": "Point",
        "coordinates": [
          90.3697475,
          23.7501949
        ]
      },
      "properties": {
        "amenity": "hospital",
        "emergency": "yes",
        "name": "Bangladesh Medical College Hospital"
      }
    },
    {
      "type": "Feature",
      "geometry": {
        "type": "Point",
        "coordinates": [
          90.368919,
          23.7515946
        ]
      },
      "properties": {
        "amenity": "hospital",
        "emergency": "yes",
        "name": "\u0987\u09ac\u09a8\u09c7 \u09b8\u09bf\u09a8\u09be \u09b9\u09be\u09b8\u09aa\u09be\u09a4\u09be\u09b2",
        "name:en": "Ibn Sina Hospital"
      }
    },
    {
      "type": "Feature",
      "geometry": {
        "type": "Point",
        "coordinates": [
          91.977268,
          21.4436297
        ]
      },
      "properties": {
        "amenity": "hospital",
        "healthcare": "hospital",
        "healthcare:speciality": "ophthalmology",
        "name": "Community Eye Hospital",
        "name:en": "Community Eye Hospital"
      }
    },
    {
      "type": "Feature",
      "geometry": {
        "type": "Point",
        "coordinates": [
          91.9770314,
          21.4423116
        ]
      },
      "properties": {
        "amenity": "hospital",
        "healthcare": "hospital",
        "name": "Central Hospital Cox's Bazar",
        "name:en": "Central Hospital Cox's Bazar"
      }
    },
    {
      "type": "Feature",
      "geometry": {
        "type": "Point",
        "coordinates": [
          91.9769886,
          21.4423627
        ]
      },
      "properties": {
        "amenity": "hospital",
        "name": "Dental Care"
      }
    },
    {
      "type": "Feature",
      "geometry": {
        "type": "Point",
        "coordinates": [
          91.9767396,
          21.4423021
        ]
      },
      "properties": {
        "amenity": "hospital",
        "healthcare": "hospital",
        "name": "Dental Care",
        "name:en": "Dental Care"
      }
    },
    {
      "type": "Feature",
      "geometry": {
        "type": "Point",
        "coordinates": [
          91.9768442,
          21.4412853
        ]
      },
      "properties": {
        "amenity": "hospital",
        "healthcare": "hospital",
        "name": "Chevron Hospital",
        "name:en": "Chevron Hospital"
      }
    },
    {
      "type": "Feature",
      "geometry": {
        "type": "Point",
        "coordinates": [
          91.976909,
          21.4414404
        ]
      },
      "properties": {
        "amenity": "hospital",
        "healthcare": "hospital",
        "name": "Digital Hospital",
        "name:en": "Digital Hospital"
      }
    },
    {
      "type": "Feature",
      "geometry": {
        "type": "Point",
        "coordinates": [
          91.976916,
          21.4415557
        ]
      },
      "properties": {
        "amenity": "hospital",
        "healthcare": "hospital",
        "name": "Jela Sadar Hospital",
        "name:en": "Jela Sadar Hospital"
      }
    },
    {
      "type": "Feature",
      "geometry": {
        "type": "Point",
        "coordinates": [
          91.9762978,
          21.4414701
        ]
      },
      "properties": {
        "amenity": "hospital",
        "healthcare": "hospital",
        "name": "Chevron Clinical Laboratory",
        "name:en": "Chevron Clinical Laboratory"
      }
    },
    {
      "type": "Feature",
      "geometry": {
        "type": "Point",
        "coordinates": [
          91.9761226,
          21.4416511
        ]
      },
      "properties": {
        "amenity": "hospital",
        "healthcare": "hospital",
        "name": "Seaside Hospital",
        "name:en": "Seaside Hospital"
      }
    },
    {
      "type": "Feature",
      "geometry": {
        "type": "Point",
        "coordinates": [
          91.8234566,
          22.3589378
        ]
      },
      "properties": {
        "addr:city": "Chittagong, Bangladesh",
        "addr:postcode": "4000",
        "addr:street": "OR Nizam Rd",
        "amenity": "hospital",
        "emergency": "yes",
        "name": "Chittagong Metropolitan Hospital",
        "opening_hours": "24/7"
      }
    },
    {
      "type": "Feature",
      "geometry": {
        "type": "Point",
        "coordinates": [
          91.8237587,
          22.3593393
        ]
      },
      "properties": {
        "amenity": "hospital",
        "name": "Metropolitan Clinic"
      }
    },
    {
      "type": "Feature",
      "geometry": {
        "type": "Point",
        "coordinates": [
          91.824298,
          22.3593154
        ]
      },
      "properties": {
        "amenity": "hospital",
        "designation": "Private",
        "emergency": "yes",
        "name": "Royal Hospital"
      }
    },
    {
      "type": "Feature",
      "geometry": {
        "type": "Point",
        "coordinates": [
          91.8240608,
          22.3593299
        ]
      },
      "properties": {
        "amenity": "hospital",
        "name": "Bell View Diagonistics"
      }
    },
    {
      "type": "Feature",
      "geometry": {
        "type": "Point",
        "coordinates": [
          90.4123483,
          23.7410137
        ]
      },
      "properties": {
        "amenity": "hospital",
        "healthcare": "hospital",
        "name": "Popular"
      }
    },
    {
      "type": "Feature",
      "geometry": {
        "type": "Point",
        "coordinates": [
          89.2315591,
          25.7670137
        ]
      },
      "properties": {
        "amenity": "hospital",
        "name": "Rangpur Medial College Hospital"
      }
    },
    {
      "type": "Feature",
      "geometry": {
        "type": "Point",
        "coordinates": [
          91.8381286,
          22.3412045
        ]
      },
      "properties": {
        "amenity": "hospital",
        "designation": "Government Hospital",
        "emergency": "yes",
        "name": "General Hospital"
      }
    },
    {
      "type": "Feature",
      "geometry": {
        "type": "Point",
        "coordinates": [
          91.833969,
          22.3437812
        ]
      },
      "properties": {
        "amenity": "hospital",
        "designation": "Private",
        "emergency": "yes",
        "name": "Centre Point Hospital ,  OS"
      }
    },
    {
      "type": "Feature",
      "geometry": {
        "type": "Point",
        "coordinates": [
          91.8297218,
          22.3618884
        ]
      },
      "properties": {
        "amenity": "hospital",
        "designation": "Private",
        "emergency": "yes",
        "name": "Treatment Hospital"
      }
    },
    {
      "type": "Feature",
      "geometry": {
        "type": "Point",
        "coordinates": [
          91.8304008,
          22.361853
        ]
      },
      "properties": {
        "amenity": "hospital",
        "designation": "Private Hospital",
        "emergency": "yes",
        "name": "Holy Health Hospital"
      }
    },
    {
      "type": "Feature",
      "geometry": {
        "type": "Point",
        "coordinates": [
          91.8136016,
          22.3614315
        ]
      },
      "properties": {
        "amenity": "hospital",
        "name": "Surjer Hasi Clinic"
      }
    },
    {
      "type": "Feature",
      "geometry": {
        "type": "Point",
        "coordinates": [
          91.8160556,
          22.3612206
        ]
      },
      "properties": {
        "amenity": "hospital",
        "name": "Lions Charitable Eye Hospital"
      }
    },
    {
      "type": "Feature",
      "geometry": {
        "type": "Point",
        "coordinates": [
          91.7953144,
          22.3591808
        ]
      },
      "properties": {
        "amenity": "hospital",
        "healthcare": "hospital",
        "name": "Imperial Hospital"
      }
    },
    {
      "type": "Feature",
      "geometry": {
        "type": "Point",
        "coordinates": [
          91.7976924,
          22.3615287
        ]
      },
      "properties": {
        "amenity": "hospital",
        "emergency": "yes",
        "name": "Banghabondhu Memorial Hospital"
      }
    },
    {
      "type": "Feature",
      "geometry": {
        "type": "Point",
        "coordinates": [
          91.8093557,
          22.3620181
        ]
      },
      "properties": {
        "amenity": "hospital",
        "emergency": "yes",
        "healthcare": "hospital",
        "name": "Holy Crescent Hospital"
      }
    },
    {
      "type": "Feature",
      "geometry": {
        "type": "Point",
        "coordinates": [
          91.8024561,
          22.3617825
        ]
      },
      "properties": {
        "amenity": "hospital",
        "emergency": "yes",
        "name": "Chittagong diabetic and general Hospital"
      }
    },
    {
      "type": "Feature",
      "geometry": {
        "type": "Point",
        "coordinates": [
          91.7981771,
          22.3617211
        ]
      },
      "properties": {
        "amenity": "hospital",
        "name": "USTC Medical College Hospital"
      }
    },
    {
      "type": "Feature",
      "geometry": {
        "type": "Point",
        "coordinates": [
          91.868978,
          22.3942639
        ]
      },
      "properties": {
        "amenity": "hospital",
        "name": "Medical Square"
      }
    },
    {
      "type": "Feature",
      "geometry": {
        "type": "Point",
        "coordinates": [
          91.8303823,
          22.3606051
        ]
      },
      "properties": {
        "amenity": "hospital",
        "designation": "Government Hospital",
        "emergency": "yes",
        "name": "Chittagong Medical College"
      }
    },
    {
      "type": "Feature",
      "geometry": {
        "type": "Point",
        "coordinates": [
          91.8430813,
          22.3674084
        ]
      },
      "properties": {
        "amenity": "hospital",
        "designation": "Diagnostic Center",
        "emergency": "no",
        "name": "Modern Diagnostic Center,OS"
      }
    },
    {
      "type": "Feature",
      "geometry": {
        "type": "Point",
        "coordinates": [
          91.826521,
          22.3591836
        ]
      },
      "properties": {
        "amenity": "hospital",
        "emergency": "no",
        "name": "Marie Stopes Clinic"
      }
    },
    {
      "type": "Feature",
      "geometry": {
        "type": "Point",
        "coordinates": [
          91.8251425,
          22.3588273
        ]
      },
      "properties": {
        "amenity": "hospital",
        "designation": "Diagnostic Center",
        "emergency": "no",
        "name": "labaid diagnostic center"
      }
    },
    {
      "type": "Feature",
      "geometry": {
        "type": "Point",
        "coordinates": [
          91.8317715,
          22.3609104
        ]
      },
      "properties": {
        "amenity": "hospital",
        "designation": "Private",
        "emergency": "yes",
        "name": "Popular Diagnostic Center"
      }
    },
    {
      "type": "Feature",
      "geometry": {
        "type": "Point",
        "coordinates": [
          91.8254633,
          22.3583034
        ]
      },
      "properties": {
        "amenity": "hospital",
        "emergency": "yes",
        "name": "Metro diagnostic center"
      }
    },
    {
      "type": "Feature",
      "geometry": {
        "type": "Point",
        "coordinates": [
          91.8312057,
          22.3610907
        ]
      },
      "properties": {
        "amenity": "hospital",
        "name": "Chittagong Shishu Hospital",
        "name:en": "Chittagong shishu hospital"
      }
    },
    {
      "type": "Feature",
      "geometry": {
        "type": "Point",
        "coordinates": [
          91.8282626,
          22.3603935
        ]
      },
      "properties": {
        "amenity": "hospital",
        "designation": "Blood Bank",
        "emergency": "yes",
        "name": "\u09b2\u09be\u0987\u09ab \u09b8\u09c7\u09ad \u09ac\u09cd\u09b2\u09be\u09a1 \u09ac\u09cd\u09af\u09be\u0982\u0995",
        "name:en": "Life save Blood bank"
      }
    },
    {
      "type": "Feature",
      "geometry": {
        "type": "Point",
        "coordinates": [
          91.9079265,
          22.4413749
        ]
      },
      "properties": {
        "amenity": "hospital",
        "emergency": "yes",
        "name": "Pioneer hospital and diagnostic center Ltd."
      }
    },
    {
      "type": "Feature",
      "geometry": {
        "type": "Point",
        "coordinates": [
          91.9086186,
          22.4412773
        ]
      },
      "properties": {
        "amenity": "hospital",
        "name": "Appolo Diagnostic Center , OS"
      }
    },
    {
      "type": "Feature",
      "geometry": {
        "type": "Point",
        "coordinates": [
          91.965978,
          22.4589349
        ]
      },
      "properties": {
        "addr:city": "Chittagong",
        "amenity": "hospital",
        "healthcare": "hospital",
        "name": "Ultra Assay Center"
      }
    },
    {
      "type": "Feature",
      "geometry": {
        "type": "Point",
        "coordinates": [
          91.9079269,
          22.4413765
        ]
      },
      "properties": {
        "amenity": "hospital",
        "name": "Pioneer hospital And diagnostic center Ltd. , OS"
      }
    },
    {
      "type": "Feature",
      "geometry": {
        "type": "Point",
        "coordinates": [
          91.8374508,
          22.3424373
        ]
      },
      "properties": {
        "amenity": "hospital",
        "designation": "Maternity ",
        "emergency": "yes",
        "name": "Jemison redcrescent maternity hospital,Anderkilla"
      }
    },
    {
      "type": "Feature",
      "geometry": {
        "type": "Point",
        "coordinates": [
          91.8374507,
          22.3424373
        ]
      },
      "properties": {
        "amenity": "hospital",
        "name": "Jemison redcrescent maternity hospital,Anderkilla"
      }
    },
    {
      "type": "Feature",
      "geometry": {
        "type": "Point",
        "coordinates": [
          91.8337379,
          22.3604532
        ]
      },
      "properties": {
        "amenity": "hospital",
        "name": "Health Home Private Clinic"
      }
    },
    {
      "type": "Feature",
      "geometry": {
        "type": "Point",
        "coordinates": [
          91.833258,
          22.3602062
        ]
      },
      "properties": {
        "amenity": "hospital",
        "name": "Mirror Hospital Limited."
      }
    },
    {
      "type": "Feature",
      "geometry": {
        "type": "Point",
        "coordinates": [
          91.8338829,
          22.3602835
        ]
      },
      "properties": {
        "amenity": "hospital",
        "name": "Mohila O Sishu Hospital,OS"
      }
    },
    {
      "type": "Feature",
      "geometry": {
        "type": "Point",
        "coordinates": [
          91.8334488,
          22.3604627
        ]
      },
      "properties": {
        "amenity": "hospital",
        "name": "Surgiscope hospital unit 1 OS"
      }
    },
    {
      "type": "Feature",
      "geometry": {
        "type": "Point",
        "coordinates": [
          91.8351042,
          22.3596287
        ]
      },
      "properties": {
        "amenity": "clinic",
        "name": "Woodland Diagnostic Center"
      }
    },
    {
      "type": "Feature",
      "geometry": {
        "type": "Point",
        "coordinates": [
          91.8374698,
          22.3597999
        ]
      },
      "properties": {
        "amenity": "hospital",
        "name": "Surgiscope Hospital unit 2"
      }
    },
    {
      "type": "Feature",
      "geometry": {
        "type": "Point",
        "coordinates": [
          91.8339336,
          22.3651894
        ]
      },
      "properties": {
        "amenity": "hospital",
        "name": "Doctor's hospital(OS)"
      }
    },
    {
      "type": "Feature",
      "geometry": {
        "type": "Point",
        "coordinates": [
          91.8305255,
          22.3631377
        ]
      },
      "properties": {
        "amenity": "hospital",
        "closed": "yes",
        "healthcare": "hospital",
        "name": "CSCR storke unit"
      }
    },
    {
      "type": "Feature",
      "geometry": {
        "type": "Point",
        "coordinates": [
          91.8289753,
          22.3614483
        ]
      },
      "properties": {
        "amenity": "hospital",
        "name": "Checkup Diagnostic Centre"
      }
    },
    {
      "type": "Feature",
      "geometry": {
        "type": "Point",
        "coordinates": [
          89.7995151,
          25.0780216
        ]
      },
      "properties": {
        "amenity": "hospital",
        "name": "Islampur Upazilla Health Complex"
      }
    },
    {
      "type": "Feature",
      "geometry": {
        "type": "Point",
        "coordinates": [
          89.7589438,
          25.1620877
        ]
      },
      "properties": {
        "amenity": "hospital",
        "emergency": "yes",
        "name": "Dewangonj Upazilla Health Complex"
      }
    },
    {
      "type": "Feature",
      "geometry": {
        "type": "Point",
        "coordinates": [
          90.3853287,
          23.7523917
        ]
      },
      "properties": {
        "amenity": "hospital",
        "name": "Samorita Hospital"
      }
    },
    {
      "type": "Feature",
      "geometry": {
        "type": "Point",
        "coordinates": [
          91.8346561,
          22.3624485
        ]
      },
      "properties": {
        "amenity": "hospital",
        "name": "Niramoy Clinic"
      }
    },
    {
      "type": "Feature",
      "geometry": {
        "type": "Point",
        "coordinates": [
          90.0245386,
          25.0180855
        ]
      },
      "properties": {
        "amenity": "hospital",
        "name": "Sherpur General Hospital"
      }
    },
    {
      "type": "Feature",
      "geometry": {
        "type": "Point",
        "coordinates": [
          90.3816307,
          24.4064424
        ]
      },
      "properties": {
        "amenity": "hospital",
        "healthcare": "hospital",
        "name": "Bhaluka Upazillz Health Complex"
      }
    },
    {
      "type": "Feature",
      "geometry": {
        "type": "Point",
        "coordinates": [
          90.5451623,
          24.462716
        ]
      },
      "properties": {
        "addr:street": "Mymensingh-Gafargaon Highway",
        "amenity": "hospital",
        "emergency": "yes",
        "healthcare": "hospital",
        "name": "Gafargaon Upazilla Health Complex"
      }
    },
    {
      "type": "Feature",
      "geometry": {
        "type": "Point",
        "coordinates": [
          90.8718753,
          24.4657899
        ]
      },
      "properties": {
        "amenity": "hospital",
        "name": "Karimganj Upazilla Health Complex"
      }
    },
    {
      "type": "Feature",
      "geometry": {
        "type": "Point",
        "coordinates": [
          90.7978091,
          24.2443695
        ]
      },
      "properties": {
        "amenity": "hospital",
        "name": "Katiyadi Upazilla Health Complex"
      }
    },
    {
      "type": "Feature",
      "geometry": {
        "type": "Point",
        "coordinates": [
          90.6902107,
          24.5661403
        ]
      },
      "properties": {
        "addr:street": "Nandail - Hossainpur Road",
        "amenity": "hospital",
        "level": "4",
        "name": "Nandail Upazilla Health Complex",
        "operator": "Government",
        "operator:type": "public"
      }
    },
    {
      "type": "Feature",
      "geometry": {
        "type": "Point",
        "coordinates": [
          90.9336303,
          24.3258926
        ]
      },
      "properties": {
        "amenity": "hospital",
        "name": "Nikli Upazilla Health Complex"
      }
    },
    {
      "type": "Feature",
      "geometry": {
        "type": "Point",
        "coordinates": [
          90.6794941,
          24.3293628
        ]
      },
      "properties": {
        "addr:city": "Pakundia",
        "addr:country": "BD",
        "addr:district": "Kishoreganj",
        "addr:street": "Pakundia - Kishoreganj Road",
        "amenity": "hospital",
        "name": "Pakundia Upazilla Health Complex"
      }
    },
    {
      "type": "Feature",
      "geometry": {
        "type": "Point",
        "coordinates": [
          90.3948003,
          24.5764913
        ]
      },
      "properties": {
        "addr:street": "\u09a2\u09be\u0995\u09be-\u09ae\u09af\u09bc\u09ae\u09a8\u09b8\u09bf\u0982\u09b9 \u09ae\u09b9\u09be\u09b8\u09a1\u09bc\u0995",
        "amenity": "hospital",
        "emergency": "yes",
        "healthcare": "hospital",
        "name": "Trishal Upazilla Health Complex"
      }
    },
    {
      "type": "Feature",
      "geometry": {
        "type": "Point",
        "coordinates": [
          90.0543495,
          24.22893
        ]
      },
      "properties": {
        "amenity": "hospital",
        "healthcare": "hospital",
        "name": "\u09ac\u09be\u09b8\u09be\u0987\u09b2 \u0989\u09aa\u099c\u09c7\u09b2\u09be \u09b8\u09cd\u09ac\u09be\u09b8\u09cd\u09a5\u09cd\u09af \u0995\u09ae\u09aa\u09cd\u09b2\u09c7\u0995\u09cd\u09b8",
        "name:bn": "\u09ac\u09be\u09b8\u09be\u0987\u09b2 \u0989\u09aa\u099c\u09c7\u09b2\u09be \u09b8\u09cd\u09ac\u09be\u09b8\u09cd\u09a5\u09cd\u09af \u0995\u09ae\u09aa\u09cd\u09b2\u09c7\u0995\u09cd\u09b8",
        "name:en": "Basail Upazila Health Complex"
      }
    },
    {
      "type": "Feature",
      "geometry": {
        "type": "Point",
        "coordinates": [
          89.990275,
          24.3896744
        ]
      },
      "properties": {
        "amenity": "hospital",
        "name": "Kalihati Upazilla Health Complex"
      }
    },
    {
      "type": "Feature",
      "geometry": {
        "type": "Point",
        "coordinates": [
          90.4785541,
          24.2005371
        ]
      },
      "properties": {
        "amenity": "hospital",
        "healthcare": "hospital",
        "name": "Sreepur Upazilla Health Complex"
      }
    },
    {
      "type": "Feature",
      "geometry": {
        "type": "Point",
        "coordinates": [
          89.8747048,
          24.4630502
        ]
      },
      "properties": {
        "addr:place": "\u09ad\u09c1\u09af\u09bc\u09be\u09aa\u09c1\u09b0",
        "amenity": "hospital",
        "healthcare": "hospital",
        "name": "Bhuapur Upazilla Health Complex"
      }
    },
    {
      "type": "Feature",
      "geometry": {
        "type": "Point",
        "coordinates": [
          89.9252633,
          24.2639698
        ]
      },
      "properties": {
        "addr:city": "Tangail",
        "addr:postcode": "1900",
        "amenity": "hospital",
        "emergency": "yes",
        "name": "Tangail Medical College and Hospital"
      }
    },
    {
      "type": "Feature",
      "geometry": {
        "type": "Point",
        "coordinates": [
          90.327993,
          23.7878589
        ]
      },
      "properties": {
        "amenity": "hospital",
        "name": "Aminbazar union Health Center"
      }
    },
    {
      "type": "Feature",
      "geometry": {
        "type": "Point",
        "coordinates": [
          90.227525,
          23.9137071
        ]
      },
      "properties": {
        "amenity": "hospital",
        "healthcare": "hospital",
        "name": "Dhamrai Upazilla Health Complex"
      }
    },
    {
      "type": "Feature",
      "geometry": {
        "type": "Point",
        "coordinates": [
          90.4248042,
          23.9925472
        ]
      },
      "properties": {
        "addr:street": "Hospital Road",
        "amenity": "hospital",
        "email": "stamc@ac.dghs.gov.bd",
        "name": "\u09b6\u09b9\u09c0\u09a6 \u09a4\u09be\u099c\u0989\u09a6\u09cd\u09a6\u09c0\u09a8 \u0986\u09b9\u09ae\u09c7\u09a6 \u09ae\u09c7\u09a1\u09bf\u0995\u09c7\u09b2 \u0995\u09b2\u09c7\u099c \u09b9\u09be\u09b8\u09aa\u09be\u09a4\u09be\u09b2",
        "opening_hours": "24/7",
        "phone": "+8802224423306",
        "website": "https://stamc.edu.bd/"
      }
    },
    {
      "type": "Feature",
      "geometry": {
        "type": "Point",
        "coordinates": [
          89.877144,
          23.8909213
        ]
      },
      "properties": {
        "amenity": "hospital",
        "name": "Ghior Upazilla Health Complex"
      }
    },
    {
      "type": "Feature",
      "geometry": {
        "type": "Point",
        "coordinates": [
          89.8738267,
          24.0507025
        ]
      },
      "properties": {
        "amenity": "hospital",
        "name": "Nagarpur Upazilla Health Complex"
      }
    },
    {
      "type": "Feature",
      "geometry": {
        "type": "Point",
        "coordinates": [
          90.2478719,
          23.8386649
        ]
      },
      "properties": {
        "amenity": "hospital",
        "name": "Savar Upazilla Health Complex"
      }
    },
    {
      "type": "Feature",
      "geometry": {
        "type": "Point",
        "coordinates": [
          90.1490043,
          23.8137908
        ]
      },
      "properties": {
        "amenity": "hospital",
        "name": "Singair Upazilla Health Complex"
      }
    },
    {
      "type": "Feature",
      "geometry": {
        "type": "Point",
        "coordinates": [
          89.6451388,
          25.8083678
        ]
      },
      "properties": {
        "amenity": "hospital",
        "name": "Kurigram General Hospital"
      }
    },
    {
      "type": "Feature",
      "geometry": {
        "type": "Point",
        "coordinates": [
          89.5189417,
          25.564414
        ]
      },
      "properties": {
        "amenity": "hospital",
        "name": "Sundarganj Upazila Health Complex"
      }
    },
    {
      "type": "Feature",
      "geometry": {
        "type": "Point",
        "coordinates": [
          89.5376381,
          25.3272548
        ]
      },
      "properties": {
        "amenity": "hospital",
        "name": "Gaibandha General Hospital"
      }
    },
    {
      "type": "Feature",
      "geometry": {
        "type": "Point",
        "coordinates": [
          89.4559009,
          25.9198854
        ]
      },
      "properties": {
        "amenity": "hospital",
        "name": "Lalmonirhat General Hospital"
      }
    },
    {
      "type": "Feature",
      "geometry": {
        "type": "Point",
        "coordinates": [
          89.4689775,
          25.3894271
        ]
      },
      "properties": {
        "amenity": "hospital",
        "name": "Sadullahpur Upazila Health Complex"
      }
    },
    {
      "type": "Feature",
      "geometry": {
        "type": "Point",
        "coordinates": [
          89.6602718,
          25.5812943
        ]
      },
      "properties": {
        "amenity": "hospital",
        "name": "Chilmari Upazila Health Complex"
      }
    },
    {
      "type": "Feature",
      "geometry": {
        "type": "Point",
        "coordinates": [
          89.0819612,
          25.4180151
        ]
      },
      "properties": {
        "amenity": "hospital",
        "name": "Nawabganj Upazila Health Complex"
      }
    },
    {
      "type": "Feature",
      "geometry": {
        "type": "Point",
        "coordinates": [
          91.3039972,
          25.1014026
        ]
      },
      "properties": {
        "amenity": "hospital",
        "healthcare": "hospital"
      }
    },
    {
      "type": "Feature",
      "geometry": {
        "type": "Point",
        "coordinates": [
          89.765778,
          25.3646528
        ]
      },
      "properties": {
        "amenity": "hospital",
        "name": "Char Rajibpur Upazila Health Complex"
      }
    },
    {
      "type": "Feature",
      "geometry": {
        "type": "Point",
        "coordinates": [
          91.7554136,
          25.0854567
        ]
      },
      "properties": {
        "amenity": "hospital",
        "name": "Companygonj Upazila Health Complex"
      }
    },
    {
      "type": "Feature",
      "geometry": {
        "type": "Point",
        "coordinates": [
          90.5134661,
          25.090095
        ]
      },
      "properties": {
        "amenity": "hospital",
        "name": "Dhobaura Upazila Health Complex"
      }
    },
    {
      "type": "Feature",
      "geometry": {
        "type": "Point",
        "coordinates": [
          91.5678367,
          25.0429618
        ]
      },
      "properties": {
        "amenity": "hospital",
        "healthcare": "hospital",
        "name": "Dowarbazar Upazila Health Complex"
      }
    },
    {
      "type": "Feature",
      "geometry": {
        "type": "Point",
        "coordinates": [
          90.6780243,
          25.1279521
        ]
      },
      "properties": {
        "amenity": "hospital",
        "name": "Durgapur Upazila Health Complex"
      }
    },
    {
      "type": "Feature",
      "geometry": {
        "type": "Point",
        "coordinates": [
          90.3387211,
          25.1179719
        ]
      },
      "properties": {
        "amenity": "hospital",
        "name": "Haluaghat Upazila Health Complex"
      }
    },
    {
      "type": "Feature",
      "geometry": {
        "type": "Point",
        "coordinates": [
          92.1265808,
          25.1361745
        ]
      },
      "properties": {
        "amenity": "hospital",
        "name": "Jaintapur Upazila Health Complex"
      }
    },
    {
      "type": "Feature",
      "geometry": {
        "type": "Point",
        "coordinates": [
          90.0659935,
          25.182485
        ]
      },
      "properties": {
        "amenity": "hospital",
        "emergency": "yes",
        "healthcare": "hospital",
        "healthcare:speciality": "general",
        "name": "\u0989\u09aa\u099c\u09c7\u09b2\u09be \u09b8\u09cd\u09ac\u09be\u09b8\u09cd\u09a5\u09cd\u09af \u0995\u09ae\u09aa\u09cd\u09b2\u09c7\u0995\u09cd\u09b8, \u099d\u09bf\u09a8\u09be\u0987\u0997\u09be\u09a4\u09c0",
        "name:bn": "\u0989\u09aa\u099c\u09c7\u09b2\u09be \u09b8\u09cd\u09ac\u09be\u09b8\u09cd\u09a5\u09cd\u09af \u0995\u09ae\u09aa\u09cd\u09b2\u09c7\u0995\u09cd\u09b8, \u099d\u09bf\u09a8\u09be\u0987\u0997\u09be\u09a4\u09c0",
        "name:en": "Upazila Health Complex, Jhinaigati"
      }
    },
    {
      "type": "Feature",
      "geometry": {
        "type": "Point",
        "coordinates": [
          90.8931413,
          25.074178
        ]
      },
      "properties": {
        "amenity": "hospital",
        "name": "Kalmakanda Upazila Health Complex"
      }
    },
    {
      "type": "Feature",
      "geometry": {
        "type": "Point",
        "coordinates": [
          92.2558595,
          25.0120631
        ]
      },
      "properties": {
        "amenity": "hospital",
        "healthcare": "hospital",
        "name": "Kanaighat Upazila Health Complex"
      }
    },
    {
      "type": "Feature",
      "geometry": {
        "type": "Point",
        "coordinates": [
          89.7173658,
          24.8937936
        ]
      },
      "properties": {
        "amenity": "hospital",
        "name": "Madarganj Upazila Health Complex"
      }
    },
    {
      "type": "Feature",
      "geometry": {
        "type": "Point",
        "coordinates": [
          90.188886,
          25.0934153
        ]
      },
      "properties": {
        "amenity": "hospital",
        "name": "Nalitabari Upazila Health Complex"
      }
    },
    {
      "type": "Feature",
      "geometry": {
        "type": "Point",
        "coordinates": [
          90.3648299,
          24.9484441
        ]
      },
      "properties": {
        "amenity": "hospital",
        "name": "Phulpur Upazila Health Complex"
      }
    },
    {
      "type": "Feature",
      "geometry": {
        "type": "Point",
        "coordinates": [
          89.581814,
          25.1130044
        ]
      },
      "properties": {
        "amenity": "hospital",
        "name": "Saghatta Upazila Health Complex"
      }
    },
    {
      "type": "Feature",
      "geometry": {
        "type": "Point",
        "coordinates": [
          89.5740239,
          24.8940962
        ]
      },
      "properties": {
        "amenity": "hospital",
        "name": "Sariakandi Upazila Health Complex"
      }
    },
    {
      "type": "Feature",
      "geometry": {
        "type": "Point",
        "coordinates": [
          91.410647,
          25.0651231
        ]
      },
      "properties": {
        "amenity": "hospital",
        "name": "Sunamganj General Hospital"
      }
    },
    {
      "type": "Feature",
      "geometry": {
        "type": "Point",
        "coordinates": [
          91.1854831,
          25.0979172
        ]
      },
      "properties": {
        "addr:district": "Sunamganj",
        "addr:union": "Borodol",
        "addr:ward": "6",
        "amenity": "hospital",
        "building": "yes",
        "damage": "no",
        "description": "it's not any damaged yet.",
        "name": "Tahirpur Upazila Health Complex",
        "source": "survey",
        "source:date": "2018-07-22",
        "source:name": "logic_undp",
        "source_ref": "https://www.openstreetmap.org/user/aHaSaN/diary",
        "type": "institutional"
      }
    },
    {
      "type": "Feature",
      "geometry": {
        "type": "Point",
        "coordinates": [
          92.184857,
          24.6938788
        ]
      },
      "properties": {
        "amenity": "hospital",
        "healthcare": "hospital",
        "name": "Barlekha Upazila Health Complex"
      }
    },
    {
      "type": "Feature",
      "geometry": {
        "type": "Point",
        "coordinates": [
          91.7257035,
          24.8405595
        ]
      },
      "properties": {
        "amenity": "hospital",
        "name": "\u09ac\u09bf\u09b6\u09cd\u09ac\u09a8\u09be\u09a5 \u0989\u09aa\u099c\u09c7\u09b2\u09be \u09b8\u09cd\u09ac\u09be\u09b8\u09cd\u09a5\u09cd\u09af \u0995\u09ae\u09aa\u09cd\u09b2\u09c7\u0995\u09cd\u09b8",
        "name:bn": "\u09ac\u09bf\u09b6\u09cd\u09ac\u09a8\u09be\u09a5 \u0989\u09aa\u099c\u09c7\u09b2\u09be \u09b8\u09cd\u09ac\u09be\u09b8\u09cd\u09a5\u09cd\u09af \u0995\u09ae\u09aa\u09cd\u09b2\u09c7\u0995\u09cd\u09b8"
      }
    },
    {
      "type": "Feature",
      "geometry": {
        "type": "Point",
        "coordinates": [
          92.0291639,
          24.8321257
        ]
      },
      "properties": {
        "amenity": "hospital",
        "healthcare": "hospital",
        "name": "Golabganj Upazila Health Complex"
      }
    },
    {
      "type": "Feature",
      "geometry": {
        "type": "Point",
        "coordinates": [
          91.5631588,
          24.7794347
        ]
      },
      "properties": {
        "amenity": "hospital",
        "name": "Jagannathpur Upazila Health Complex"
      }
    },
    {
      "type": "Feature",
      "geometry": {
        "type": "Point",
        "coordinates": [
          92.3642292,
          24.8842777
        ]
      },
      "properties": {
        "addr:city": "Sylhet",
        "addr:street": "Zakiganj",
        "amenity": "hospital",
        "emergency": "yes",
        "healthcare": "hospital",
        "name": "Zakiganj Upazila Health Complex"
      }
    },
    {
      "type": "Feature",
      "geometry": {
        "type": "Point",
        "coordinates": [
          91.2356038,
          24.9987899
        ]
      },
      "properties": {
        "amenity": "hospital",
        "name": "Jamalganj Upazila Health Complex"
      }
    },
    {
      "type": "Feature",
      "geometry": {
        "type": "Point",
        "coordinates": [
          90.9820953,
          24.8792089
        ]
      },
      "properties": {
        "amenity": "hospital",
        "name": "Mohanganj Upazila Health Complex"
      }
    },
    {
      "type": "Feature",
      "geometry": {
        "type": "Point",
        "coordinates": [
          91.2355889,
          24.5515794
        ]
      },
      "properties": {
        "amenity": "hospital",
        "name": "Ajmiriganj Upazila Health Complex"
      }
    },
    {
      "type": "Feature",
      "geometry": {
        "type": "Point",
        "coordinates": [
          91.363971,
          24.5043956
        ]
      },
      "properties": {
        "amenity": "hospital",
        "name": "\u09ac\u09be\u09a8\u09bf\u09df\u09be\u099a\u0982 \u098a\u09aa\u099c\u09c7\u09b2\u09be \u09b8\u09cd\u09ac\u09be\u09b8\u09cd\u09a5\u09cd\u09af \u0995\u09ae\u09aa\u09cd\u09b2\u09c7\u0995\u09cd\u09b8",
        "name:en": "Baniachang Upazila Health Complex"
      }
    },
    {
      "type": "Feature",
      "geometry": {
        "type": "Point",
        "coordinates": [
          91.4176425,
          24.3735429
        ]
      },
      "properties": {
        "addr:city": "Habiganj",
        "addr:postcode": "3300",
        "amenity": "hospital",
        "name": "Habiganj General Hospital",
        "name:bn": "\u09b9\u09ac\u09bf\u0997\u099e\u09cd\u099c \u09b8\u09b0\u0995\u09be\u09b0\u09c0 \u09b9\u09be\u09b8\u09aa\u09be\u09a4\u09be\u09b2",
        "source": "hospital"
      }
    },
    {
      "type": "Feature",
      "geometry": {
        "type": "Point",
        "coordinates": [
          91.8570806,
          24.3659437
        ]
      },
      "properties": {
        "amenity": "hospital",
        "name": "Kamalganj Upazila Health Complex"
      }
    },
    {
      "type": "Feature",
      "geometry": {
        "type": "Point",
        "coordinates": [
          92.0384991,
          24.5279662
        ]
      },
      "properties": {
        "amenity": "hospital",
        "healthcare": "hospital",
        "name": "Kulaura Upazila Health Complex"
      }
    },
    {
      "type": "Feature",
      "geometry": {
        "type": "Point",
        "coordinates": [
          91.7662744,
          24.4811474
        ]
      },
      "properties": {
        "addr:city": "Moulvibazar",
        "addr:postcode": "3200",
        "addr:street": "Dhaka - Moulvibazar Highway",
        "amenity": "hospital",
        "emergency": "yes",
        "healthcare:speciality": "general;surgery",
        "name": "Moulvibaza Sadar Hospital",
        "name:bn": "\u09ae\u09cc\u09b2\u09ad\u09c0\u09be\u099c\u09be\u09b0 \u09b8\u09a6\u09b0 \u09b9\u09be\u09b8\u09be\u09a4\u09be\u09b2"
      }
    },
    {
      "type": "Feature",
      "geometry": {
        "type": "Point",
        "coordinates": [
          91.8529606,
          24.5277418
        ]
      },
      "properties": {
        "amenity": "hospital",
        "name": "Rajanagar Upazila Health Complex"
      }
    },
    {
      "type": "Feature",
      "geometry": {
        "type": "Point",
        "coordinates": [
          91.1962986,
          24.1940443
        ]
      },
      "properties": {
        "amenity": "hospital",
        "name": "Nasirnagar Upazila Health Complex"
      }
    },
    {
      "type": "Feature",
      "geometry": {
        "type": "Point",
        "coordinates": [
          91.7364249,
          24.300898
        ]
      },
      "properties": {
        "amenity": "hospital",
        "name": "Sreemangal Upazila Health Complex"
      }
    },
    {
      "type": "Feature",
      "geometry": {
        "type": "Point",
        "coordinates": [
          91.8214225,
          22.3524199
        ]
      },
      "properties": {
        "amenity": "hospital",
        "name": "Police Lines Hospital"
      }
    },
    {
      "type": "Feature",
      "geometry": {
        "type": "Point",
        "coordinates": [
          91.111005,
          23.9764611
        ]
      },
      "properties": {
        "amenity": "hospital",
        "healthcare": "hospital",
        "name": "Brahmanbaria General Hospital"
      }
    },
    {
      "type": "Feature",
      "geometry": {
        "type": "Point",
        "coordinates": [
          91.2875089,
          24.0971494
        ]
      },
      "properties": {
        "amenity": "hospital",
        "name": "Madhabpur Upazila Health Complex"
      }
    },
    {
      "type": "Feature",
      "geometry": {
        "type": "Point",
        "coordinates": [
          91.203273,
          23.8645379
        ]
      },
      "properties": {
        "amenity": "hospital",
        "name": "Akhaura Upazila Health Complex"
      }
    },
    {
      "type": "Feature",
      "geometry": {
        "type": "Point",
        "coordinates": [
          90.8021663,
          23.7720763
        ]
      },
      "properties": {
        "amenity": "hospital",
        "healthcare": "hospital",
        "name": "Bancharampur Upazila Health Complex"
      }
    },
    {
      "type": "Feature",
      "geometry": {
        "type": "Point",
        "coordinates": [
          91.0941092,
          23.6137621
        ]
      },
      "properties": {
        "amenity": "hospital",
        "name": "Brahmanpara Upazila Health Complex"
      }
    },
    {
      "type": "Feature",
      "geometry": {
        "type": "Point",
        "coordinates": [
          91.1271728,
          23.5572321
        ]
      },
      "properties": {
        "amenity": "hospital",
        "name": "Burichang Upazila Health Complex"
      }
    },
    {
      "type": "Feature",
      "geometry": {
        "type": "Point",
        "coordinates": [
          90.9971327,
          23.4875327
        ]
      },
      "properties": {
        "amenity": "hospital",
        "name": "Chandina Upazila Health Complex"
      }
    },
    {
      "type": "Feature",
      "geometry": {
        "type": "Point",
        "coordinates": [
          91.1816815,
          23.4553504
        ]
      },
      "properties": {
        "amenity": "hospital",
        "name": "Comilla General Hospital"
      }
    },
    {
      "type": "Feature",
      "geometry": {
        "type": "Point",
        "coordinates": [
          91.2022664,
          23.4515975
        ]
      },
      "properties": {
        "amenity": "hospital",
        "healthcare": "hospital",
        "name": "Comilla Medical College Hospital",
        "name:bn": "\u0995\u09c1\u09ae\u09bf\u09b2\u09cd\u09b2\u09be \u09ae\u09c7\u09a1\u09bf\u0995\u09c7\u09b2 \u0995\u09b2\u09c7\u099c \u09b9\u09be\u09b8\u09aa\u09be\u09a4\u09be\u09b2"
      }
    },
    {
      "type": "Feature",
      "geometry": {
        "type": "Point",
        "coordinates": [
          90.9872413,
          23.6041875
        ]
      },
      "properties": {
        "amenity": "hospital",
        "name": "Debidwar Upazila Health Complex"
      }
    },
    {
      "type": "Feature",
      "geometry": {
        "type": "Point",
        "coordinates": [
          90.7823232,
          23.6815145
        ]
      },
      "properties": {
        "amenity": "hospital",
        "name": "Homna Upazila Health Complex"
      }
    },
    {
      "type": "Feature",
      "geometry": {
        "type": "Point",
        "coordinates": [
          90.8894731,
          23.3410847
        ]
      },
      "properties": {
        "amenity": "hospital",
        "name": "Kachua Upazila Health Complex"
      }
    },
    {
      "type": "Feature",
      "geometry": {
        "type": "Point",
        "coordinates": [
          90.9315645,
          23.6403549
        ]
      },
      "properties": {
        "amenity": "hospital",
        "name": "Muradnagar Upazila Health Complex"
      }
    },
    {
      "type": "Feature",
      "geometry": {
        "type": "Point",
        "coordinates": [
          91.4053964,
          23.0300437
        ]
      },
      "properties": {
        "amenity": "hospital",
        "name": "Feni General Hospital"
      }
    },
    {
      "type": "Feature",
      "geometry": {
        "type": "Point",
        "coordinates": [
          91.4447134,
          23.2107104
        ]
      },
      "properties": {
        "amenity": "hospital",
        "name": "Parshuram Upazila Health Complex"
      }
    },
    {
      "type": "Feature",
      "geometry": {
        "type": "Point",
        "coordinates": [
          91.3104378,
          22.938362
        ]
      },
      "properties": {
        "amenity": "hospital",
        "name": "\u09a6\u09be\u0997\u09a8\u09ad\u09c2\u0981\u0987\u09af\u09bc\u09be \u0989\u09aa\u099c\u09c7\u09b2\u09be \u09b8\u09cd\u09ac\u09be\u09b8\u09cd\u09a5\u09cd\u09af \u0995\u09ae\u09aa\u09cd\u09b2\u09c7\u0995\u09cd\u09b8",
        "name:en": "Daganbhuiyan Upazila Health Complex"
      }
    },
    {
      "type": "Feature",
      "geometry": {
        "type": "Point",
        "coordinates": [
          91.2327521,
          22.9956182
        ]
      },
      "properties": {
        "addr:city": "Noakhali",
        "addr:street": "\u09b8\u09c7\u09a8\u09ac\u09be\u0997 \u09b0\u09cb\u09a1",
        "amenity": "hospital",
        "internet_access": "wlan",
        "name": "Senbagh Upazila Health Complex",
        "opening_hours": "24/7"
      }
    },
    {
      "type": "Feature",
      "geometry": {
        "type": "Point",
        "coordinates": [
          91.8320131,
          22.3313997
        ]
      },
      "properties": {
        "amenity": "hospital",
        "name": "Menon Hospital"
      }
    },
    {
      "type": "Feature",
      "geometry": {
        "type": "Point",
        "coordinates": [
          91.8114567,
          22.3277277
        ]
      },
      "properties": {
        "addr:city": "Chittagong",
        "addr:postcode": "4100",
        "addr:street": "Agrabad access Road",
        "amenity": "hospital",
        "name": "Nawabi"
      }
    },
    {
      "type": "Feature",
      "geometry": {
        "type": "Point",
        "coordinates": [
          91.833482,
          22.3661028
        ]
      },
      "properties": {
        "addr:housenumber": "116-117",
        "amenity": "hospital",
        "emergency": "yes",
        "name": "Ekushe Hospital"
      }
    },
    {
      "type": "Feature",
      "geometry": {
        "type": "Point",
        "coordinates": [
          91.0952915,
          23.0025372
        ]
      },
      "properties": {
        "amenity": "hospital",
        "healthcare": "hospital",
        "name": "Begumganj Upazila Health Complex"
      }
    },
    {
      "type": "Feature",
      "geometry": {
        "type": "Point",
        "coordinates": [
          90.6551902,
          22.6763677
        ]
      },
      "properties": {
        "amenity": "hospital",
        "name": "Bhola General Hospital"
      }
    },
    {
      "type": "Feature",
      "geometry": {
        "type": "Point",
        "coordinates": [
          90.7192273,
          22.496529
        ]
      },
      "properties": {
        "addr:city": "Borhanuddin",
        "addr:postcode": "8320",
        "amenity": "hospital",
        "beds": "50",
        "name": "Burhanuddin Upazila Health Complex"
      }
    },
    {
      "type": "Feature",
      "geometry": {
        "type": "Point",
        "coordinates": [
          90.7628896,
          22.184
        ]
      },
      "properties": {
        "addr:city": "Charfasson",
        "addr:postcode": "8340",
        "addr:street": "Hospital Road",
        "amenity": "hospital",
        "emergency": "yes",
        "healthcare": "hospital",
        "healthcare:speciality": "general",
        "name": "Charfasson Upazila Health Complex",
        "operator": "Govornment of The People's Republic of Bangladesh",
        "operator:type": "government"
      }
    },
    {
      "type": "Feature",
      "geometry": {
        "type": "Point",
        "coordinates": [
          90.969302,
          23.0601569
        ]
      },
      "properties": {
        "amenity": "hospital",
        "name": "Chatkhil Upazila Health Complex"
      }
    },
    {
      "type": "Feature",
      "geometry": {
        "type": "Point",
        "coordinates": [
          90.4194581,
          22.1659773
        ]
      },
      "properties": {
        "amenity": "hospital",
        "name": "Galachipa Upazila Health Complex"
      }
    },
    {
      "type": "Feature",
      "geometry": {
        "type": "Point",
        "coordinates": [
          91.1416066,
          22.2881156
        ]
      },
      "properties": {
        "amenity": "hospital",
        "name": "\u09b9\u09be\u09a4\u09bf\u09af\u09bc\u09be \u0989\u09aa\u099c\u09c7\u09b2\u09be \u09b8\u09cd\u09ac\u09be\u09b8\u09cd\u09a5\u09cd\u09af \u0995\u09ae\u09aa\u09cd\u09b2\u09c7\u0995\u09cd\u09b8",
        "name:en": "Hatiya Upazila Health Complex"
      }
    },
    {
      "type": "Feature",
      "geometry": {
        "type": "Point",
        "coordinates": [
          90.8326514,
          22.9344195
        ]
      },
      "properties": {
        "amenity": "hospital",
        "name": "Lakshmipur Upazila Health Complex"
      }
    },
    {
      "type": "Feature",
      "geometry": {
        "type": "Point",
        "coordinates": [
          90.734469,
          22.3463171
        ]
      },
      "properties": {
        "amenity": "hospital",
        "name": "Lalmohan Upazila Health Complex"
      }
    },
    {
      "type": "Feature",
      "geometry": {
        "type": "Point",
        "coordinates": [
          90.9666387,
          22.2580014
        ]
      },
      "properties": {
        "amenity": "hospital",
        "name": "Manpura Upazila Health Complex"
      }
    },
    {
      "type": "Feature",
      "geometry": {
        "type": "Point",
        "coordinates": [
          90.2302356,
          22.1306405
        ]
      },
      "properties": {
        "amenity": "hospital",
        "name": "Amtali Upazila Health Complex"
      }
    },
    {
      "type": "Feature",
      "geometry": {
        "type": "Point",
        "coordinates": [
          90.1279307,
          22.1563767
        ]
      },
      "properties": {
        "amenity": "hospital",
        "name": "Barguna General Hospital"
      }
    },
    {
      "type": "Feature",
      "geometry": {
        "type": "Point",
        "coordinates": [
          90.1601989,
          22.4135824
        ]
      },
      "properties": {
        "amenity": "hospital",
        "name": "Betagi Upazila Health Complex"
      }
    },
    {
      "type": "Feature",
      "geometry": {
        "type": "Point",
        "coordinates": [
          90.0587864,
          22.489815
        ]
      },
      "properties": {
        "amenity": "hospital",
        "name": "Bhandaria Upazila Health Complex"
      }
    },
    {
      "type": "Feature",
      "geometry": {
        "type": "Point",
        "coordinates": [
          90.2177764,
          21.9877672
        ]
      },
      "properties": {
        "amenity": "hospital",
        "name": "Kalapara Upazila Health Complex"
      }
    },
    {
      "type": "Feature",
      "geometry": {
        "type": "Point",
        "coordinates": [
          89.9534843,
          22.2861
        ]
      },
      "properties": {
        "amenity": "hospital",
        "name": "Mathbaria Upazila Health Complex"
      }
    },
    {
      "type": "Feature",
      "geometry": {
        "type": "Point",
        "coordinates": [
          90.2168278,
          22.3598627
        ]
      },
      "properties": {
        "amenity": "hospital",
        "name": "Mirzaganj Upazila Health Complex"
      }
    },
    {
      "type": "Feature",
      "geometry": {
        "type": "Point",
        "coordinates": [
          89.9659097,
          22.0326459
        ]
      },
      "properties": {
        "amenity": "hospital",
        "healthcare": "hospital",
        "name": "Patharghata Upazila Health Complex",
        "name:bn": "\u09aa\u09be\u09a5\u09b0\u0998\u09be\u099f\u09be \u0989\u09aa\u099c\u09c7\u09b2\u09be \u09b8\u09cd\u09ac\u09be\u09b8\u09cd\u09a5\u09cd\u09af \u0995\u09c7\u09a8\u09cd\u09a6\u09cd\u09b0"
      }
    },
    {
      "type": "Feature",
      "geometry": {
        "type": "Point",
        "coordinates": [
          89.8501541,
          22.3128592
        ]
      },
      "properties": {
        "amenity": "hospital",
        "name": "Sharankhola Upazila Health Complex"
      }
    },
    {
      "type": "Feature",
      "geometry": {
        "type": "Point",
        "coordinates": [
          89.7885648,
          22.6679542
        ]
      },
      "properties": {
        "addr:street": "\u09ac\u09be\u0997\u09c7\u09b0\u09b9\u09be\u099f \u09b8\u09a6\u09b0 \u09b9\u09b8\u09aa\u09bf\u099f\u09be\u09b2 \u09b0\u09cb\u09a1",
        "amenity": "hospital",
        "healthcare": "hospital",
        "kids_area": "yes",
        "name": "bagerhat sadar hospital",
        "nohousenumber": "yes"
      }
    },
    {
      "type": "Feature",
      "geometry": {
        "type": "Point",
        "coordinates": [
          89.8719259,
          22.7953508
        ]
      },
      "properties": {
        "amenity": "hospital",
        "name": "Chitalmari Upazila Health Complex"
      }
    },
    {
      "type": "Feature",
      "geometry": {
        "type": "Point",
        "coordinates": [
          89.5177706,
          22.5998477
        ]
      },
      "properties": {
        "amenity": "hospital",
        "name": "Dacope Upazila Health Complex"
      }
    },
    {
      "type": "Feature",
      "geometry": {
        "type": "Point",
        "coordinates": [
          89.7005198,
          22.7775291
        ]
      },
      "properties": {
        "amenity": "hospital",
        "name": "Fakirhat Upazila Health Complex"
      }
    },
    {
      "type": "Feature",
      "geometry": {
        "type": "Point",
        "coordinates": [
          89.0248954,
          22.4639038
        ]
      },
      "properties": {
        "amenity": "hospital",
        "name": "Kaliganj Upazila Health Complex"
      }
    },
    {
      "type": "Feature",
      "geometry": {
        "type": "Point",
        "coordinates": [
          89.6175708,
          22.4732356
        ]
      },
      "properties": {
        "amenity": "hospital",
        "name": "Mangla Upazila Health Complex"
      }
    },
    {
      "type": "Feature",
      "geometry": {
        "type": "Point",
        "coordinates": [
          89.9764492,
          22.5783
        ]
      },
      "properties": {
        "amenity": "hospital",
        "name": "Pirozpur General Hospital"
      }
    },
    {
      "type": "Feature",
      "geometry": {
        "type": "Point",
        "coordinates": [
          90.1333414,
          22.5689836
        ]
      },
      "properties": {
        "amenity": "hospital",
        "name": "Rajapur Upazila Health Complex",
        "name:bn": "\u09b0\u09be\u099c\u09be\u09aa\u09c1\u09b0 \u0989\u09aa\u099c\u09c7\u09b2\u09be \u09b8\u09cd\u09ac\u09be\u09b8\u09cd\u09a5\u09cd\u09af \u0995\u09ae\u09aa\u09cd\u09b2\u09c7\u0995\u09cd\u09b8"
      }
    },
    {
      "type": "Feature",
      "geometry": {
        "type": "Point",
        "coordinates": [
          89.1026876,
          22.3439009
        ]
      },
      "properties": {
        "amenity": "hospital",
        "healthcare": "hospital",
        "name": "Shymnagar Upazila Health Complex",
        "operator": "Goverment",
        "operator:type": "government"
      }
    },
    {
      "type": "Feature",
      "geometry": {
        "type": "Point",
        "coordinates": [
          90.3706234,
          22.7088499
        ]
      },
      "properties": {
        "amenity": "hospital",
        "name": "\u09ac\u09b0\u09bf\u09b6\u09be\u09b2 \u099c\u09c7\u09a8\u09be\u09b0\u09c7\u09b2 \u09b9\u09be\u09b8\u09aa\u09be\u09a4\u09be\u09b2",
        "name:en": "Barisal General Hospital"
      }
    },
    {
      "type": "Feature",
      "geometry": {
        "type": "Point",
        "coordinates": [
          90.5278747,
          22.8266259
        ]
      },
      "properties": {
        "amenity": "hospital",
        "name": "Mehendiganj Upazila Health Complex"
      }
    },
    {
      "type": "Feature",
      "geometry": {
        "type": "Point",
        "coordinates": [
          90.2517148,
          22.8274012
        ]
      },
      "properties": {
        "amenity": "hospital",
        "email": "wazirpur@uhfo.dghs.gov.bd",
        "name": "Wazipur Upazila Health Complex",
        "name:bn": "\u0989\u099c\u09bf\u09b0\u09aa\u09c1\u09b0 \u0989\u09aa\u099c\u09c7\u09b2\u09be \u09b8\u09cd\u09ac\u09be\u09b8\u09cd\u09a5\u09cd\u09af \u0995\u09ae\u09aa\u09cd\u09b2\u09c7\u0995\u09cd\u09b8",
        "website": "http://www.health.wazirpur.barisal.gov.bd/"
      }
    },
    {
      "type": "Feature",
      "geometry": {
        "type": "Point",
        "coordinates": [
          90.4128239,
          23.7940859
        ]
      },
      "properties": {
        "amenity": "hospital",
        "healthcare": "hospital",
        "name": "Lab Aid Hospital"
      }
    },
    {
      "type": "Feature",
      "geometry": {
        "type": "Point",
        "coordinates": [
          90.1825251,
          22.9636166
        ]
      },
      "properties": {
        "amenity": "hospital",
        "name": "Agailjhara Upazila Health Complex"
      }
    },
    {
      "type": "Feature",
      "geometry": {
        "type": "Point",
        "coordinates": [
          89.5144786,
          22.7385303
        ]
      },
      "properties": {
        "amenity": "hospital",
        "name": "Batiaghata Upazila Health Complex"
      }
    },
    {
      "type": "Feature",
      "geometry": {
        "type": "Point",
        "coordinates": [
          89.4105622,
          22.8099927
        ]
      },
      "properties": {
        "amenity": "hospital",
        "name": "Dumuria Upazila Health Complex"
      }
    },
    {
      "type": "Feature",
      "geometry": {
        "type": "Point",
        "coordinates": [
          90.2267735,
          22.9629213
        ]
      },
      "properties": {
        "amenity": "hospital",
        "name": "Gournadi Upazila Health Complex"
      }
    },
    {
      "type": "Feature",
      "geometry": {
        "type": "Point",
        "coordinates": [
          89.0359397,
          22.8605568
        ]
      },
      "properties": {
        "amenity": "hospital",
        "name": "Kalaroa Upazila Health Complex"
      }
    },
    {
      "type": "Feature",
      "geometry": {
        "type": "Point",
        "coordinates": [
          90.0049273,
          22.9872531
        ]
      },
      "properties": {
        "amenity": "hospital",
        "name": "Kotalipara Upazila Health Complex"
      }
    },
    {
      "type": "Feature",
      "geometry": {
        "type": "Point",
        "coordinates": [
          89.8010799,
          22.9280408
        ]
      },
      "properties": {
        "amenity": "hospital",
        "name": "Mollahat Upazila Health Complex"
      }
    },
    {
      "type": "Feature",
      "geometry": {
        "type": "Point",
        "coordinates": [
          90.7652993,
          23.0318733
        ]
      },
      "properties": {
        "amenity": "hospital",
        "name": "Raipur Upazila Health Complex"
      }
    },
    {
      "type": "Feature",
      "geometry": {
        "type": "Point",
        "coordinates": [
          89.2591267,
          22.7524226
        ]
      },
      "properties": {
        "amenity": "hospital",
        "name": "Tala Upazila Health Complex"
      }
    },
    {
      "type": "Feature",
      "geometry": {
        "type": "Point",
        "coordinates": [
          89.6728479,
          22.9281896
        ]
      },
      "properties": {
        "amenity": "hospital",
        "healthcare": "hospital",
        "name": "Terokhada Upazila Health Complex"
      }
    },
    {
      "type": "Feature",
      "geometry": {
        "type": "Point",
        "coordinates": [
          89.517012,
          22.8981361
        ]
      },
      "properties": {
        "amenity": "hospital",
        "name": "Tuberculosis Hospital Khulna"
      }
    },
    {
      "type": "Feature",
      "geometry": {
        "type": "Point",
        "coordinates": [
          89.8890717,
          22.8938108
        ]
      },
      "properties": {
        "amenity": "hospital",
        "name": "Tungipara Upazila Health Complex"
      }
    },
    {
      "type": "Feature",
      "geometry": {
        "type": "Point",
        "coordinates": [
          89.344068,
          23.2201316
        ]
      },
      "properties": {
        "amenity": "hospital",
        "name": "Bagherpara Upazila Health Complex"
      }
    },
    {
      "type": "Feature",
      "geometry": {
        "type": "Point",
        "coordinates": [
          89.2090257,
          23.1689124
        ]
      },
      "properties": {
        "addr:city": "Jessore",
        "addr:postcode": "7400",
        "addr:street": "Ghop Nowapara Road",
        "amenity": "hospital",
        "healthcare": "hospital",
        "name": "Jessore 250 bed General Hospital",
        "wheelchair": "yes"
      }
    },
    {
      "type": "Feature",
      "geometry": {
        "type": "Point",
        "coordinates": [
          89.1090706,
          23.1052437
        ]
      },
      "properties": {
        "amenity": "hospital",
        "name": "Jhikorgacha Upazila Health Complex"
      }
    },
    {
      "type": "Feature",
      "geometry": {
        "type": "Point",
        "coordinates": [
          90.2292064,
          23.0751001
        ]
      },
      "properties": {
        "amenity": "hospital",
        "name": "Kalkini Upazila Health Complex"
      }
    },
    {
      "type": "Feature",
      "geometry": {
        "type": "Point",
        "coordinates": [
          89.2354315,
          23.0091121
        ]
      },
      "properties": {
        "amenity": "hospital",
        "name": "Manirampur Upazila Health Complex"
      }
    },
    {
      "type": "Feature",
      "geometry": {
        "type": "Point",
        "coordinates": [
          89.499297,
          23.1721885
        ]
      },
      "properties": {
        "amenity": "hospital",
        "name": "Narail General Hospital"
      }
    },
    {
      "type": "Feature",
      "geometry": {
        "type": "Point",
        "coordinates": [
          90.7418619,
          23.1333745
        ]
      },
      "properties": {
        "amenity": "hospital",
        "name": "Faridganj Upazila Health Complex"
      }
    },
    {
      "type": "Feature",
      "geometry": {
        "type": "Point",
        "coordinates": [
          89.7569937,
          23.1021398
        ]
      },
      "properties": {
        "amenity": "hospital",
        "name": "Gopinathpur Union Health Complex"
      }
    },
    {
      "type": "Feature",
      "geometry": {
        "type": "Point",
        "coordinates": [
          90.4289939,
          23.0796825
        ]
      },
      "properties": {
        "amenity": "hospital",
        "name": "Goshairhat Upazila Health Complex"
      }
    },
    {
      "type": "Feature",
      "geometry": {
        "type": "Point",
        "coordinates": [
          90.662077,
          23.0950908
        ]
      },
      "properties": {
        "amenity": "hospital",
        "healthcare": "hospital",
        "name": "Haimchar Upazila Health Complex"
      }
    },
    {
      "type": "Feature",
      "geometry": {
        "type": "Point",
        "coordinates": [
          89.718635,
          23.2423634
        ]
      },
      "properties": {
        "amenity": "hospital",
        "name": "Kashiani Upazila Health Complex"
      }
    },
    {
      "type": "Feature",
      "geometry": {
        "type": "Point",
        "coordinates": [
          89.6476117,
          23.1840993
        ]
      },
      "properties": {
        "amenity": "hospital",
        "name": "Lohagara Upazila Health Complex"
      }
    },
    {
      "type": "Feature",
      "geometry": {
        "type": "Point",
        "coordinates": [
          90.2117735,
          23.1654132
        ]
      },
      "properties": {
        "amenity": "hospital",
        "emergency": "yes",
        "healthcare": "hospital",
        "name": "Madaripur Sadar Hospital \u09ae\u09be\u09a6\u09be\u09b0\u09c0\u09aa\u09c1\u09b0 \u09b8\u09a6\u09b0 \u09b9\u09be\u09b8\u09aa\u09be\u09a4\u09be\u09b2"
      }
    },
    {
      "type": "Feature",
      "geometry": {
        "type": "Point",
        "coordinates": [
          90.0478776,
          23.2095082
        ]
      },
      "properties": {
        "amenity": "hospital",
        "name": "Rajoir Upazila Health Complex"
      }
    },
    {
      "type": "Feature",
      "geometry": {
        "type": "Point",
        "coordinates": [
          89.8721499,
          23.3192131
        ]
      },
      "properties": {
        "amenity": "hospital",
        "name": "Muksudpur Upazila Health Complex"
      }
    },
    {
      "type": "Feature",
      "geometry": {
        "type": "Point",
        "coordinates": [
          90.1705933,
          23.3431051
        ]
      },
      "properties": {
        "amenity": "hospital",
        "name": "Shibchar Upazila Health Complex"
      }
    },
    {
      "type": "Feature",
      "geometry": {
        "type": "Point",
        "coordinates": [
          89.9800209,
          23.3821523
        ]
      },
      "properties": {
        "amenity": "hospital",
        "name": "Bhanga Upazila Health Complex"
      }
    },
    {
      "type": "Feature",
      "geometry": {
        "type": "Point",
        "coordinates": [
          90.447782,
          23.1988139
        ]
      },
      "properties": {
        "amenity": "hospital",
        "name": "Bhedarganj Upazila Health Complex"
      }
    },
    {
      "type": "Feature",
      "geometry": {
        "type": "Point",
        "coordinates": [
          90.4285328,
          23.3085294
        ]
      },
      "properties": {
        "addr:city": "Shariatpur",
        "addr:housenumber": "Mulfatgonj Bazar",
        "addr:postcode": "8020",
        "addr:street": "Naria",
        "amenity": "hospital",
        "emergency": "yes",
        "healthcare": "hospital",
        "healthcare:speciality": "emergency",
        "internet_access": "yes",
        "name": "Naria Upazila Health Complex",
        "operator": "Bangladesh Government",
        "operator:type": "government"
      }
    },
    {
      "type": "Feature",
      "geometry": {
        "type": "Point",
        "coordinates": [
          89.6848321,
          23.3927365
        ]
      },
      "properties": {
        "amenity": "hospital",
        "emergency": "yes",
        "name": "Boalmari Upazila Health Complex"
      }
    },
    {
      "type": "Feature",
      "geometry": {
        "type": "Point",
        "coordinates": [
          89.142871,
          23.4033153
        ]
      },
      "properties": {
        "amenity": "hospital",
        "name": "Kaliganj Upazila Health Complex"
      }
    },
    {
      "type": "Feature",
      "geometry": {
        "type": "Point",
        "coordinates": [
          89.4217504,
          23.4863527
        ]
      },
      "properties": {
        "amenity": "hospital",
        "emergency": "yes",
        "healthcare": "hospital",
        "name": "Magura General Hospital"
      }
    },
    {
      "type": "Feature",
      "geometry": {
        "type": "Point",
        "coordinates": [
          89.0054199,
          23.411486
        ]
      },
      "properties": {
        "amenity": "hospital",
        "healthcare": "hospital",
        "name": "Kotchandpur Upazila Health Complex"
      }
    },
    {
      "type": "Feature",
      "geometry": {
        "type": "Point",
        "coordinates": [
          89.6295835,
          23.5447204
        ]
      },
      "properties": {
        "amenity": "hospital",
        "name": "Madhukhali Upazila Health Complex"
      }
    },
    {
      "type": "Feature",
      "geometry": {
        "type": "Point",
        "coordinates": [
          88.8473986,
          23.6356794
        ]
      },
      "properties": {
        "amenity": "hospital",
        "name": "Chuadanga General Hospital"
      }
    },
    {
      "type": "Feature",
      "geometry": {
        "type": "Point",
        "coordinates": [
          88.7627066,
          23.6142025
        ]
      },
      "properties": {
        "amenity": "hospital",
        "name": "Damurhuda Upazila Health Complex"
      }
    },
    {
      "type": "Feature",
      "geometry": {
        "type": "Point",
        "coordinates": [
          89.0437351,
          23.6498504
        ]
      },
      "properties": {
        "amenity": "hospital",
        "name": "Hariakunda Upazila Health Complex"
      }
    },
    {
      "type": "Feature",
      "geometry": {
        "type": "Point",
        "coordinates": [
          88.6420993,
          23.7779628
        ]
      },
      "properties": {
        "amenity": "hospital",
        "name": "Meherpur General Hospital"
      }
    },
    {
      "type": "Feature",
      "geometry": {
        "type": "Point",
        "coordinates": [
          88.7444092,
          23.8162206
        ]
      },
      "properties": {
        "amenity": "hospital",
        "healthcare": "hospital",
        "name": "Gangni Upazila Health Complex"
      }
    },
    {
      "type": "Feature",
      "geometry": {
        "type": "Point",
        "coordinates": [
          88.8731064,
          24.0006974
        ]
      },
      "properties": {
        "amenity": "hospital",
        "name": "Daulatpur Upazila Health Complex"
      }
    },
    {
      "type": "Feature",
      "geometry": {
        "type": "Point",
        "coordinates": [
          89.548978,
          23.6320113
        ]
      },
      "properties": {
        "amenity": "hospital",
        "name": "Baliakandi Upazila Health Complex"
      }
    },
    {
      "type": "Feature",
      "geometry": {
        "type": "Point",
        "coordinates": [
          89.0715238,
          24.1273814
        ]
      },
      "properties": {
        "amenity": "hospital",
        "name": "Ishwardi Upazila Health Complex"
      }
    },
    {
      "type": "Feature",
      "geometry": {
        "type": "Point",
        "coordinates": [
          89.288611,
          23.8105835
        ]
      },
      "properties": {
        "amenity": "hospital",
        "name": "Khoksha Upazila Health Complex"
      }
    },
    {
      "type": "Feature",
      "geometry": {
        "type": "Point",
        "coordinates": [
          89.2367708,
          23.8595981
        ]
      },
      "properties": {
        "amenity": "hospital",
        "name": "Kumarkhali Upazila Health Complex"
      }
    },
    {
      "type": "Feature",
      "geometry": {
        "type": "Point",
        "coordinates": [
          88.9620062,
          24.1768408
        ]
      },
      "properties": {
        "amenity": "hospital",
        "name": "Lalpur Upazila Health Complex"
      }
    },
    {
      "type": "Feature",
      "geometry": {
        "type": "Point",
        "coordinates": [
          89.425505,
          23.7909362
        ]
      },
      "properties": {
        "amenity": "hospital",
        "healthcare": "hospital",
        "name": "Pangsha Upazila Health Complex",
        "operator": "Government"
      }
    },
    {
      "type": "Feature",
      "geometry": {
        "type": "Point",
        "coordinates": [
          89.2452986,
          23.6818924
        ]
      },
      "properties": {
        "amenity": "hospital",
        "name": "Shailkupa Upazila Health Complex"
      }
    },
    {
      "type": "Feature",
      "geometry": {
        "type": "Point",
        "coordinates": [
          88.7544322,
          24.2815556
        ]
      },
      "properties": {
        "amenity": "hospital",
        "name": "Charghat Upazila Health Complex"
      }
    },
    {
      "type": "Feature",
      "geometry": {
        "type": "Point",
        "coordinates": [
          88.5820023,
          24.3767363
        ]
      },
      "properties": {
        "amenity": "hospital",
        "name": "Tuberculosis Hospital Rajshahi"
      }
    },
    {
      "type": "Feature",
      "geometry": {
        "type": "Point",
        "coordinates": [
          90.5251277,
          23.6294025
        ]
      },
      "properties": {
        "amenity": "hospital",
        "name": "Bandar Upazila Health Complex"
      }
    },
    {
      "type": "Feature",
      "geometry": {
        "type": "Point",
        "coordinates": [
          90.2901956,
          23.5501275
        ]
      },
      "properties": {
        "amenity": "hospital",
        "name": "Sreenagar Upazila Health Complex"
      }
    },
    {
      "type": "Feature",
      "geometry": {
        "type": "Point",
        "coordinates": [
          89.4095874,
          23.9386038
        ]
      },
      "properties": {
        "amenity": "hospital",
        "name": "Sujanagar Upazila Health Complex"
      }
    },
    {
      "type": "Feature",
      "geometry": {
        "type": "Point",
        "coordinates": [
          89.3911297,
          24.2189873
        ]
      },
      "properties": {
        "amenity": "hospital",
        "name": "Bhangura Upazila Health Complex"
      }
    },
    {
      "type": "Feature",
      "geometry": {
        "type": "Point",
        "coordinates": [
          89.457109,
          24.1607052
        ]
      },
      "properties": {
        "amenity": "hospital",
        "name": "FaridpurUpazila Health Complex"
      }
    },
    {
      "type": "Feature",
      "geometry": {
        "type": "Point",
        "coordinates": [
          89.2868106,
          24.2329754
        ]
      },
      "properties": {
        "amenity": "hospital",
        "name": "Chatmohar Upazila Health Complex"
      }
    },
    {
      "type": "Feature",
      "geometry": {
        "type": "Point",
        "coordinates": [
          88.3239856,
          24.4737703
        ]
      },
      "properties": {
        "amenity": "hospital",
        "name": "Godagari Upazila Health Complex"
      }
    },
    {
      "type": "Feature",
      "geometry": {
        "type": "Point",
        "coordinates": [
          88.2654598,
          24.5978494
        ]
      },
      "properties": {
        "amenity": "hospital",
        "name": "Chapai Nawabganj General Hospital"
      }
    },
    {
      "type": "Feature",
      "geometry": {
        "type": "Point",
        "coordinates": [
          88.4174943,
          24.7347879
        ]
      },
      "properties": {
        "amenity": "hospital",
        "name": "Nachole Upazila Health Complex"
      }
    },
    {
      "type": "Feature",
      "geometry": {
        "type": "Point",
        "coordinates": [
          88.1600351,
          24.6886618
        ]
      },
      "properties": {
        "amenity": "hospital",
        "name": "Shibganj Upazila Health Complex"
      }
    },
    {
      "type": "Feature",
      "geometry": {
        "type": "Point",
        "coordinates": [
          88.5748276,
          24.8309811
        ]
      },
      "properties": {
        "amenity": "hospital",
        "name": "Niamatpur Upazila Health Complex"
      }
    },
    {
      "type": "Feature",
      "geometry": {
        "type": "Point",
        "coordinates": [
          88.455204,
          25.0229353
        ]
      },
      "properties": {
        "amenity": "hospital",
        "name": "Porsha Upazila Health Complex"
      }
    },
    {
      "type": "Feature",
      "geometry": {
        "type": "Point",
        "coordinates": [
          89.6950129,
          24.3003839
        ]
      },
      "properties": {
        "amenity": "hospital",
        "name": "Belkuchi Upazila Health Complex"
      }
    },
    {
      "type": "Feature",
      "geometry": {
        "type": "Point",
        "coordinates": [
          88.8511378,
          25.1515031
        ]
      },
      "properties": {
        "amenity": "hospital",
        "healthcare": "hospital",
        "name": "Dhamoirhat Upazila Health Complex",
        "name:en": "Dhamoirhat Upazila Health Complex"
      }
    },
    {
      "type": "Feature",
      "geometry": {
        "type": "Point",
        "coordinates": [
          88.9381037,
          24.8232289
        ]
      },
      "properties": {
        "amenity": "hospital",
        "emergency": "yes",
        "healthcare": "hospital",
        "name": "Naogaon General Hospital"
      }
    },
    {
      "type": "Feature",
      "geometry": {
        "type": "Point",
        "coordinates": [
          88.7555694,
          25.0492086
        ]
      },
      "properties": {
        "amenity": "hospital",
        "healthcare": "hospital",
        "name": "Patnitola Upazila Health Complex",
        "name:en": "Patnitola Upazila Health Complex"
      }
    },
    {
      "type": "Feature",
      "geometry": {
        "type": "Point",
        "coordinates": [
          88.9607748,
          24.742842
        ]
      },
      "properties": {
        "amenity": "hospital",
        "name": "Raninagar Upazila Health Complex"
      }
    },
    {
      "type": "Feature",
      "geometry": {
        "type": "Point",
        "coordinates": [
          89.1461038,
          24.5135663
        ]
      },
      "properties": {
        "amenity": "hospital",
        "name": "Singra Upazila Health Complex"
      }
    },
    {
      "type": "Feature",
      "geometry": {
        "type": "Point",
        "coordinates": [
          88.5749801,
          24.5758157
        ]
      },
      "properties": {
        "amenity": "hospital",
        "name": "Tanore Upazila Health Complex"
      }
    },
    {
      "type": "Feature",
      "geometry": {
        "type": "Point",
        "coordinates": [
          89.042542,
          25.0954903
        ]
      },
      "properties": {
        "amenity": "hospital",
        "healthcare": "hospital",
        "name": "Joypurhat General Hospital",
        "name:en": "Joypurhat General Hospital"
      }
    },
    {
      "type": "Feature",
      "geometry": {
        "type": "Point",
        "coordinates": [
          89.0124068,
          25.2866264
        ]
      },
      "properties": {
        "amenity": "hospital",
        "healthcare": "hospital",
        "name": "Hakimpur Upazila Health Complex",
        "name:en": "Hakimpur Upazila Health Complex"
      }
    },
    {
      "type": "Feature",
      "geometry": {
        "type": "Point",
        "coordinates": [
          89.0414077,
          25.1946879
        ]
      },
      "properties": {
        "amenity": "hospital",
        "name": "Panchbibi Upazila Health Complex"
      }
    },
    {
      "type": "Feature",
      "geometry": {
        "type": "Point",
        "coordinates": [
          89.0442439,
          24.8219949
        ]
      },
      "properties": {
        "amenity": "hospital",
        "name": "Adamdighi Upazila Health Complex"
      }
    },
    {
      "type": "Feature",
      "geometry": {
        "type": "Point",
        "coordinates": [
          89.0225946,
          24.9673039
        ]
      },
      "properties": {
        "amenity": "hospital",
        "name": "Akkelpur Upazila Health Complex"
      }
    },
    {
      "type": "Feature",
      "geometry": {
        "type": "Point",
        "coordinates": [
          89.5482098,
          24.0536652
        ]
      },
      "properties": {
        "amenity": "hospital",
        "name": "Sathiya Upazila Health Complex"
      }
    },
    {
      "type": "Feature",
      "geometry": {
        "type": "Point",
        "coordinates": [
          89.7110436,
          24.4586368
        ]
      },
      "properties": {
        "amenity": "hospital",
        "healthcare": "hospital",
        "name": "Sirajganj General Hospital"
      }
    },
    {
      "type": "Feature",
      "geometry": {
        "type": "Point",
        "coordinates": [
          89.1717127,
          24.8758068
        ]
      },
      "properties": {
        "amenity": "hospital",
        "name": "Dupchachia Upazila Health Complex"
      }
    },
    {
      "type": "Feature",
      "geometry": {
        "type": "Point",
        "coordinates": [
          89.8381585,
          23.6062639
        ]
      },
      "properties": {
        "amenity": "hospital",
        "check_date": "2024-04-26",
        "healthcare": "hospital",
        "wikidata": "Q133807635"
      }
    },
    {
      "type": "Feature",
      "geometry": {
        "type": "Point",
        "coordinates": [
          89.835914,
          23.5893522
        ]
      },
      "properties": {
        "amenity": "hospital",
        "name": "Faridpur Medical College Hospital"
      }
    },
    {
      "type": "Feature",
      "geometry": {
        "type": "Point",
        "coordinates": [
          89.7466981,
          23.7240229
        ]
      },
      "properties": {
        "amenity": "hospital",
        "name": "Goalanda Upazila Health Complex"
      }
    },
    {
      "type": "Feature",
      "geometry": {
        "type": "Point",
        "coordinates": [
          89.9756,
          23.7422154
        ]
      },
      "properties": {
        "amenity": "hospital",
        "name": "Harirampur Upazila Health Complex"
      }
    },
    {
      "type": "Feature",
      "geometry": {
        "type": "Point",
        "coordinates": [
          89.6476795,
          23.7499925
        ]
      },
      "properties": {
        "amenity": "hospital",
        "emergency": "yes",
        "healthcare": "hospital",
        "name": "Rajbari General Hospital"
      }
    },
    {
      "type": "Feature",
      "geometry": {
        "type": "Point",
        "coordinates": [
          88.9482671,
          25.5021795
        ]
      },
      "properties": {
        "amenity": "hospital",
        "name": "Phulbari Upazila Health Complex"
      }
    },
    {
      "type": "Feature",
      "geometry": {
        "type": "Point",
        "coordinates": [
          89.0818059,
          25.4186693
        ]
      },
      "properties": {
        "amenity": "hospital",
        "name": "Nawabganj Upazila Health Complex"
      }
    },
    {
      "type": "Feature",
      "geometry": {
        "type": "Point",
        "coordinates": [
          89.3157235,
          25.0060446
        ]
      },
      "properties": {
        "amenity": "hospital",
        "name": "Shibganj Upazila Health Complex"
      }
    },
    {
      "type": "Feature",
      "geometry": {
        "type": "Point",
        "coordinates": [
          90.0005109,
          23.869257
        ]
      },
      "properties": {
        "amenity": "hospital",
        "name": "Manikganj General Hospital"
      }
    },
    {
      "type": "Feature",
      "geometry": {
        "type": "Point",
        "coordinates": [
          90.035345,
          23.9684567
        ]
      },
      "properties": {
        "amenity": "hospital",
        "name": "Saturia Upazila Health Complex"
      }
    },
    {
      "type": "Feature",
      "geometry": {
        "type": "Point",
        "coordinates": [
          89.966907,
          24.163777
        ]
      },
      "properties": {
        "amenity": "hospital",
        "name": "Delduar Upazila Health Complex"
      }
    },
    {
      "type": "Feature",
      "geometry": {
        "type": "Point",
        "coordinates": [
          89.9905506,
          24.3899051
        ]
      },
      "properties": {
        "amenity": "hospital",
        "name": "Kalihati Upazila Health Complex"
      }
    },
    {
      "type": "Feature",
      "geometry": {
        "type": "Point",
        "coordinates": [
          88.5573101,
          26.3392356
        ]
      },
      "properties": {
        "amenity": "hospital",
        "name": "Panchagarh General Hospital"
      }
    },
    {
      "type": "Feature",
      "geometry": {
        "type": "Point",
        "coordinates": [
          88.4088819,
          26.2370487
        ]
      },
      "properties": {
        "amenity": "hospital",
        "name": "Atwari Upazila Health Complex"
      }
    },
    {
      "type": "Feature",
      "geometry": {
        "type": "Point",
        "coordinates": [
          88.5532585,
          26.2034807
        ]
      },
      "properties": {
        "amenity": "hospital",
        "name": "Boda Upazila Health Complex"
      }
    },
    {
      "type": "Feature",
      "geometry": {
        "type": "Point",
        "coordinates": [
          88.4758423,
          26.0305929
        ]
      },
      "properties": {
        "amenity": "hospital",
        "name": "Thakurgaon General Hospital"
      }
    },
    {
      "type": "Feature",
      "geometry": {
        "type": "Point",
        "coordinates": [
          88.6371367,
          25.6256582
        ]
      },
      "properties": {
        "amenity": "hospital",
        "name": "Dinajpur General Hospital"
      }
    },
    {
      "type": "Feature",
      "geometry": {
        "type": "Point",
        "coordinates": [
          88.606676,
          25.7937281
        ]
      },
      "properties": {
        "amenity": "hospital",
        "name": "Kaharole Upazila Health Complex"
      }
    },
    {
      "type": "Feature",
      "geometry": {
        "type": "Point",
        "coordinates": [
          89.0128047,
          25.8994086
        ]
      },
      "properties": {
        "amenity": "hospital",
        "name": "\u0995\u09bf\u09b6\u09cb\u09b0\u0997\u099e\u09cd\u099c \u0989\u09aa\u099c\u09c7\u09b2\u09be \u09b8\u09cd\u09ac\u09be\u09b8\u09cd\u09a5\u09cd\u09af \u0995\u09ae\u09aa\u09cd\u09b2\u09c7\u0995\u09cd\u09b8",
        "name:en": "Kishoreganj Upazila Health Complex"
      }
    },
    {
      "type": "Feature",
      "geometry": {
        "type": "Point",
        "coordinates": [
          88.8453772,
          25.9306735
        ]
      },
      "properties": {
        "amenity": "hospital",
        "name": "Nilphamari General Hospital"
      }
    },
    {
      "type": "Feature",
      "geometry": {
        "type": "Point",
        "coordinates": [
          88.7560236,
          26.1162244
        ]
      },
      "properties": {
        "amenity": "hospital",
        "name": "Debiganj Upazila Health Complex"
      }
    },
    {
      "type": "Feature",
      "geometry": {
        "type": "Point",
        "coordinates": [
          89.8215542,
          23.8465191
        ]
      },
      "properties": {
        "amenity": "hospital",
        "name": "Shibalaya Upazila Health Complex"
      }
    },
    {
      "type": "Feature",
      "geometry": {
        "type": "Point",
        "coordinates": [
          90.7830709,
          23.5295846
        ]
      },
      "properties": {
        "amenity": "hospital",
        "name": "Daudkandi Upazila Health Complex"
      }
    },
    {
      "type": "Feature",
      "geometry": {
        "type": "Point",
        "coordinates": [
          90.6529191,
          23.5529684
        ]
      },
      "properties": {
        "amenity": "hospital",
        "name": "Gazaria Upazila Health Complex"
      }
    },
    {
      "type": "Feature",
      "geometry": {
        "type": "Point",
        "coordinates": [
          90.3876349,
          23.5499681
        ]
      },
      "properties": {
        "amenity": "hospital",
        "name": "Sirajdikhan Upazila Health Complex"
      }
    },
    {
      "type": "Feature",
      "geometry": {
        "type": "Point",
        "coordinates": [
          90.7040842,
          23.3478544
        ]
      },
      "properties": {
        "amenity": "hospital",
        "name": "Matlab Upazila Health Complex"
      }
    },
    {
      "type": "Feature",
      "geometry": {
        "type": "Point",
        "coordinates": [
          90.8738416,
          23.2502563
        ]
      },
      "properties": {
        "amenity": "hospital",
        "name": "Hajiganj Upazila Health Complex"
      }
    },
    {
      "type": "Feature",
      "geometry": {
        "type": "Point",
        "coordinates": [
          90.9492877,
          23.22802
        ]
      },
      "properties": {
        "amenity": "hospital",
        "name": "Shahrasti Upazila Health Complex"
      }
    },
    {
      "type": "Feature",
      "geometry": {
        "type": "Point",
        "coordinates": [
          90.8907656,
          23.3409069
        ]
      },
      "properties": {
        "amenity": "hospital",
        "name": "Kachua Upazila Health Complex"
      }
    },
    {
      "type": "Feature",
      "geometry": {
        "type": "Point",
        "coordinates": [
          91.0589789,
          23.3765251
        ]
      },
      "properties": {
        "amenity": "hospital",
        "healthcare": "hospital",
        "name": "Barura Upazila Health Complex"
      }
    },
    {
      "type": "Feature",
      "geometry": {
        "type": "Point",
        "coordinates": [
          91.1177264,
          23.2339429
        ]
      },
      "properties": {
        "amenity": "hospital",
        "healthcare": "hospital",
        "name": "Laksham Upazila Health Complex"
      }
    },
    {
      "type": "Feature",
      "geometry": {
        "type": "Point",
        "coordinates": [
          91.1989327,
          23.1715795
        ]
      },
      "properties": {
        "amenity": "hospital",
        "healthcare": "hospital",
        "name": "\u09a8\u09be\u0999\u09b2\u0995\u09cb\u099f \u0989\u09aa\u099c\u09c7\u09b2\u09be \u09b8\u09cd\u09ac\u09be\u09b8\u09cd\u09a5\u09cd\u09af \u0995\u09ae\u09aa\u09cd\u09b2\u09c7\u0995\u09cd\u09b8",
        "name:en": "Nangolkot Upazila Health Complex"
      }
    },
    {
      "type": "Feature",
      "geometry": {
        "type": "Point",
        "coordinates": [
          91.8753994,
          23.0395169
        ]
      },
      "properties": {
        "amenity": "hospital",
        "name": "Matiranga Upazila Health Complex"
      }
    },
    {
      "type": "Feature",
      "geometry": {
        "type": "Point",
        "coordinates": [
          91.9927821,
          23.1080103
        ]
      },
      "properties": {
        "amenity": "hospital",
        "name": "Khagrachari General Hospital"
      }
    },
    {
      "type": "Feature",
      "geometry": {
        "type": "Point",
        "coordinates": [
          92.0658016,
          23.2495549
        ]
      },
      "properties": {
        "amenity": "hospital",
        "name": "Dighinala Upazila Health Complex"
      }
    },
    {
      "type": "Feature",
      "geometry": {
        "type": "Point",
        "coordinates": [
          91.8999107,
          23.2972126
        ]
      },
      "properties": {
        "amenity": "hospital",
        "name": "Panchari Upazila Health Complex"
      }
    },
    {
      "type": "Feature",
      "geometry": {
        "type": "Point",
        "coordinates": [
          90.9676658,
          23.8862864
        ]
      },
      "properties": {
        "amenity": "hospital",
        "name": "Nabinagar Upazila Health Complex"
      }
    },
    {
      "type": "Feature",
      "geometry": {
        "type": "Point",
        "coordinates": [
          91.8027234,
          22.3288889
        ]
      },
      "properties": {
        "amenity": "hospital",
        "name": "Agrabad Eye Hospital"
      }
    },
    {
      "type": "Feature",
      "geometry": {
        "type": "Point",
        "coordinates": [
          90.1832214,
          24.9672892
        ]
      },
      "properties": {
        "amenity": "hospital",
        "name": "Nakla Upazilla Health Complex"
      }
    },
    {
      "type": "Feature",
      "geometry": {
        "type": "Point",
        "coordinates": [
          91.9705669,
          22.2996376
        ]
      },
      "properties": {
        "amenity": "hospital",
        "name": "Patiya Upazila Health Complex"
      }
    },
    {
      "type": "Feature",
      "geometry": {
        "type": "Point",
        "coordinates": [
          92.074861,
          21.7619198
        ]
      },
      "properties": {
        "amenity": "hospital",
        "name": "Chakaria Upazila Health Complex"
      }
    },
    {
      "type": "Feature",
      "geometry": {
        "type": "Point",
        "coordinates": [
          89.5066191,
          23.1732251
        ]
      },
      "properties": {
        "amenity": "hospital",
        "healthcare": "hospital",
        "name": "Narail Upazilla Office Complex"
      }
    },
    {
      "type": "Feature",
      "geometry": {
        "type": "Point",
        "coordinates": [
          91.8661393,
          22.4179164
        ]
      },
      "properties": {
        "addr:housename": "Nojumia hat,Kaptai Road,Chittagong",
        "amenity": "hospital",
        "name": "The fair lab"
      }
    },
    {
      "type": "Feature",
      "geometry": {
        "type": "Point",
        "coordinates": [
          89.3210623,
          23.9676211
        ]
      },
      "properties": {
        "amenity": "hospital",
        "name": "ASEAB Health Clinic"
      }
    },
    {
      "type": "Feature",
      "geometry": {
        "type": "Point",
        "coordinates": [
          91.1793856,
          23.4619904
        ]
      },
      "properties": {
        "amenity": "hospital",
        "emergency": "yes",
        "name": "CD PATH"
      }
    },
    {
      "type": "Feature",
      "geometry": {
        "type": "Point",
        "coordinates": [
          88.638255,
          25.6266021
        ]
      },
      "properties": {
        "amenity": "hospital",
        "name": "Institute of Nuclear Medicine and Allied Sciences"
      }
    },
    {
      "type": "Feature",
      "geometry": {
        "type": "Point",
        "coordinates": [
          91.1806023,
          23.4585048
        ]
      },
      "properties": {
        "addr:city": "Comilla",
        "addr:postcode": "3500",
        "addr:street": "Comilla - Laksam Rd",
        "amenity": "hospital",
        "name": "Midland Hospital"
      }
    },
    {
      "type": "Feature",
      "geometry": {
        "type": "Point",
        "coordinates": [
          89.3571877,
          24.8836681
        ]
      },
      "properties": {
        "amenity": "hospital",
        "name": "Bogra Diabetic Hospital"
      }
    },
    {
      "type": "Feature",
      "geometry": {
        "type": "Point",
        "coordinates": [
          90.4026119,
          23.7166403
        ]
      },
      "properties": {
        "amenity": "clinic"
      }
    },
    {
      "type": "Feature",
      "geometry": {
        "type": "Point",
        "coordinates": [
          89.7096693,
          24.4537651
        ]
      },
      "properties": {
        "amenity": "hospital"
      }
    },
    {
      "type": "Feature",
      "geometry": {
        "type": "Point",
        "coordinates": [
          91.8349368,
          22.3596798
        ]
      },
      "properties": {
        "amenity": "hospital",
        "name": "Ma Moni Hospital"
      }
    },
    {
      "type": "Feature",
      "geometry": {
        "type": "Point",
        "coordinates": [
          91.8524369,
          22.3602517
        ]
      },
      "properties": {
        "amenity": "hospital",
        "name": "Orin Dental Care"
      }
    },
    {
      "type": "Feature",
      "geometry": {
        "type": "Point",
        "coordinates": [
          91.8339182,
          22.3461643
        ]
      },
      "properties": {
        "amenity": "hospital",
        "name": "Sensive Diagnostics Center"
      }
    },
    {
      "type": "Feature",
      "geometry": {
        "type": "Point",
        "coordinates": [
          91.8340144,
          22.3446545
        ]
      },
      "properties": {
        "amenity": "hospital",
        "name": "Bellevue Diagnostic Center"
      }
    },
    {
      "type": "Feature",
      "geometry": {
        "type": "Point",
        "coordinates": [
          91.8335531,
          22.3446669
        ]
      },
      "properties": {
        "amenity": "hospital",
        "name": "Lab one diagnostic center"
      }
    },
    {
      "type": "Feature",
      "geometry": {
        "type": "Point",
        "coordinates": [
          91.8329767,
          22.3439671
        ]
      },
      "properties": {
        "amenity": "hospital",
        "name": "Bangladesh Diabetic Foot Saving Centre"
      }
    },
    {
      "type": "Feature",
      "geometry": {
        "type": "Point",
        "coordinates": [
          91.4433542,
          24.9218234
        ]
      },
      "properties": {
        "amenity": "hospital",
        "name": "Khaled General Hospital"
      }
    },
    {
      "type": "Feature",
      "geometry": {
        "type": "Point",
        "coordinates": [
          90.4041091,
          23.8691562
        ]
      },
      "properties": {
        "addr:city": "Dhaka",
        "addr:housenumber": "House 24",
        "addr:postcode": "1230",
        "addr:street": "Road 13, Sector 6, Uttara Model Town",
        "amenity": "hospital",
        "name": "Uttara Community Hospital",
        "note": "House no: 24, Road no: 13, Sector: 06, Uttara, Dhaka-1230 info@uchlbd.com \ufeffTel Phone: 8951475 Mobile: 01924-752988, 01962-407044",
        "phone": "+88028951475, +8801924752988, +8801962407044",
        "source": "http://ds24editor.wix.com/uchl",
        "website": "http://ds24editor.wix.com/uchl"
      }
    },
    {
      "type": "Feature",
      "geometry": {
        "type": "Point",
        "coordinates": [
          89.2024068,
          23.1488347
        ]
      },
      "properties": {
        "amenity": "clinic",
        "name": "PKS Clinic"
      }
    },
    {
      "type": "Feature",
      "geometry": {
        "type": "Point",
        "coordinates": [
          89.9171926,
          24.2537174
        ]
      },
      "properties": {
        "amenity": "hospital",
        "name": "Doctors Clinic"
      }
    },
    {
      "type": "Feature",
      "geometry": {
        "type": "Point",
        "coordinates": [
          89.9223291,
          24.271815
        ]
      },
      "properties": {
        "amenity": "hospital",
        "name": "Shapla Clinic"
      }
    },
    {
      "type": "Feature",
      "geometry": {
        "type": "Point",
        "coordinates": [
          89.1917141,
          23.5417661
        ]
      },
      "properties": {
        "amenity": "hospital",
        "name": "Jhenaidah Eye Hospital"
      }
    },
    {
      "type": "Feature",
      "geometry": {
        "type": "Point",
        "coordinates": [
          89.5033818,
          23.1737359
        ]
      },
      "properties": {
        "amenity": "hospital",
        "name": "Surjer Hashi Clinic"
      }
    },
    {
      "type": "Feature",
      "geometry": {
        "type": "Point",
        "coordinates": [
          89.4254447,
          23.3112773
        ]
      },
      "properties": {
        "amenity": "hospital",
        "name": "Bunagati High School"
      }
    },
    {
      "type": "Feature",
      "geometry": {
        "type": "Point",
        "coordinates": [
          91.3975738,
          23.0129351
        ]
      },
      "properties": {
        "amenity": "hospital",
        "healthcare": "hospital",
        "name": "Feni Diabetic Hospital"
      }
    },
    {
      "type": "Feature",
      "geometry": {
        "type": "Point",
        "coordinates": [
          91.0067378,
          23.485957
        ]
      },
      "properties": {
        "amenity": "hospital",
        "name": "Chandina General Hospital"
      }
    },
    {
      "type": "Feature",
      "geometry": {
        "type": "Point",
        "coordinates": [
          89.916475,
          24.6140873
        ]
      },
      "properties": {
        "amenity": "hospital",
        "name": "Nagda Shimla Health Center"
      }
    },
    {
      "type": "Feature",
      "geometry": {
        "type": "Point",
        "coordinates": [
          91.7954382,
          22.6365843
        ]
      },
      "properties": {
        "amenity": "hospital",
        "name": "Nazirhat Upazila Health  Complex",
        "name:bn": "\u09a8\u09be\u099c\u09bf\u09b0\u09b9\u09be\u099f \u0989\u09aa\u099c\u09c7\u09b2\u09be \u09b8\u09cd\u09ac\u09be\u09b8\u09cd\u09a5\u09cd\u09af \u0995\u09ae\u09aa\u09cd\u09b2\u09c7\u0995\u09cd\u09b8"
      }
    },
    {
      "type": "Feature",
      "geometry": {
        "type": "Point",
        "coordinates": [
          91.8411782,
          22.8501899
        ]
      },
      "properties": {
        "amenity": "hospital",
        "name": "Manikchari Upazila Health Complex"
      }
    },
    {
      "type": "Feature",
      "geometry": {
        "type": "Point",
        "coordinates": [
          92.3119346,
          21.6523607
        ]
      },
      "properties": {
        "amenity": "hospital",
        "name": "Alikadam Upazila Health Complex"
      }
    },
    {
      "type": "Feature",
      "geometry": {
        "type": "Point",
        "coordinates": [
          92.0772639,
          21.6817229
        ]
      },
      "properties": {
        "amenity": "hospital",
        "check_date": "2024-04-06",
        "name": "Christian Memorial Hospital"
      }
    },
    {
      "type": "Feature",
      "geometry": {
        "type": "Point",
        "coordinates": [
          90.0606137,
          22.6215399
        ]
      },
      "properties": {
        "amenity": "clinic",
        "name": "\u09ae\u09be \u0995\u09cd\u09b2\u09bf\u09a8\u09bf\u0995",
        "name:en": "Ma Clinic"
      }
    },
    {
      "type": "Feature",
      "geometry": {
        "type": "Point",
        "coordinates": [
          90.0594073,
          22.6286147
        ]
      },
      "properties": {
        "amenity": "clinic",
        "name": "\u09ae\u09c1\u0995\u09cd\u09a4\u09bf \u0995\u09cd\u09b2\u09bf\u09a8\u09bf\u0995",
        "name:en": "Mukti Clinic"
      }
    },
    {
      "type": "Feature",
      "geometry": {
        "type": "Point",
        "coordinates": [
          90.3865056,
          23.7989706
        ]
      },
      "properties": {
        "amenity": "hospital",
        "name": "MARKS HOSPITAL"
      }
    },
    {
      "type": "Feature",
      "geometry": {
        "type": "Point",
        "coordinates": [
          89.9126986,
          24.5921412
        ]
      },
      "properties": {
        "amenity": "hospital",
        "name": "Chatila Sub Health Center"
      }
    },
    {
      "type": "Feature",
      "geometry": {
        "type": "Point",
        "coordinates": [
          90.3766464,
          23.8941807
        ]
      },
      "properties": {
        "amenity": "hospital",
        "name": "East West Medical College and Hospital"
      }
    },
    {
      "type": "Feature",
      "geometry": {
        "type": "Point",
        "coordinates": [
          90.4101087,
          23.780555
        ]
      },
      "properties": {
        "addr:city": "Dhaka",
        "addr:housenumber": "28/8/B, 15th Floor",
        "addr:postcode": "1200",
        "addr:street": "Bir Uttam A. K. Khandakar Road",
        "amenity": "hospital",
        "name": "Life Care"
      }
    },
    {
      "type": "Feature",
      "geometry": {
        "type": "Point",
        "coordinates": [
          90.4087339,
          23.7762603
        ]
      },
      "properties": {
        "amenity": "hospital",
        "healthcare": "hospital",
        "name": "National Institute of Diseases of the Chest & Hospital"
      }
    },
    {
      "type": "Feature",
      "geometry": {
        "type": "Point",
        "coordinates": [
          90.3900863,
          23.7592083
        ]
      },
      "properties": {
        "amenity": "hospital",
        "healthcare": "hospital",
        "name": "Al Razi Hospital (Ext)"
      }
    },
    {
      "type": "Feature",
      "geometry": {
        "type": "Point",
        "coordinates": [
          90.3903864,
          23.7586584
        ]
      },
      "properties": {
        "amenity": "hospital",
        "healthcare": "hospital",
        "name": "Al Fateh Diagnostics"
      }
    },
    {
      "type": "Feature",
      "geometry": {
        "type": "Point",
        "coordinates": [
          90.3942607,
          23.7391216
        ]
      },
      "properties": {
        "amenity": "hospital",
        "healthcare": "hospital",
        "name": "Institute of Nuclear Medicine"
      }
    },
    {
      "type": "Feature",
      "geometry": {
        "type": "Point",
        "coordinates": [
          90.3953693,
          23.7396737
        ]
      },
      "properties": {
        "amenity": "hospital",
        "name": "Cabin Block"
      }
    },
    {
      "type": "Feature",
      "geometry": {
        "type": "Point",
        "coordinates": [
          90.4072651,
          23.7302625
        ]
      },
      "properties": {
        "amenity": "hospital",
        "name": "Free Friday Clinic"
      }
    },
    {
      "type": "Feature",
      "geometry": {
        "type": "Point",
        "coordinates": [
          89.2746865,
          26.0244404
        ]
      },
      "properties": {
        "amenity": "clinic"
      }
    },
    {
      "type": "Feature",
      "geometry": {
        "type": "Point",
        "coordinates": [
          89.289505,
          26.0139741
        ]
      },
      "properties": {
        "amenity": "clinic",
        "name": "Community Clinic"
      }
    },
    {
      "type": "Feature",
      "geometry": {
        "type": "Point",
        "coordinates": [
          89.2689091,
          26.0264424
        ]
      },
      "properties": {
        "amenity": "clinic"
      }
    },
    {
      "type": "Feature",
      "geometry": {
        "type": "Point",
        "coordinates": [
          89.5235379,
          22.8379414
        ]
      },
      "properties": {
        "addr:city": "Khulna",
        "addr:postcode": "9000",
        "addr:street": "Royermahal School Cross Road",
        "amenity": "clinic",
        "name": "Community Clinic, Ward no 14",
        "opening_hours": "10:00-17:00"
      }
    },
    {
      "type": "Feature",
      "geometry": {
        "type": "Point",
        "coordinates": [
          90.4081926,
          23.8845564
        ]
      },
      "properties": {
        "amenity": "clinic"
      }
    },
    {
      "type": "Feature",
      "geometry": {
        "type": "Point",
        "coordinates": [
          90.410826,
          23.7735858
        ]
      },
      "properties": {
        "amenity": "hospital"
      }
    },
    {
      "type": "Feature",
      "geometry": {
        "type": "Point",
        "coordinates": [
          90.4099113,
          23.7739208
        ]
      },
      "properties": {
        "addr:city": "Dhaka",
        "addr:postcode": "1212",
        "amenity": "hospital",
        "emergency": "no",
        "name": "TB Hospital"
      }
    },
    {
      "type": "Feature",
      "geometry": {
        "type": "Point",
        "coordinates": [
          90.3682255,
          23.7377383
        ]
      },
      "properties": {
        "amenity": "clinic",
        "name": "MSF Occupational Health Clinic",
        "operator": "Medecins Sans Frontieres"
      }
    },
    {
      "type": "Feature",
      "geometry": {
        "type": "Point",
        "coordinates": [
          90.3808215,
          23.7155564
        ]
      },
      "properties": {
        "amenity": "hospital",
        "health_facility_type": "health_centre",
        "name": "Manobic Heath Center",
        "operator": "Manobig Oganijation"
      }
    },
    {
      "type": "Feature",
      "geometry": {
        "type": "Point",
        "coordinates": [
          90.3234324,
          23.7291782
        ]
      },
      "properties": {
        "amenity": "hospital",
        "name": "Upazila Health Complex",
        "operator": "Govt",
        "source": "Esri, Survey"
      }
    },
    {
      "type": "Feature",
      "geometry": {
        "type": "Point",
        "coordinates": [
          90.364126,
          23.738603
        ]
      },
      "properties": {
        "amenity": "clinic",
        "healthcare": "clinic",
        "name": "Surjer Hasi Clinic",
        "operator": "comunity clinic"
      }
    },
    {
      "type": "Feature",
      "geometry": {
        "type": "Point",
        "coordinates": [
          90.3340594,
          23.7299525
        ]
      },
      "properties": {
        "amenity": "hospital",
        "name": "Bresba Medical Services LTD.",
        "source": "Esri, Survey"
      }
    },
    {
      "type": "Feature",
      "geometry": {
        "type": "Point",
        "coordinates": [
          90.3333249,
          23.7303012
        ]
      },
      "properties": {
        "amenity": "hospital",
        "name": "Ati Bazar Central Hospital",
        "source": "Esri, Survey"
      }
    },
    {
      "type": "Feature",
      "geometry": {
        "type": "Point",
        "coordinates": [
          90.3675051,
          23.7100254
        ]
      },
      "properties": {
        "amenity": "hospital",
        "name": "Riverside Hospital",
        "note": "Huzurpara"
      }
    },
    {
      "type": "Feature",
      "geometry": {
        "type": "Point",
        "coordinates": [
          90.3578648,
          23.7302739
        ]
      },
      "properties": {
        "amenity": "hospital",
        "name": "Life & Care Hospital",
        "note": "kamrangir Chor"
      }
    },
    {
      "type": "Feature",
      "geometry": {
        "type": "Point",
        "coordinates": [
          90.3837699,
          23.7102091
        ]
      },
      "properties": {
        "amenity": "clinic",
        "name": "\u09ac\u09cd\u09b0\u09cd\u09af\u09be\u0995 \u09aa\u09cd\u09b0\u09b8\u09ac \u0995\u09c7\u09a8\u09cd\u09a6\u09cd\u09b0",
        "name:en": "Brac delivery center",
        "note": "Maternity service",
        "office": "ngo",
        "operator": "BRAC",
        "source": "Esri, Survey"
      }
    },
    {
      "type": "Feature",
      "geometry": {
        "type": "Point",
        "coordinates": [
          90.3712969,
          23.7137286
        ]
      },
      "properties": {
        "amenity": "clinic",
        "name": "\u09b8\u09b0\u0995\u09be\u09b0\u09bf \u09a6\u09bf\u09ac\u09be\u09af\u09a4\u09cd\u09a8 \u0995\u09c7\u09a8\u09cd\u09a6\u09cd\u09b0",
        "name:en": "Government Day Care Center"
      }
    },
    {
      "type": "Feature",
      "geometry": {
        "type": "Point",
        "coordinates": [
          90.3750454,
          23.7395453
        ]
      },
      "properties": {
        "amenity": "hospital",
        "name": "Japan Bangladesh Friendship Hospital"
      }
    },
    {
      "type": "Feature",
      "geometry": {
        "type": "Point",
        "coordinates": [
          90.3587459,
          23.740944
        ]
      },
      "properties": {
        "amenity": "hospital",
        "name": "Sikder Medical College Hospital"
      }
    },
    {
      "type": "Feature",
      "geometry": {
        "type": "Point",
        "coordinates": [
          90.3602519,
          23.7437864
        ]
      },
      "properties": {
        "amenity": "hospital",
        "name": "Bangladesh Eye trust Hospital"
      }
    },
    {
      "type": "Feature",
      "geometry": {
        "type": "Point",
        "coordinates": [
          90.3625365,
          23.7454685
        ]
      },
      "properties": {
        "alt_name": "Nogoor Shashtokendro",
        "amenity": "hospital",
        "health_facility:type": "health center",
        "name": "Urban Primary Health Care Center",
        "operator": "Meri Stopes"
      }
    },
    {
      "type": "Feature",
      "geometry": {
        "type": "Point",
        "coordinates": [
          90.3619785,
          23.7393008
        ]
      },
      "properties": {
        "amenity": "clinic",
        "name": "Marie Stopes Clinic",
        "operator": "Marie Stopes"
      }
    },
    {
      "type": "Feature",
      "geometry": {
        "type": "Point",
        "coordinates": [
          90.3619675,
          23.7393899
        ]
      },
      "properties": {
        "amenity": "clinic",
        "name": "BRAC Delivery Centre"
      }
    },
    {
      "type": "Feature",
      "geometry": {
        "type": "Point",
        "coordinates": [
          90.3703427,
          23.7458503
        ]
      },
      "properties": {
        "amenity": "hospital",
        "name": "Naz-E-Noor Hospital"
      }
    },
    {
      "type": "Feature",
      "geometry": {
        "type": "Point",
        "coordinates": [
          90.3649071,
          23.7354986
        ]
      },
      "properties": {
        "amenity": "clinic",
        "name": "CWAP Clinic"
      }
    },
    {
      "type": "Feature",
      "geometry": {
        "type": "Point",
        "coordinates": [
          89.5457201,
          22.8175849
        ]
      },
      "properties": {
        "addr:city": "Khulna",
        "addr:street": "Majid Sarani",
        "amenity": "hospital",
        "emergency": "yes",
        "healthcare": "hospital",
        "healthcare:speciality": "general;gynaecology;ophthalmology;paediatrics;orthopaedics;dermatology;surgery;urology;dentist",
        "name": "Gazi Medical College and Hospital",
        "operator": "Dr. Gazi Mizanur Rahman"
      }
    },
    {
      "type": "Feature",
      "geometry": {
        "type": "Point",
        "coordinates": [
          89.6721271,
          24.3193097
        ]
      },
      "properties": {
        "amenity": "hospital",
        "name": "Adachaki Community Hospital",
        "operator": "Government"
      }
    },
    {
      "type": "Feature",
      "geometry": {
        "type": "Point",
        "coordinates": [
          88.9249713,
          26.1563388
        ]
      },
      "properties": {
        "addr:city": "Dimla",
        "addr:postcode": "5350",
        "amenity": "hospital",
        "emergency": "no",
        "name": "\u09a1\u09bf\u09ae\u09b2\u09be \u0989\u09aa\u099c\u09c7\u09b2\u09be \u09b8\u09cd\u09ac\u09be\u09b8\u09cd\u09a5\u09cd\u09af \u0995\u09ae\u09aa\u09cd\u09b2\u09c7\u0995\u09cd\u09b8",
        "name:bn": "\u09a1\u09bf\u09ae\u09b2\u09be \u0989\u09aa\u099c\u09c7\u09b2\u09be \u09b8\u09cd\u09ac\u09be\u09b8\u09cd\u09a5\u09cd\u09af \u0995\u09ae\u09aa\u09cd\u09b2\u09c7\u0995\u09cd\u09b8",
        "name:en": "Dimla Upazila Health Complex",
        "operator": "Government",
        "phone": "+8801730324683"
      }
    },
    {
      "type": "Feature",
      "geometry": {
        "type": "Point",
        "coordinates": [
          90.3399394,
          22.6731351
        ]
      },
      "properties": {
        "amenity": "hospital",
        "name": "__\u099a\u0995\u09cd\u09b7\u09c1 \u09b9\u09be\u09b8\u09aa\u09be\u09a4\u09be\u09b2",
        "name:en": "__ Eye Hospital"
      }
    },
    {
      "type": "Feature",
      "geometry": {
        "type": "Point",
        "coordinates": [
          90.3673035,
          23.7307962
        ]
      },
      "properties": {
        "amenity": "hospital",
        "health_facility:type": "health_center",
        "healthcare": "hospital",
        "name": "Nogor Shasto kendro"
      }
    },
    {
      "type": "Feature",
      "geometry": {
        "type": "Point",
        "coordinates": [
          90.3695891,
          23.7735111
        ]
      },
      "properties": {
        "amenity": "hospital",
        "healthcare": "hospital",
        "name": "National Institute of Traumatology & Orthopaedic Rehabilitation (NITOR)"
      }
    },
    {
      "type": "Feature",
      "geometry": {
        "type": "Point",
        "coordinates": [
          90.3722885,
          23.7124024
        ]
      },
      "properties": {
        "amenity": "hospital",
        "health_facility:type": "Nursing_Home",
        "name": "Puspit Nursing Home"
      }
    },
    {
      "type": "Feature",
      "geometry": {
        "type": "Point",
        "coordinates": [
          90.3625354,
          23.7141574
        ]
      },
      "properties": {
        "amenity": "hospital",
        "health_facility:type": "health center",
        "name": "\u09ae\u09c7\u09b0\u09c0 \u09b8\u09cd\u099f\u09cb\u09aa\u09b8 \u09b8\u09cd\u09ac\u09be\u09b8\u09cd\u09a5\u09cd\u09af \u0995\u09c7\u09a8\u09cd\u09a6\u09cd\u09b0",
        "name:en": "Meri Staps Health Center",
        "note": "Kamrangirchor"
      }
    },
    {
      "type": "Feature",
      "geometry": {
        "type": "Point",
        "coordinates": [
          90.4073563,
          23.7539055
        ]
      },
      "properties": {
        "amenity": "clinic"
      }
    },
    {
      "type": "Feature",
      "geometry": {
        "type": "Point",
        "coordinates": [
          90.3719977,
          23.7171694
        ]
      },
      "properties": {
        "amenity": "hospital",
        "name": "Aleya Islam General Hospital",
        "source": "Survey - HOTOSM, MSF, Bing"
      }
    },
    {
      "type": "Feature",
      "geometry": {
        "type": "Point",
        "coordinates": [
          90.3742506,
          23.7406532
        ]
      },
      "properties": {
        "amenity": "hospital",
        "name": "Government Remeta Employee Hospital"
      }
    },
    {
      "type": "Feature",
      "geometry": {
        "type": "Point",
        "coordinates": [
          90.3727432,
          23.7184024
        ]
      },
      "properties": {
        "amenity": "hospital",
        "name": "Al-Ahsan Diagnostic Hospital",
        "source": "Survey - HOTOSM, MSF, Bing"
      }
    },
    {
      "type": "Feature",
      "geometry": {
        "type": "Point",
        "coordinates": [
          90.3680177,
          23.7177122
        ]
      },
      "properties": {
        "amenity": "hospital",
        "health_facility_type": "health centre",
        "name": "Marie Stopes",
        "source": "Survey - HOTOSM, MSF, Bing"
      }
    },
    {
      "type": "Feature",
      "geometry": {
        "type": "Point",
        "coordinates": [
          90.3677164,
          23.7162141
        ]
      },
      "properties": {
        "amenity": "hospital",
        "health_facility_type": "hospital",
        "name": "\u09ae\u09c7\u09a1\u09bf\u09b8\u09bf\u09a8\u09cd\u09b8 \u09b8\u09be\u09a8\u09cd\u09b8 \u09ab\u09cd\u09b0\u09a8\u09cd\u099f\u09bf\u09df\u09be\u09b0\u09cd\u09b8",
        "name:en": "MEDICINS SANS FRONTIERES",
        "note": "Ali Nogor, Nobi Nogor",
        "operator": "Medicins Sans Frontier"
      }
    },
    {
      "type": "Feature",
      "geometry": {
        "type": "Point",
        "coordinates": [
          90.4258136,
          23.7014242
        ]
      },
      "properties": {
        "amenity": "clinic"
      }
    },
    {
      "type": "Feature",
      "geometry": {
        "type": "Point",
        "coordinates": [
          90.4238899,
          23.7027782
        ]
      },
      "properties": {
        "amenity": "clinic"
      }
    },
    {
      "type": "Feature",
      "geometry": {
        "type": "Point",
        "coordinates": [
          89.5030255,
          23.1738426
        ]
      },
      "properties": {
        "addr:housenumber": "17",
        "addr:street": "750",
        "amenity": "hospital",
        "name": "High Light Eye Hospital"
      }
    },
    {
      "type": "Feature",
      "geometry": {
        "type": "Point",
        "coordinates": [
          90.7338547,
          24.8713797
        ]
      },
      "properties": {
        "amenity": "clinic",
        "name": "Diagonostic Center"
      }
    },
    {
      "type": "Feature",
      "geometry": {
        "type": "Point",
        "coordinates": [
          90.7321918,
          24.8717249
        ]
      },
      "properties": {
        "amenity": "hospital",
        "name": "Netrokona Sadar Hospital",
        "operator": "Government"
      }
    },
    {
      "type": "Feature",
      "geometry": {
        "type": "Point",
        "coordinates": [
          90.7341675,
          24.8708332
        ]
      },
      "properties": {
        "amenity": "clinic",
        "area": "Netrokona",
        "name": "Tori Madokasokto Niramoy Kendro"
      }
    },
    {
      "type": "Feature",
      "geometry": {
        "type": "Point",
        "coordinates": [
          90.7315758,
          24.869447
        ]
      },
      "properties": {
        "amenity": "clinic",
        "area": "Netrokona Sadar",
        "name": "Apollo Diagonostic Center",
        "operator": "Private"
      }
    },
    {
      "type": "Feature",
      "geometry": {
        "type": "Point",
        "coordinates": [
          90.7309338,
          24.8712454
        ]
      },
      "properties": {
        "amenity": "clinic",
        "area": "Netrokona Sadar",
        "name": "Nabila Diagonostic Center",
        "operator": "Private"
      }
    },
    {
      "type": "Feature",
      "geometry": {
        "type": "Point",
        "coordinates": [
          90.7304793,
          24.8713032
        ]
      },
      "properties": {
        "amenity": "clinic",
        "area": "Netrokona Sadar",
        "name": "Nova Diagonostic Center",
        "operator": "Private"
      }
    },
    {
      "type": "Feature",
      "geometry": {
        "type": "Point",
        "coordinates": [
          90.3877204,
          23.7383957
        ]
      },
      "properties": {
        "amenity": "hospital",
        "level": "3",
        "name": "\u099c\u09c7\u09a8\u09be\u09b0\u09c7\u09b2 \u09ae\u09c7\u09a1\u09bf\u0995\u09cd\u09af\u09be\u09b2 \u09b9\u09b8\u09aa\u09bf\u099f\u09be\u09b2",
        "name:en": "General Medical Hospital"
      }
    },
    {
      "type": "Feature",
      "geometry": {
        "type": "Point",
        "coordinates": [
          90.7318334,
          24.8710003
        ]
      },
      "properties": {
        "amenity": "clinic",
        "area": "Netrokona Sadar",
        "name": "Al Raji Diagonostic center",
        "road": "Sadar Hospital Road, Jaynogor"
      }
    },
    {
      "type": "Feature",
      "geometry": {
        "type": "Point",
        "coordinates": [
          90.9453272,
          24.7167996
        ]
      },
      "properties": {
        "amenity": "hospital",
        "name": "Madan Upazilla Health Complex"
      }
    },
    {
      "type": "Feature",
      "geometry": {
        "type": "Point",
        "coordinates": [
          90.7318495,
          24.8708431
        ]
      },
      "properties": {
        "amenity": "clinic",
        "area": "Netrokona Sadar",
        "name": "Fatema Diagonostic Center",
        "road": "Sadar Hospital Road, Jaynogor"
      }
    },
    {
      "type": "Feature",
      "geometry": {
        "type": "Point",
        "coordinates": [
          90.7312357,
          24.8794752
        ]
      },
      "properties": {
        "amenity": "clinic",
        "area": "Netrokona Sadar, Moktarpara Road",
        "name": "City Digital Diagonostic Center"
      }
    },
    {
      "type": "Feature",
      "geometry": {
        "type": "Point",
        "coordinates": [
          90.7307965,
          24.8786202
        ]
      },
      "properties": {
        "amenity": "clinic",
        "area": "Netrokona Sadar, Moktarpara Road",
        "name": "D.M Digilab"
      }
    },
    {
      "type": "Feature",
      "geometry": {
        "type": "Point",
        "coordinates": [
          90.7312161,
          24.8796848
        ]
      },
      "properties": {
        "amenity": "clinic",
        "area": "Netrokona Sadar, Moktarpara Road",
        "name": "Model Diagonostic Center"
      }
    },
    {
      "type": "Feature",
      "geometry": {
        "type": "Point",
        "coordinates": [
          90.7314299,
          24.8793661
        ]
      },
      "properties": {
        "amenity": "hospital",
        "area": "Netrokona Sadar, Moktarpara Road",
        "name": "New Swadesh Hospital and Diagonostic Center"
      }
    },
    {
      "type": "Feature",
      "geometry": {
        "type": "Point",
        "coordinates": [
          90.7314073,
          24.880044
        ]
      },
      "properties": {
        "amenity": "clinic",
        "area": "Netrokona Sadar, Moktarpara Road",
        "name": "Nirapod Diagonostic Center"
      }
    },
    {
      "type": "Feature",
      "geometry": {
        "type": "Point",
        "coordinates": [
          90.7308304,
          24.87864
        ]
      },
      "properties": {
        "amenity": "clinic",
        "area": "Netrokona Sadar, Moktarpara Road",
        "name": "Nurjahan Digilab"
      }
    },
    {
      "type": "Feature",
      "geometry": {
        "type": "Point",
        "coordinates": [
          90.7315693,
          24.8796536
        ]
      },
      "properties": {
        "amenity": "clinic",
        "name": "Maa O Shishu Clinic"
      }
    },
    {
      "type": "Feature",
      "geometry": {
        "type": "Point",
        "coordinates": [
          89.5084317,
          22.8975231
        ]
      },
      "properties": {
        "amenity": "clinic",
        "name": "Fresh Health Clinic"
      }
    },
    {
      "type": "Feature",
      "geometry": {
        "type": "Point",
        "coordinates": [
          89.506384,
          22.8981872
        ]
      },
      "properties": {
        "amenity": "clinic",
        "name": "Patients Clinic"
      }
    },
    {
      "type": "Feature",
      "geometry": {
        "type": "Point",
        "coordinates": [
          90.40919,
          24.7429322
        ]
      },
      "properties": {
        "amenity": "hospital",
        "name": "Mymensingh medical collage hospital"
      }
    },
    {
      "type": "Feature",
      "geometry": {
        "type": "Point",
        "coordinates": [
          89.5093048,
          22.8966272
        ]
      },
      "properties": {
        "addr:city": "khulna",
        "addr:postcode": "9203",
        "amenity": "hospital",
        "emergency": "yes",
        "healthcare": "hospital",
        "name": "Mamata clinic",
        "phone": "+8801688821399"
      }
    },
    {
      "type": "Feature",
      "geometry": {
        "type": "Point",
        "coordinates": [
          89.5139438,
          22.8888859
        ]
      },
      "properties": {
        "amenity": "clinic",
        "name": "Surjer Hasi Paribarik Health Clinic"
      }
    },
    {
      "type": "Feature",
      "geometry": {
        "type": "Point",
        "coordinates": [
          90.3866517,
          23.7370732
        ]
      },
      "properties": {
        "addr:city": "Dhaka",
        "addr:housenumber": "65,",
        "addr:postcode": "1205",
        "addr:street": "elephant",
        "amenity": "hospital",
        "emergency": "yes",
        "name": "Meherun Homeo Pharmacy"
      }
    },
    {
      "type": "Feature",
      "geometry": {
        "type": "Point",
        "coordinates": [
          90.6728523,
          25.106312
        ]
      },
      "properties": {
        "amenity": "hospital",
        "name": "Health & Family Wlfare Center"
      }
    },
    {
      "type": "Feature",
      "geometry": {
        "type": "Point",
        "coordinates": [
          89.2094689,
          23.1678178
        ]
      },
      "properties": {
        "amenity": "clinic",
        "name": "Ekota Hospital"
      }
    },
    {
      "type": "Feature",
      "geometry": {
        "type": "Point",
        "coordinates": [
          90.3992966,
          23.7451485
        ]
      },
      "properties": {
        "addr:city": "Dhaka",
        "addr:street": "Eskaton Road",
        "amenity": "hospital",
        "healthcare": "hospital"
      }
    },
    {
      "type": "Feature",
      "geometry": {
        "type": "Point",
        "coordinates": [
          91.8592555,
          24.899578
        ]
      },
      "properties": {
        "addr:city": "\u09b8\u09bf\u09b2\u09c7\u099f",
        "addr:postcode": "3100",
        "addr:street": "Old Medical Road",
        "amenity": "hospital",
        "emergency": "yes",
        "healthcare": "hospital",
        "name": "Police Lines Hospital"
      }
    },
    {
      "type": "Feature",
      "geometry": {
        "type": "Point",
        "coordinates": [
          91.8601202,
          24.8983946
        ]
      },
      "properties": {
        "addr:city": "\u09b8\u09bf\u09b2\u09c7\u099f",
        "addr:postcode": "3100",
        "addr:street": "Old Medical Road",
        "amenity": "hospital",
        "emergency": "yes",
        "healthcare": "hospital",
        "name": "Trust Medical Services"
      }
    },
    {
      "type": "Feature",
      "geometry": {
        "type": "Point",
        "coordinates": [
          91.8673142,
          24.8990649
        ]
      },
      "properties": {
        "amenity": "hospital",
        "name": "Shahid Samsuddin Ahmed Hospital"
      }
    },
    {
      "type": "Feature",
      "geometry": {
        "type": "Point",
        "coordinates": [
          91.87101,
          24.8988371
        ]
      },
      "properties": {
        "amenity": "hospital",
        "name": "Central Hospital"
      }
    },
    {
      "type": "Feature",
      "geometry": {
        "type": "Point",
        "coordinates": [
          91.8777267,
          24.8918061
        ]
      },
      "properties": {
        "addr:city": "Sylhet",
        "addr:street": "Subhanighat",
        "amenity": "hospital",
        "emergency": "yes",
        "healthcare": "hospital",
        "name": "IBN SINA Hospital",
        "operator": "Private",
        "operator:type": "private",
        "source": "local knowledge;gps"
      }
    },
    {
      "type": "Feature",
      "geometry": {
        "type": "Point",
        "coordinates": [
          89.614898,
          24.077227
        ]
      },
      "properties": {
        "addr:city": "Bera",
        "addr:postcode": "6688",
        "addr:street": "Hospital Road",
        "amenity": "hospital",
        "emergency": "yes",
        "name": "Bera Upazilla Health Complex",
        "operator": "Government",
        "phone": "+8801730324690"
      }
    },
    {
      "type": "Feature",
      "geometry": {
        "type": "Point",
        "coordinates": [
          90.4186838,
          23.7410273
        ]
      },
      "properties": {
        "amenity": "hospital",
        "emergency": "yes",
        "name": "\u0986\u09b2-\u09ac\u09be\u09b0\u09be\u0995\u09be\u09b9 \u099c\u09c7\u09a8\u09be\u09b0\u09c7\u09b2 \u09b9\u09be\u09b8\u09aa\u09be\u09a4\u09be\u09b2",
        "name:bn": "\u0986\u09b2-\u09ac\u09be\u09b0\u09be\u0995\u09be\u09b9 \u099c\u09c7\u09a8\u09be\u09b0\u09c7\u09b2 \u09b9\u09be\u09b8\u09aa\u09be\u09a4\u09be\u09b2",
        "name:en": "AL-Barakah General Hospital"
      }
    },
    {
      "type": "Feature",
      "geometry": {
        "type": "Point",
        "coordinates": [
          90.370642,
          23.8027632
        ]
      },
      "properties": {
        "amenity": "hospital",
        "healthcare": "hospital",
        "name": "Al-Helal Hospital"
      }
    },
    {
      "type": "Feature",
      "geometry": {
        "type": "Point",
        "coordinates": [
          90.3723242,
          23.7442514
        ]
      },
      "properties": {
        "amenity": "hospital",
        "emergency": "no",
        "name": "\u09aa\u09cd\u09b0\u09be\u0987\u09ae \u09ac\u09cd\u09af\u09be\u0982\u0995 \u099a\u0995\u09cd\u09b7\u09c1 \u09b9\u09be\u09b8\u09aa\u09be\u09a4\u09be\u09b2",
        "name:bn": "\u09aa\u09cd\u09b0\u09be\u0987\u09ae \u09ac\u09cd\u09af\u09be\u0982\u0995 \u099a\u0995\u09cd\u09b7\u09c1 \u09b9\u09be\u09b8\u09aa\u09be\u09a4\u09be\u09b2",
        "name:en": "Prime Bank Eye Hospitals",
        "note": "eye hospital operate by prime bank"
      }
    },
    {
      "type": "Feature",
      "geometry": {
        "type": "Point",
        "coordinates": [
          90.3702313,
          23.7472931
        ]
      },
      "properties": {
        "amenity": "hospital",
        "emergency": "yes",
        "name": "Eden Multicare Hospital"
      }
    },
    {
      "type": "Feature",
      "geometry": {
        "type": "Point",
        "coordinates": [
          90.3607676,
          22.7071359
        ]
      },
      "properties": {
        "amenity": "hospital",
        "name": "\u0986\u09ae\u09cd\u09ac\u09bf\u09df\u09be \u09b9\u09be\u09b8\u09aa\u09be\u09a4\u09be\u09b2",
        "name:en": "Ambia Hospital"
      }
    },
    {
      "type": "Feature",
      "geometry": {
        "type": "Point",
        "coordinates": [
          90.3698466,
          22.7007191
        ]
      },
      "properties": {
        "amenity": "hospital",
        "level": "1;2;3",
        "name": "\u0985\u09cd\u09af\u09be\u09aa\u09cb\u09b2\u09cb \u09b9\u09be\u09b8\u09aa\u09be\u09a4\u09be\u09b2 \u0993 \u09a1\u09be\u09af\u09bc\u09be\u0997\u09a8\u09b8\u09cd\u099f\u09bf\u0995 \u09b8\u09c7\u09a8\u09cd\u099f\u09be\u09b0",
        "name:en": "Apollo Hospital and Diagnostic Center"
      }
    },
    {
      "type": "Feature",
      "geometry": {
        "type": "Point",
        "coordinates": [
          90.372358,
          22.7033784
        ]
      },
      "properties": {
        "amenity": "hospital",
        "name": "\u09ae\u09c7\u09a1\u09bf\u09a8\u09cb\u09ad\u09be",
        "name:en": "Medinova"
      }
    },
    {
      "type": "Feature",
      "geometry": {
        "type": "Point",
        "coordinates": [
          90.4091274,
          23.7477633
        ]
      },
      "properties": {
        "amenity": "hospital",
        "healthcare": "hospital",
        "name": "University Dental College and Hospital"
      }
    },
    {
      "type": "Feature",
      "geometry": {
        "type": "Point",
        "coordinates": [
          90.4285859,
          23.737429
        ]
      },
      "properties": {
        "amenity": "hospital"
      }
    },
    {
      "type": "Feature",
      "geometry": {
        "type": "Point",
        "coordinates": [
          90.3696927,
          23.8075588
        ]
      },
      "properties": {
        "amenity": "hospital",
        "check_date": "2024-04-22",
        "name": "radda"
      }
    },
    {
      "type": "Feature",
      "geometry": {
        "type": "Point",
        "coordinates": [
          90.3940639,
          23.8682156
        ]
      },
      "properties": {
        "amenity": "hospital"
      }
    },
    {
      "type": "Feature",
      "geometry": {
        "type": "Point",
        "coordinates": [
          90.3674582,
          23.8166526
        ]
      },
      "properties": {
        "amenity": "hospital",
        "name": "Eye hospital"
      }
    },
    {
      "type": "Feature",
      "geometry": {
        "type": "Point",
        "coordinates": [
          90.4242969,
          23.711037
        ]
      },
      "properties": {
        "amenity": "hospital",
        "name": "Bangladesh Humiopathik Porishod, Dhaka Jila"
      }
    },
    {
      "type": "Feature",
      "geometry": {
        "type": "Point",
        "coordinates": [
          90.4247766,
          23.7035507
        ]
      },
      "properties": {
        "addr:city": "Dhaka",
        "addr:housenumber": "74/1",
        "addr:street": "Dinanath Sen Road",
        "amenity": "hospital",
        "emergency": "yes",
        "name": "Aroggo niketon homio center",
        "note": "Dr. Shahida Islam Asha (DHMS) Time : 4pm to 9 am"
      }
    },
    {
      "type": "Feature",
      "geometry": {
        "type": "Point",
        "coordinates": [
          90.4194307,
          23.7024645
        ]
      },
      "properties": {
        "addr:city": "Dhaka",
        "addr:housenumber": "92",
        "addr:postcode": "1204",
        "addr:street": "Keshab Benarjee Road",
        "amenity": "hospital",
        "name": "Delta Dygonestic & Health Service"
      }
    },
    {
      "type": "Feature",
      "geometry": {
        "type": "Point",
        "coordinates": [
          90.4194612,
          23.7023843
        ]
      },
      "properties": {
        "amenity": "clinic",
        "healthcare": "physiotherapist",
        "name": "Bangladesh Physiotherapy Center"
      }
    },
    {
      "type": "Feature",
      "geometry": {
        "type": "Point",
        "coordinates": [
          90.4286416,
          23.7014311
        ]
      },
      "properties": {
        "amenity": "clinic",
        "name": "Nagar Shastho Kendro"
      }
    },
    {
      "type": "Feature",
      "geometry": {
        "type": "Point",
        "coordinates": [
          89.5738685,
          22.8040833
        ]
      },
      "properties": {
        "addr:street": "Glaxor mor",
        "amenity": "clinic",
        "name": "Mim Nursing home"
      }
    },
    {
      "type": "Feature",
      "geometry": {
        "type": "Point",
        "coordinates": [
          89.9668575,
          23.2053061
        ]
      },
      "properties": {
        "amenity": "hospital"
      }
    },
    {
      "type": "Feature",
      "geometry": {
        "type": "Point",
        "coordinates": [
          90.3700373,
          23.8097529
        ]
      },
      "properties": {
        "addr:city": "Mirpur-10",
        "addr:postcode": "1216",
        "addr:street": "Avenue-1, Block-B, Section-10 (Gate no1, Benaroshi polli market)",
        "amenity": "clinic",
        "building:levels": "5",
        "closing_hours": "9 pm",
        "fixme": "ele(elevation)=No",
        "healthcare": "clinic",
        "name": "Sarkar Homeo Hall",
        "note": "Ladies homeopathy available opposite of \"Top Choice\"",
        "opening_hours": "16:00-21:00",
        "phone": "+8801552373773"
      }
    },
    {
      "type": "Feature",
      "geometry": {
        "type": "Point",
        "coordinates": [
          90.3805302,
          23.8191076
        ]
      },
      "properties": {
        "addr:city": "Bauniabadh, Pallabi, Mirpur-11, Dhaka",
        "addr:housenumber": "E-block",
        "amenity": "hospital",
        "licensed": "Government",
        "name": "Government Outdoor Dispensary (GOD)",
        "note": "Muslim Aid Road",
        "opening_hours": "Sa-Th 9:00-14:00; Fr off"
      }
    },
    {
      "type": "Feature",
      "geometry": {
        "type": "Point",
        "coordinates": [
          91.0581656,
          23.376704
        ]
      },
      "properties": {
        "amenity": "clinic",
        "healthcare": "clinic",
        "name": "Model Community Hospital"
      }
    },
    {
      "type": "Feature",
      "geometry": {
        "type": "Point",
        "coordinates": [
          90.4052251,
          23.7740437
        ]
      },
      "properties": {
        "amenity": "hospital",
        "name": "Songkramok Badhi Hospital"
      }
    },
    {
      "type": "Feature",
      "geometry": {
        "type": "Point",
        "coordinates": [
          91.8521737,
          22.3184273
        ]
      },
      "properties": {
        "amenity": "hospital",
        "name": "Sah Somie nagoi community clinic"
      }
    },
    {
      "type": "Feature",
      "geometry": {
        "type": "Point",
        "coordinates": [
          89.6352227,
          23.0405358
        ]
      },
      "properties": {
        "amenity": "clinic",
        "name": "Shikder Clinic"
      }
    },
    {
      "type": "Feature",
      "geometry": {
        "type": "Point",
        "coordinates": [
          90.4098236,
          23.7375744
        ]
      },
      "properties": {
        "amenity": "hospital",
        "healthcare": "hospital",
        "name": "\u0987\u09b8\u09b2\u09be\u09ae\u09c0 \u09ac\u09cd\u09af\u09be\u0982\u0995 \u0995\u09c7\u09a8\u09cd\u09a6\u09cd\u09b0\u09c0\u09df \u09b9\u09be\u09b8\u09aa\u09be\u09a4\u09be\u09b2",
        "name:bn": "\u0987\u09b8\u09b2\u09be\u09ae\u09c0 \u09ac\u09cd\u09af\u09be\u0982\u0995 \u0995\u09c7\u09a8\u09cd\u09a6\u09cd\u09b0\u09c0\u09df \u09b9\u09be\u09b8\u09aa\u09be\u09a4\u09be\u09b2",
        "name:en": "Islami Bank Central Hospital"
      }
    },
    {
      "type": "Feature",
      "geometry": {
        "type": "Point",
        "coordinates": [
          90.4061085,
          23.7317089
        ]
      },
      "properties": {
        "amenity": "hospital",
        "healthcare": "hospital",
        "name": "\u09ac\u09be\u09b0\u09a1\u09c7\u09ae \u099c\u09c7\u09a8\u09be\u09b0\u09c7\u09b2 \u09b9\u09be\u09b8\u09aa\u09be\u09a4\u09be\u09b2 \u09e8",
        "name:en": "BIRDEM General Hospital 2"
      }
    },
    {
      "type": "Feature",
      "geometry": {
        "type": "Point",
        "coordinates": [
          90.3792059,
          23.8200415
        ]
      },
      "properties": {
        "addr:city": "Bauniabadh, Pallabi, Dhaka",
        "addr:housenumber": "B-block",
        "addr:postcode": "1216",
        "addr:street": "Mosque road",
        "amenity": "clinic",
        "level": "1",
        "name": "Radda Plan Joint Project",
        "name:bn": "\u09b0\u09be\u09a1\u09cd\u09a1\u09be \u09aa\u09cd\u09b2\u09cd\u09af\u09be\u09a8 \u09af\u09cc\u09a5 \u09aa\u09cd\u09b0\u0995\u09b2\u09cd\u09aa",
        "note": "community center",
        "opening_hours": "9:00-17:00"
      }
    },
    {
      "type": "Feature",
      "geometry": {
        "type": "Point",
        "coordinates": [
          90.3725727,
          23.8137565
        ]
      },
      "properties": {
        "addr:city": "Mirpur 10, Dhaka",
        "addr:housenumber": "House 13, Block 10/D",
        "addr:postcode": "1216",
        "addr:street": "Road 25",
        "amenity": "clinic",
        "bicycle": "yes",
        "foot": "yes",
        "hgv": "yes",
        "level": "1",
        "motor_vehicle": "yes",
        "name": "\u09ae\u09c7\u09b0\u09c0 \u09b8\u09cd\u099f\u09cb\u09aa\u09b8 \u0995\u09cd\u09b2\u09bf\u09a8\u09bf\u0995",
        "name:bn": "\u09ae\u09c7\u09b0\u09c0 \u09b8\u09cd\u099f\u09cb\u09aa\u09b8 \u0995\u09cd\u09b2\u09bf\u09a8\u09bf\u0995",
        "name:en": "Marie Stopes Clinic",
        "opening_hours": "10:00-16:30; Fr off",
        "phone": "+880750114103",
        "service_category": "HLT:3,22"
      }
    },
    {
      "type": "Feature",
      "geometry": {
        "type": "Point",
        "coordinates": [
          90.3752682,
          23.8103509
        ]
      },
      "properties": {
        "addr:city": "Mirpur 10, Dhaka",
        "addr:housenumber": "House 20, Block C",
        "addr:postcode": "1216",
        "addr:street": "Line16",
        "amenity": "clinic",
        "healthcare": "clinic",
        "level": "1",
        "licensed": "BMDC",
        "name": "\u0985\u09cd\u09af\u09be\u09aa\u09cb\u09b2\u09cb \u09a1\u09c7\u09a8\u09cd\u099f\u09be\u09b2 \u0995\u09cd\u09b2\u09bf\u09a8\u09bf\u0995 \u098f\u09a8\u09cd\u09a1 \u09ae\u09c7\u09a1\u09bf\u0995\u09c7\u09b2 \u0995\u09c7\u09df\u09be\u09b0",
        "name:bn": "\u0985\u09cd\u09af\u09be\u09aa\u09cb\u09b2\u09cb \u09a1\u09c7\u09a8\u09cd\u099f\u09be\u09b2 \u0995\u09cd\u09b2\u09bf\u09a8\u09bf\u0995 \u098f\u09a8\u09cd\u09a1 \u09ae\u09c7\u09a1\u09bf\u0995\u09c7\u09b2 \u0995\u09c7\u09df\u09be\u09b0",
        "name:en": "Apollo Dental Clinic & Medical Care"
      }
    },
    {
      "type": "Feature",
      "geometry": {
        "type": "Point",
        "coordinates": [
          90.371355,
          23.8151865
        ]
      },
      "properties": {
        "addr:city": "Mirpur 11, Dhaka",
        "addr:housenumber": "Hosue 2, Block C",
        "addr:postcode": "1216",
        "addr:street": "Line 12, Road 10, Tara Medical Road",
        "amenity": "hospital",
        "contact:phone": "+8801924521356",
        "healthcare": "hospital",
        "level": "1",
        "name": "\u09a4\u09be\u09b0\u09be \u09ae\u09c7\u09a1\u09bf\u0995\u09c7\u09b2 \u09b8\u09c7\u09a8\u09cd\u099f\u09be\u09b0",
        "name:bn": "\u09a4\u09be\u09b0\u09be \u09ae\u09c7\u09a1\u09bf\u0995\u09c7\u09b2 \u09b8\u09c7\u09a8\u09cd\u099f\u09be\u09b0",
        "name:en": "Tara Medical Centre",
        "opening_hours": "Sa-Fr 09:00-24:00"
      }
    },
    {
      "type": "Feature",
      "geometry": {
        "type": "Point",
        "coordinates": [
          89.6304735,
          23.0415561
        ]
      },
      "properties": {
        "addr:city": "Kalia",
        "addr:district": "Narail",
        "addr:place": "Kalia",
        "addr:postcode": "7520",
        "addr:province": "Khulna",
        "addr:street": "Boro Kalia Road",
        "addr:subdistrict": "Kalia",
        "amenity": "hospital",
        "name": "Niramoy Clinic"
      }
    },
    {
      "type": "Feature",
      "geometry": {
        "type": "Point",
        "coordinates": [
          90.40072,
          23.8583466
        ]
      },
      "properties": {
        "amenity": "clinic",
        "name": "Mohila Medical"
      }
    },
    {
      "type": "Feature",
      "geometry": {
        "type": "Point",
        "coordinates": [
          90.3391867,
          23.7358556
        ]
      },
      "properties": {
        "amenity": "clinic",
        "name": "Marie Stopes",
        "operator": "Nari Moitree, UK Aid"
      }
    },
    {
      "type": "Feature",
      "geometry": {
        "type": "Point",
        "coordinates": [
          92.0154214,
          21.4239318
        ]
      },
      "properties": {
        "amenity": "hospital",
        "healthcare": "hospital",
        "name": "Cox's Bazar Medical College Hospital",
        "name:en": "Cox's Bazar Medical College Hospital"
      }
    },
    {
      "type": "Feature",
      "geometry": {
        "type": "Point",
        "coordinates": [
          90.3614736,
          22.7136116
        ]
      },
      "properties": {
        "amenity": "clinic",
        "name": "\u09a8\u0997\u09b0 \u09ae\u09be\u09a4\u09c3\u09b8\u09a6\u09a8"
      }
    },
    {
      "type": "Feature",
      "geometry": {
        "type": "Point",
        "coordinates": [
          90.3703661,
          22.6885158
        ]
      },
      "properties": {
        "amenity": "hospital",
        "name": "\u0987\u09b8\u09b2\u09be\u09ae\u09bf\u09df\u09be \u09b9\u09be\u09b8\u09aa\u09be\u09a4\u09be\u09b2",
        "name:en": "Islamia Hospital"
      }
    },
    {
      "type": "Feature",
      "geometry": {
        "type": "Point",
        "coordinates": [
          91.0731361,
          23.4789692
        ]
      },
      "properties": {
        "amenity": "hospital",
        "name": "Eastern Medical College & Hospital"
      }
    },
    {
      "type": "Feature",
      "geometry": {
        "type": "Point",
        "coordinates": [
          90.3955096,
          23.8668616
        ]
      },
      "properties": {
        "addr:city": "Uttara Dhaka",
        "addr:postcode": "1230",
        "addr:street": "Road 13",
        "amenity": "hospital",
        "name": "Uttara Cresent Hospital"
      }
    },
    {
      "type": "Feature",
      "geometry": {
        "type": "Point",
        "coordinates": [
          90.3898363,
          23.5504163
        ]
      },
      "properties": {
        "amenity": "hospital",
        "name": "Popular General Hospital"
      }
    },
    {
      "type": "Feature",
      "geometry": {
        "type": "Point",
        "coordinates": [
          90.4208934,
          23.7666477
        ]
      },
      "properties": {
        "amenity": "clinic",
        "name": "Poribar Porikolpona Clinic"
      }
    },
    {
      "type": "Feature",
      "geometry": {
        "type": "Point",
        "coordinates": [
          90.4077845,
          23.7534772
        ]
      },
      "properties": {
        "amenity": "clinic",
        "name": "Urban Primary health care service delivery project",
        "office": "ngo"
      }
    },
    {
      "type": "Feature",
      "geometry": {
        "type": "Point",
        "coordinates": [
          90.4112625,
          23.7568749
        ]
      },
      "properties": {
        "amenity": "clinic",
        "name": "Nagar sastha kendra"
      }
    },
    {
      "type": "Feature",
      "geometry": {
        "type": "Point",
        "coordinates": [
          90.4115199,
          23.7578791
        ]
      },
      "properties": {
        "amenity": "clinic",
        "name": "Islamia Homeo Hall"
      }
    },
    {
      "type": "Feature",
      "geometry": {
        "type": "Point",
        "coordinates": [
          90.4113389,
          23.7557868
        ]
      },
      "properties": {
        "amenity": "clinic",
        "name": "Jenious Dental Care"
      }
    },
    {
      "type": "Feature",
      "geometry": {
        "type": "Point",
        "coordinates": [
          90.4047963,
          23.7514278
        ]
      },
      "properties": {
        "amenity": "hospital",
        "healthcare": "hospital",
        "name": "Nagor Health Care 2"
      }
    },
    {
      "type": "Feature",
      "geometry": {
        "type": "Point",
        "coordinates": [
          90.4048592,
          23.7512263
        ]
      },
      "properties": {
        "amenity": "hospital",
        "healthcare": "hospital",
        "name": "Nari Maitree"
      }
    },
    {
      "type": "Feature",
      "geometry": {
        "type": "Point",
        "coordinates": [
          90.3472974,
          23.7062422
        ]
      },
      "properties": {
        "amenity": "hospital",
        "name": "Malancha Govt. Hospital"
      }
    },
    {
      "type": "Feature",
      "geometry": {
        "type": "Point",
        "coordinates": [
          90.3674517,
          23.8065469
        ]
      },
      "properties": {
        "amenity": "hospital",
        "name": "Medinova Hospital",
        "wheelchair": "no"
      }
    },
    {
      "type": "Feature",
      "geometry": {
        "type": "Point",
        "coordinates": [
          90.8607436,
          23.1080433
        ]
      },
      "properties": {
        "addr:city": "Ramgonj",
        "addr:postcode": "3720",
        "addr:street": "Sonapur-Mudaffor Guang Road (Citosi Road)",
        "amenity": "hospital"
      }
    },
    {
      "type": "Feature",
      "geometry": {
        "type": "Point",
        "coordinates": [
          91.0899083,
          22.87208
        ]
      },
      "properties": {
        "amenity": "hospital",
        "name": "Good Heal"
      }
    },
    {
      "type": "Feature",
      "geometry": {
        "type": "Point",
        "coordinates": [
          90.8601959,
          23.1030897
        ]
      },
      "properties": {
        "addr:city": "Ramgonj",
        "addr:postcode": "3720",
        "addr:street": "Ramgonj to Hajigonj Road",
        "amenity": "hospital",
        "emergency": "yes",
        "name": "Ramgonj Adunik Hospital",
        "operator": "Abdul Quder",
        "phone": "+8801785840650"
      }
    },
    {
      "type": "Feature",
      "geometry": {
        "type": "Point",
        "coordinates": [
          90.3683611,
          23.8174321
        ]
      },
      "properties": {
        "addr:city": "Dhaka",
        "addr:housenumber": "\u09ee",
        "addr:street": "\u09e7",
        "addr:suburb": "Mirpur-11",
        "amenity": "clinic",
        "identifier": "491",
        "name": "Active Social welfare Society Health Clinic(\u098f\u0995\u099f\u09bf\u09ad \u09b8\u09cb\u09b6\u09be\u09b2 \u0993\u09df\u09c7\u09b2\u09ab\u09c7\u09df\u09be\u09b0 \u09b8\u09cb\u09b8\u09be\u0987\u099f\u09bf \u09b9\u09c7\u09b2\u09a5 \u0995\u09cd\u09b2\u09bf\u09a8\u09bf\u0995)"
      }
    },
    {
      "type": "Feature",
      "geometry": {
        "type": "Point",
        "coordinates": [
          90.3682997,
          23.8171764
        ]
      },
      "properties": {
        "addr:city": "Dhaka",
        "addr:street": "\u09ea",
        "addr:suburb": "Mirpur-11",
        "amenity": "clinic",
        "healthcare": "clinic",
        "identifier": "454",
        "name": "Adorsho Dental Care(\u0986\u09a6\u09b0\u09cd\u09b6 \u09a1\u09c7\u09a8\u09cd\u099f\u09be\u09b2 \u0995\u09c7\u09df\u09be\u09b0)"
      }
    },
    {
      "type": "Feature",
      "geometry": {
        "type": "Point",
        "coordinates": [
          90.3660545,
          23.8182452
        ]
      },
      "properties": {
        "addr:city": "Dhaka",
        "addr:housenumber": "\u09aa\u09cd\u09b2\u099f \u09e7",
        "addr:suburb": "Mirpur-11",
        "amenity": "hospital",
        "healthcare": "hospital",
        "identifier": "495",
        "name": "Akumunnessa Eye Clinic(\u0986\u0995\u09c1\u09ae\u09c1\u09a8\u09cd\u09a8\u09c7\u09b8\u09be \u0986\u0987 \u0995\u09cd\u09b2\u09bf\u09a8\u09bf\u0995)"
      }
    },
    {
      "type": "Feature",
      "geometry": {
        "type": "Point",
        "coordinates": [
          90.3673124,
          23.8196625
        ]
      },
      "properties": {
        "addr:city": "Dhaka",
        "addr:housenumber": "\u09e7\u09ea",
        "addr:suburb": "Mirpur-11",
        "amenity": "clinic",
        "identifier": "501",
        "name": "BRAC (nurse)(\u09ac\u09cd\u09b0\u09be\u0995 (\u09a8\u09be\u09b0\u09cd\u09b8))"
      }
    },
    {
      "type": "Feature",
      "geometry": {
        "type": "Point",
        "coordinates": [
          90.3661683,
          23.8166549
        ]
      },
      "properties": {
        "addr:city": "Dhaka",
        "addr:street": "\u09e7\u09e7 \u09a8\u0982 \u09ac\u09be\u09b8 \u09b8\u09cd\u099f\u09cd\u09af\u09be\u09a8\u09cd\u09a1",
        "addr:suburb": "Mirpur-11",
        "amenity": "clinic",
        "healthcare": "yes",
        "healthcare:speciality": "homeopathy",
        "identifier": "500",
        "name": "Hamdord Laboratory and Health Centre",
        "name:bn": "\u09b9\u09be\u09ae\u09a6\u09be\u09b0\u09cd\u09a6 \u09b2\u09cd\u09af\u09be\u09ac\u09b0\u09c7\u099f\u09b0\u09bf \u098f\u09a8\u09cd\u09a1 \u09b9\u09c7\u09b2\u09a5 \u09b8\u09c7\u09a8\u09cd\u099f\u09be\u09b0"
      }
    },
    {
      "type": "Feature",
      "geometry": {
        "type": "Point",
        "coordinates": [
          90.3654856,
          23.8195104
        ]
      },
      "properties": {
        "addr:city": "Dhaka",
        "addr:housename": "\u0987\u09b8\u09b2\u09be\u09ae\u09c0 \u09ac\u09cd\u09af\u09be\u0982\u0995 \u09ac\u09bf\u09b2\u09cd\u09a1\u09bf\u0982",
        "addr:street": "\u09e9",
        "addr:suburb": "Mirpur-11",
        "amenity": "hospital",
        "check_date": "2025-12-02",
        "identifier": "507",
        "name": "\u0987\u09b8\u09b2\u09be\u09ae\u09c0 \u09ac\u09cd\u09af\u09be\u0982\u0995 \u09b9\u09be\u09b8\u09aa\u09be\u09a4\u09be\u09b2",
        "name:en": "Islami Bank Hospital",
        "wheelchair": "yes"
      }
    },
    {
      "type": "Feature",
      "geometry": {
        "type": "Point",
        "coordinates": [
          90.3665074,
          23.8167519
        ]
      },
      "properties": {
        "addr:city": "Dhaka",
        "addr:housename": "\u099c\u09c7\u09a8\u09c7\u09ad\u09be \u099f\u09be\u0993\u09df\u09be\u09b0",
        "addr:housenumber": "\u09e7",
        "addr:street": "\u09ea",
        "addr:suburb": "Mirpur-11",
        "amenity": "clinic",
        "healthcare": "clinic",
        "identifier": "458",
        "name": "Maa Dental Care(\u09ae\u09be \u09a1\u09c7\u09a8\u09cd\u099f\u09be\u09b2 \u0995\u09c7\u09df\u09be\u09b0)"
      }
    },
    {
      "type": "Feature",
      "geometry": {
        "type": "Point",
        "coordinates": [
          90.3663515,
          23.8172101
        ]
      },
      "properties": {
        "addr:city": "Dhaka",
        "addr:housenumber": "\u09e7",
        "addr:street": "\u09eb",
        "addr:suburb": "Mirpur-11",
        "amenity": "clinic",
        "identifier": "461",
        "name": "PDAP Clinic(\u09aa\u09bf \u09a1\u09bf \u098f \u09aa\u09bf \u0995\u09cd\u09b2\u09bf\u09a8\u09bf\u0995)"
      }
    },
    {
      "type": "Feature",
      "geometry": {
        "type": "Point",
        "coordinates": [
          90.3711189,
          23.8206017
        ]
      },
      "properties": {
        "addr:city": "Dhaka",
        "addr:housenumber": "\u09eb\u09ef",
        "addr:street": "\u09e7",
        "addr:suburb": "Mirpur-11",
        "amenity": "clinic",
        "dentist": "yes",
        "healthcare": "clinic",
        "identifier": "475",
        "name": "Popular Dental Care(\u09aa\u09aa\u09c1\u09b2\u09be\u09b0 \u09a1\u09c7\u09a8\u09cd\u099f\u09be\u09b2 \u0995\u09c7\u09df\u09be\u09b0)"
      }
    },
    {
      "type": "Feature",
      "geometry": {
        "type": "Point",
        "coordinates": [
          90.3678749,
          23.8185467
        ]
      },
      "properties": {
        "addr:city": "Dhaka",
        "addr:housenumber": "\u09e9\u09eb-\u09e9\u09ed",
        "addr:suburb": "Mirpur-11",
        "amenity": "clinic",
        "identifier": "494",
        "name": "The salvation army(\u09a6\u09bf \u09b8\u09be\u09b2\u09ad\u09c7\u09b8\u09be\u09a8 \u0986\u09b0\u09cd\u09ae\u09bf)"
      }
    },
    {
      "type": "Feature",
      "geometry": {
        "type": "Point",
        "coordinates": [
          90.3655472,
          23.8189086
        ]
      },
      "properties": {
        "addr:city": "Dhaka",
        "addr:housenumber": "\u09e8\u09ee",
        "addr:street": "\u09ae\u09c7\u0987\u09a8 \u09b0\u09cb\u09a1 \u09e9",
        "addr:suburb": "Mirpur-11",
        "amenity": "clinic",
        "identifier": "499"
      }
    },
    {
      "type": "Feature",
      "geometry": {
        "type": "Point",
        "coordinates": [
          90.3663789,
          23.8177023
        ]
      },
      "properties": {
        "addr:city": "Dhaka",
        "addr:housename": "\u09e9",
        "addr:street": "\u09ec",
        "addr:suburb": "Mirpur-11",
        "amenity": "hospital",
        "identifier": "467",
        "name": "\u09ab\u09bf\u099c\u09bf\u0993\u09a5\u09c7\u09b0\u09be\u09aa\u09bf \u09b8\u09c7\u09a8\u09cd\u099f\u09be\u09b0",
        "name:bn": "\u09ab\u09bf\u099c\u09bf\u0993\u09a5\u09c7\u09b0\u09be\u09aa\u09bf \u09b8\u09c7\u09a8\u09cd\u099f\u09be\u09b0",
        "name:en": "Physiotherapy Centre"
      }
    },
    {
      "type": "Feature",
      "geometry": {
        "type": "Point",
        "coordinates": [
          90.366731,
          23.8167588
        ]
      },
      "properties": {
        "addr:city": "Dhaka",
        "addr:housenumber": "\u09ea",
        "addr:street": "\u09ea",
        "addr:suburb": "Mirpur-11",
        "amenity": "clinic",
        "healthcare": "clinic",
        "identifier": "459",
        "name": "shakti foundation(\u09b6\u0995\u09cd\u09a4\u09bf \u09ab\u09be\u0989\u09a8\u09cd\u09a1\u09c7\u09b6\u09a8)"
      }
    },
    {
      "type": "Feature",
      "geometry": {
        "type": "Point",
        "coordinates": [
          90.3730252,
          23.8212392
        ]
      },
      "properties": {
        "addr:city": "Dhaka",
        "addr:housenumber": "\u09e7\u09e7",
        "addr:street": "\u09e7",
        "addr:suburb": "Mirpur-11",
        "amenity": "hospital",
        "check_date": "2024-04-02",
        "identifier": "436",
        "name": "shishu Hospital(\u09b6\u09bf\u09b6\u09c1 \u09b9\u09be\u09b8\u09aa\u09be\u09a4\u09be\u09b2)"
      }
    },
    {
      "type": "Feature",
      "geometry": {
        "type": "Point",
        "coordinates": [
          91.7860176,
          22.3581817
        ]
      },
      "properties": {
        "amenity": "clinic",
        "name": "The Prime Lab"
      }
    },
    {
      "type": "Feature",
      "geometry": {
        "type": "Point",
        "coordinates": [
          90.3732098,
          23.8173443
        ]
      },
      "properties": {
        "addr:city": "Dhaka",
        "addr:housenumber": "\u09e7\u09e6",
        "addr:street": "\u09e8",
        "addr:suburb": "Mirpur-11",
        "amenity": "hospital",
        "identifier": "622",
        "name": "BRAC Metarnity Centre(\u09ac\u09cd\u09b0\u09be\u0995 \u09ae\u09c7\u099f\u09be\u09b0\u09a8\u09bf\u099f\u09bf \u09b8\u09c7\u09a8\u09cd\u099f\u09be\u09b0)"
      }
    },
    {
      "type": "Feature",
      "geometry": {
        "type": "Point",
        "coordinates": [
          90.3740054,
          23.8155046
        ]
      },
      "properties": {
        "addr:city": "Dhaka",
        "addr:housenumber": "\u09e9",
        "addr:suburb": "Mirpur-11",
        "amenity": "hospital",
        "identifier": "630",
        "name": "Dr. Priyanka Aziz Chamber(\u09a1\u09be\u0983 \u09aa\u09cd\u09b0\u09bf\u09df\u09be\u0982\u0995\u09be \u0986\u099c\u09bf\u099c \u099a\u09c7\u09ae\u09cd\u09ac\u09be\u09b0)"
      }
    },
    {
      "type": "Feature",
      "geometry": {
        "type": "Point",
        "coordinates": [
          90.3726022,
          23.8166086
        ]
      },
      "properties": {
        "addr:city": "Dhaka",
        "addr:housenumber": "\u09e7",
        "addr:street": "\u09e7\u09e7",
        "addr:suburb": "Mirpur-11",
        "amenity": "clinic",
        "identifier": "625",
        "name": "Friends Dental Care(\u09ab\u09cd\u09b0\u09c7\u09a8\u09cd\u09a1\u09b8 \u09a1\u09c7\u09a8\u09cd\u099f\u09be\u09b2 \u0995\u09c7\u09df\u09be\u09b0)"
      }
    },
    {
      "type": "Feature",
      "geometry": {
        "type": "Point",
        "coordinates": [
          90.3739716,
          23.8173688
        ]
      },
      "properties": {
        "addr:city": "Dhaka",
        "addr:housename": "\u09aa\u09cd\u09b0\u0995\u09b2\u09cd\u09aa \u0985\u09ab\u09bf\u09b8",
        "addr:suburb": "Mirpur-11",
        "amenity": "clinic",
        "identifier": "623",
        "name": "Icddrb field office(\u0986\u0987 \u09b8\u09bf \u09a1\u09bf \u09a1\u09bf \u0986\u09b0 \u09ac\u09bf \u09ab\u09bf\u09b2\u09cd\u09a1 \u0985\u09ab\u09bf\u09b8)"
      }
    },
    {
      "type": "Feature",
      "geometry": {
        "type": "Point",
        "coordinates": [
          90.3651331,
          23.8211953
        ]
      },
      "properties": {
        "addr:city": "Dhaka",
        "addr:housenumber": "\u09ec\u09ed",
        "addr:street": "\u09ea",
        "addr:suburb": "Mirpur-11",
        "amenity": "clinic",
        "identifier": "645",
        "name": "Layla dental clinic(\u09b2\u09be\u09df\u09b2\u09be \u09a1\u09c7\u09a8\u09cd\u099f\u09be\u09b2 \u0995\u09cd\u09b2\u09bf\u09a8\u09bf\u0995)"
      }
    },
    {
      "type": "Feature",
      "geometry": {
        "type": "Point",
        "coordinates": [
          90.3716127,
          23.5503744
        ]
      },
      "properties": {
        "amenity": "clinic",
        "name": "Diabetes Center"
      }
    },
    {
      "type": "Feature",
      "geometry": {
        "type": "Point",
        "coordinates": [
          89.572642,
          22.8096271
        ]
      },
      "properties": {
        "amenity": "hospital",
        "healthcare": "hospital",
        "name": "Nargis Memorial Hospital (Pvt) Ltd."
      }
    },
    {
      "type": "Feature",
      "geometry": {
        "type": "Point",
        "coordinates": [
          90.3694902,
          23.7660616
        ]
      },
      "properties": {
        "amenity": "clinic",
        "healthcare": "clinic"
      }
    },
    {
      "type": "Feature",
      "geometry": {
        "type": "Point",
        "coordinates": [
          91.09171,
          22.8718282
        ]
      },
      "properties": {
        "amenity": "hospital",
        "name": "Prime Hospital"
      }
    },
    {
      "type": "Feature",
      "geometry": {
        "type": "Point",
        "coordinates": [
          90.3800946,
          23.7552277
        ]
      },
      "properties": {
        "amenity": "hospital"
      }
    },
    {
      "type": "Feature",
      "geometry": {
        "type": "Point",
        "coordinates": [
          90.3814159,
          23.7394982
        ]
      },
      "properties": {
        "addr:city": "dhaka city",
        "addr:housenumber": "14/a",
        "addr:postcode": "1205",
        "addr:street": "Dhanmondi Road 2",
        "amenity": "hospital",
        "check_date": "2024-05-02",
        "healthcare": "physiotherapist",
        "label": "48/\u04122",
        "name": "Modern Physiotherapy",
        "source": "survey"
      }
    },
    {
      "type": "Feature",
      "geometry": {
        "type": "Point",
        "coordinates": [
          90.3802694,
          23.7387316
        ]
      },
      "properties": {
        "addr:city": "dhaka city",
        "addr:housenumber": "22/B",
        "addr:postcode": "1205",
        "addr:street": "Dhanmondi Road 2",
        "amenity": "hospital",
        "check_date": "2024-05-02",
        "healthcare": "hospital",
        "label": "3",
        "name": "OHCL",
        "source": "survey"
      }
    },
    {
      "type": "Feature",
      "geometry": {
        "type": "Point",
        "coordinates": [
          90.3801414,
          23.7387093
        ]
      },
      "properties": {
        "addr:city": "dhaka city",
        "addr:housenumber": "22/A",
        "addr:postcode": "1205",
        "addr:street": "Dhanmondi Road 2",
        "amenity": "clinic",
        "healthcare": "clinic",
        "label": "3",
        "name": "Anowara Medical Services"
      }
    },
    {
      "type": "Feature",
      "geometry": {
        "type": "Point",
        "coordinates": [
          90.3830215,
          23.7414038
        ]
      },
      "properties": {
        "amenity": "clinic",
        "healthcare": "clinic",
        "level": "4",
        "name": "Advanced Laser Cosmetic and Skin Care Center"
      }
    },
    {
      "type": "Feature",
      "geometry": {
        "type": "Point",
        "coordinates": [
          90.3828392,
          23.7402722
        ]
      },
      "properties": {
        "amenity": "clinic",
        "healthcare": "clinic",
        "level": "4",
        "name": "Dr. Refayetullah Eye Care Center",
        "opening_hours": "Su-Th 10:00-08:00"
      }
    },
    {
      "type": "Feature",
      "geometry": {
        "type": "Point",
        "coordinates": [
          90.3843013,
          23.7357309
        ]
      },
      "properties": {
        "amenity": "clinic",
        "level": "2",
        "name": "Medona Dental Clinic"
      }
    },
    {
      "type": "Feature",
      "geometry": {
        "type": "Point",
        "coordinates": [
          90.9927378,
          23.7425942
        ]
      },
      "properties": {
        "amenity": "hospital",
        "name": "pharmacy"
      }
    },
    {
      "type": "Feature",
      "geometry": {
        "type": "Point",
        "coordinates": [
          91.0027708,
          23.7441573
        ]
      },
      "properties": {
        "amenity": "hospital",
        "name": "DOYAMOY PHARMACY"
      }
    },
    {
      "type": "Feature",
      "geometry": {
        "type": "Point",
        "coordinates": [
          91.0029587,
          23.7440833
        ]
      },
      "properties": {
        "amenity": "hospital",
        "name": "SRI KISNA PHARMACY"
      }
    },
    {
      "type": "Feature",
      "geometry": {
        "type": "Point",
        "coordinates": [
          91.8249135,
          22.3582562
        ]
      },
      "properties": {
        "amenity": "hospital",
        "name:en": "Evergreen Health Center"
      }
    },
    {
      "type": "Feature",
      "geometry": {
        "type": "Point",
        "coordinates": [
          90.4123789,
          23.7482183
        ]
      },
      "properties": {
        "addr:housenumber": "11",
        "addr:postcode": "1217",
        "addr:street": "\u09a1\u09bf\u0986\u0987\u099f\u09bf \u09b8\u09dc\u0995",
        "amenity": "hospital",
        "healthcare": "hospital",
        "name:en": "Saphena General Hospital",
        "opening_hours": "24/7",
        "phone": "+8801711560347"
      }
    },
    {
      "type": "Feature",
      "geometry": {
        "type": "Point",
        "coordinates": [
          90.4123777,
          23.7481756
        ]
      },
      "properties": {
        "addr:housenumber": "11",
        "addr:postcode": "1217",
        "addr:street": "\u09a1\u09bf\u0986\u0987\u099f\u09bf \u09b8\u09dc\u0995",
        "amenity": "hospital",
        "healthcare": "hospital",
        "name:en": "Saphena Womens Dental College & Hospital"
      }
    },
    {
      "type": "Feature",
      "geometry": {
        "type": "Point",
        "coordinates": [
          90.4078897,
          23.780488
        ]
      },
      "properties": {
        "amenity": "clinic",
        "name": "Rafa Medical Service and Cancer Home"
      }
    },
    {
      "type": "Feature",
      "geometry": {
        "type": "Point",
        "coordinates": [
          90.407903,
          23.7805382
        ]
      },
      "properties": {
        "amenity": "clinic",
        "name": "Reliance Medical Service"
      }
    },
    {
      "type": "Feature",
      "geometry": {
        "type": "Point",
        "coordinates": [
          90.4160348,
          23.743883
        ]
      },
      "properties": {
        "addr:city": "Dhaka",
        "addr:housenumber": "6",
        "addr:postcode": "1217",
        "addr:street": "Shantibagh Rd",
        "amenity": "hospital",
        "name": "Family Dentist"
      }
    },
    {
      "type": "Feature",
      "geometry": {
        "type": "Point",
        "coordinates": [
          90.4075416,
          23.7800716
        ]
      },
      "properties": {
        "amenity": "clinic",
        "name": "DOCTORS Diagnostic Center"
      }
    },
    {
      "type": "Feature",
      "geometry": {
        "type": "Point",
        "coordinates": [
          90.4159896,
          23.7179419
        ]
      },
      "properties": {
        "amenity": "hospital",
        "emergency": "yes",
        "name": "Nibedita General Hospital"
      }
    },
    {
      "type": "Feature",
      "geometry": {
        "type": "Point",
        "coordinates": [
          90.294617,
          24.7134238
        ]
      },
      "properties": {
        "addr:city": "Mymensingh",
        "addr:postcode": "2216",
        "addr:street": "Foraji Bari Road",
        "amenity": "clinic",
        "name": "Bashna Community Clinic"
      }
    },
    {
      "type": "Feature",
      "geometry": {
        "type": "Point",
        "coordinates": [
          90.4163756,
          23.7160002
        ]
      },
      "properties": {
        "amenity": "hospital",
        "name": "\u09ac\u09be\u09b0\u09cd\u09a1\u09c7\u09ae \u09b9\u09be\u09b8\u09aa\u09be\u09a4\u09be\u09b2",
        "name:bn": "\u09ac\u09be\u09b0\u09cd\u09a1\u09c7\u09ae \u09b9\u09be\u09b8\u09aa\u09be\u09a4\u09be\u09b2",
        "name:en": "Bardem Hospital"
      }
    },
    {
      "type": "Feature",
      "geometry": {
        "type": "Point",
        "coordinates": [
          89.2907846,
          25.7350465
        ]
      },
      "properties": {
        "amenity": "hospital"
      }
    },
    {
      "type": "Feature",
      "geometry": {
        "type": "Point",
        "coordinates": [
          90.4165136,
          23.7194239
        ]
      },
      "properties": {
        "amenity": "hospital",
        "name": "Health Care"
      }
    },
    {
      "type": "Feature",
      "geometry": {
        "type": "Point",
        "coordinates": [
          90.4205869,
          23.7396681
        ]
      },
      "properties": {
        "addr:street": "\u0986\u0989\u099f\u09be\u09b0 \u09b8\u09be\u09b0\u09cd\u0995\u09c1\u09b2\u09be\u09b0 \u09b0\u09cb\u09a1",
        "amenity": "hospital",
        "name": "\u0987\u09b8\u09b2\u09be\u09ae\u09bf \u09ac\u09cd\u09af\u09be\u0982\u0995 \u09b9\u09be\u09b8\u09aa\u09be\u09a4\u09be\u09b2 \u09ad\u09ac\u09a8 \u09eb",
        "name:bn": "\u0987\u09b8\u09b2\u09be\u09ae\u09bf \u09ac\u09cd\u09af\u09be\u0982\u0995 \u09b9\u09be\u09b8\u09aa\u09be\u09a4\u09be\u09b2 \u09ad\u09ac\u09a8 \u09eb",
        "name:en": "Islami Bank Hospital Buding 5"
      }
    },
    {
      "type": "Feature",
      "geometry": {
        "type": "Point",
        "coordinates": [
          90.4222603,
          23.7380452
        ]
      },
      "properties": {
        "addr:street": "\u0986\u0989\u099f\u09be\u09b0 \u09b8\u09be\u09b0\u09cd\u0995\u09c1\u09b2\u09be\u09b0 \u09b0\u09cb\u09a1",
        "amenity": "hospital",
        "name": "\u09aa\u09cd\u09af\u09be\u09a8 \u09aa\u09cd\u09af\u09be\u09b8\u09bf\u09ab\u09bf\u0995 \u09b9\u09be\u09b8\u09aa\u09be\u09a4\u09be\u09b2",
        "name:bn": "\u09aa\u09cd\u09af\u09be\u09a8 \u09aa\u09cd\u09af\u09be\u09b8\u09bf\u09ab\u09bf\u0995 \u09b9\u09be\u09b8\u09aa\u09be\u09a4\u09be\u09b2",
        "name:en": "Pan pacific Hospital"
      }
    },
    {
      "type": "Feature",
      "geometry": {
        "type": "Point",
        "coordinates": [
          88.5930964,
          24.3752744
        ]
      },
      "properties": {
        "amenity": "clinic",
        "name": "\u09b0\u09be\u099c\u09b6\u09be\u09b9\u09c0 \u09ae\u09a1\u09c7\u09b2 \u09b9\u09be\u09b8\u09aa\u09be\u09a4\u09be\u09b2",
        "name:en": "Rajshahi Model Hospital"
      }
    },
    {
      "type": "Feature",
      "geometry": {
        "type": "Point",
        "coordinates": [
          90.3688928,
          23.823019
        ]
      },
      "properties": {
        "addr:city": "Dhaka",
        "addr:housenumber": "\u09e7\u09eb\u09e7",
        "addr:street": "\u09ea",
        "addr:suburb": "Mirpur-12",
        "amenity": "hospital",
        "healthcare": "hospital",
        "identifier": "670",
        "name": "Dr Ainul Islam Khan Chamber(\u09a1 \u0986\u0987\u09a8\u09c1\u09b2 \u0987\u09b8\u09b2\u09be\u09ae \u099a\u09c7\u09ae\u09cd\u09ac\u09be\u09b0)"
      }
    },
    {
      "type": "Feature",
      "geometry": {
        "type": "Point",
        "coordinates": [
          90.3689304,
          23.8228712
        ]
      },
      "properties": {
        "addr:city": "Dhaka",
        "addr:housenumber": "\u09e7\u09eb\u09e7",
        "addr:street": "\u09ee",
        "addr:suburb": "Mirpur-12",
        "amenity": "hospital",
        "healthcare": "hospital",
        "identifier": "672",
        "name": "Dr Nighat Rahman Chamber(\u09a1 \u09a8\u09bf\u0998\u09be\u09a4 \u09b0\u09b9\u09ae\u09be\u09a8)"
      }
    },
    {
      "type": "Feature",
      "geometry": {
        "type": "Point",
        "coordinates": [
          90.368862,
          23.8230876
        ]
      },
      "properties": {
        "addr:city": "Dhaka",
        "addr:housenumber": "\u09e7\u09ec\u09e7",
        "addr:street": "\u09ef",
        "addr:suburb": "Mirpur-12",
        "amenity": "hospital",
        "healthcare": "hospital",
        "identifier": "669",
        "name": "Dr Sayeda Dil Afroz Chamber(\u09a1 \u09b8\u09be\u09df\u09c7\u09a6\u09be \u09a6\u09bf\u09b2 \u0986\u09ab\u09b0\u09cb\u099c)"
      }
    },
    {
      "type": "Feature",
      "geometry": {
        "type": "Point",
        "coordinates": [
          90.3670085,
          23.8165263
        ]
      },
      "properties": {
        "addr:city": "Dhaka",
        "addr:housenumber": "\u09e7\u09e9",
        "addr:street": "\u09ea",
        "addr:suburb": "Mirpur-11",
        "amenity": "clinic",
        "healthcare": "clinic",
        "identifier": "762",
        "name": "Fatema nursing home(\u09ab\u09be\u09a4\u09c7\u09ae\u09be \u09a8\u09be\u09b0\u09cd\u09b8\u09bf\u0982 \u09b9\u09cb\u09ae)"
      }
    },
    {
      "type": "Feature",
      "geometry": {
        "type": "Point",
        "coordinates": [
          90.3679193,
          23.8285519
        ]
      },
      "properties": {
        "addr:city": "Dhaka",
        "addr:housenumber": "\u09e7/\u09ea\u09ee",
        "addr:suburb": "Mirpur-12",
        "amenity": "clinic",
        "healthcare": "clinic",
        "identifier": "689",
        "name": "Monoara Dental Care(\u09ae\u09a8\u09cb\u0986\u09b0\u09be \u09a1\u09c7\u09a8\u09cd\u099f\u09be\u09b2 \u0995\u09c7\u09df\u09be\u09b0)"
      }
    },
    {
      "type": "Feature",
      "geometry": {
        "type": "Point",
        "coordinates": [
          90.3680954,
          23.8282386
        ]
      },
      "properties": {
        "addr:city": "Dhaka",
        "addr:housename": "\u09e7",
        "addr:housenumber": "\u09e7\u09e6",
        "addr:street": "\u09e9\u09ec",
        "addr:suburb": "Mirpur-12",
        "amenity": "clinic",
        "healthcare": "clinic",
        "identifier": "692",
        "name": "Oral Dental Care(\u0993\u09b0\u09be\u09b2 \u09a1\u09c7\u09a8\u09cd\u099f\u09be\u09b2 \u0995\u09c7\u09df\u09be\u09b0)"
      }
    },
    {
      "type": "Feature",
      "geometry": {
        "type": "Point",
        "coordinates": [
          90.3662785,
          23.8268842
        ]
      },
      "properties": {
        "addr:city": "Dhaka",
        "addr:housenumber": "\u09e6\u09e7",
        "addr:street": "\u09e6\u09ec",
        "addr:suburb": "Mirpur-12",
        "amenity": "hospital",
        "healthcare": "hospital",
        "identifier": "675",
        "name": "Popular Medicine Corner (\u09aa\u09aa\u09c1\u09b2\u09be\u09b0 \u09ae\u09c7\u09a1\u09bf\u09b8\u09bf\u09a8 \u0995\u09b0\u09cd\u09a8\u09be\u09b0)"
      }
    },
    {
      "type": "Feature",
      "geometry": {
        "type": "Point",
        "coordinates": [
          90.3648013,
          23.8265626
        ]
      },
      "properties": {
        "addr:city": "Dhaka",
        "addr:housenumber": "71",
        "addr:street": "6",
        "addr:suburb": "Mirpur-12",
        "amenity": "hospital",
        "check_date": "2025-11-15",
        "identifier": "676",
        "name": "Rabeya Maternity(\u09b0\u09be\u09ac\u09c7\u09df\u09be \u09ae\u09cd\u09af\u09be\u099f\u09be\u09b0\u09a8\u09bf\u099f\u09bf)"
      }
    },
    {
      "type": "Feature",
      "geometry": {
        "type": "Point",
        "coordinates": [
          90.368929,
          23.8228939
        ]
      },
      "properties": {
        "addr:city": "Dhaka",
        "addr:housenumber": "\u09e7\u09eb\u09e7",
        "addr:street": "\u09ee",
        "addr:suburb": "Mirpur-12",
        "amenity": "hospital",
        "healthcare": "hospital",
        "identifier": "671",
        "name": "Shishir Medical Hall(\u09b6\u09bf\u09b6\u09bf\u09b0 \u09ae\u09c7\u09a1\u09bf\u0995\u09cd\u09af\u09be\u09b2 \u09b9\u09b2)"
      }
    },
    {
      "type": "Feature",
      "geometry": {
        "type": "Point",
        "coordinates": [
          90.3951924,
          23.77499
        ]
      },
      "properties": {
        "addr:street": "Bir Uttam Ziaur Rahman Road",
        "amenity": "hospital",
        "name": "Ayesha Memorial Hospital",
        "name:en": "Ayesha Memorial Hospital"
      }
    },
    {
      "type": "Feature",
      "geometry": {
        "type": "Point",
        "coordinates": [
          90.4010657,
          23.7474961
        ]
      },
      "properties": {
        "addr:housenumber": "135",
        "addr:postcode": "1000",
        "addr:street": "New Easkaton Road",
        "amenity": "hospital",
        "healthcare": "hospital",
        "name:en": "S.P.R.C & Neurology Hospital",
        "opening_hours": "24/7",
        "phone": "+88029339089"
      }
    },
    {
      "type": "Feature",
      "geometry": {
        "type": "Point",
        "coordinates": [
          90.3640549,
          23.8234676
        ]
      },
      "properties": {
        "addr:city": "Dhaka",
        "addr:housenumber": "\u09ed",
        "addr:street": "\u09e8",
        "addr:suburb": "N/A",
        "amenity": "hospital",
        "identifier": "1035",
        "name": "Alok health Care(\u0986\u09b2\u09cb\u0995 \u09b9\u09c7\u09b2\u09a5 \u0995\u09c7\u09df\u09be\u09b0)",
        "wheelchair": "no"
      }
    },
    {
      "type": "Feature",
      "geometry": {
        "type": "Point",
        "coordinates": [
          90.3627322,
          23.8264832
        ]
      },
      "properties": {
        "addr:city": "Dhaka",
        "addr:housenumber": "\u09e7\u09ee",
        "addr:street": "\u09ea",
        "addr:suburb": "N/A",
        "amenity": "hospital",
        "identifier": "968",
        "name": "Anwara Nursing Home(\u0986\u09a8\u09cb\u09df\u09be\u09b0\u09be \u09a8\u09be\u09b0\u09cd\u09b8\u09bf\u0982 \u09b9\u09cb\u09ae)"
      }
    },
    {
      "type": "Feature",
      "geometry": {
        "type": "Point",
        "coordinates": [
          90.3635259,
          23.8243032
        ]
      },
      "properties": {
        "addr:city": "Dhaka",
        "addr:housenumber": "\u09e7\u09e8",
        "addr:street": "\u09e7",
        "addr:suburb": "N/A",
        "amenity": "hospital",
        "identifier": "1020",
        "name": "Asia Health Care and Diagonistic Centre(\u098f\u09b8\u09bf\u09df\u09be \u09b9\u09c7\u09b2\u09a5 \u0995\u09c7\u09df\u09be\u09b0 \u0985\u09cd\u09af\u09be\u09a8\u09cd\u09a1 \u09a1\u09be\u09df\u09be\u0997\u09a8\u09bf\u09b8\u09cd\u099f\u09bf\u0995 \u09b8\u09c7\u09a8\u09cd\u099f\u09be\u09b0)"
      }
    },
    {
      "type": "Feature",
      "geometry": {
        "type": "Point",
        "coordinates": [
          90.3700976,
          23.8277311
        ]
      },
      "properties": {
        "addr:city": "Dhaka",
        "addr:housenumber": "\u09ed",
        "addr:suburb": "N/A",
        "amenity": "hospital",
        "healthcare": "hospital",
        "identifier": "958",
        "name": "Brac Maternity Centre(\u09ac\u09cd\u09b0\u09cd\u09af\u09be\u0995 \u09ae\u09c7\u099f\u09be\u09b0\u09cd\u09a8\u09bf\u099f\u09bf \u09b8\u09c7\u09a8\u09cd\u099f\u09be\u09b0)"
      }
    },
    {
      "type": "Feature",
      "geometry": {
        "type": "Point",
        "coordinates": [
          90.3640021,
          23.8231799
        ]
      },
      "properties": {
        "addr:city": "Dhaka",
        "addr:housename": "\u09eb",
        "addr:street": "\u09e8",
        "addr:suburb": "N/A",
        "amenity": "hospital",
        "identifier": "1038",
        "name": "Chowdury Doctors Chamber(\u099a\u09cc\u09a7\u09c1\u09b0\u09c0 \u09a1\u0995\u09cd\u099f\u09b0\u09b8 \u099a\u09c7\u09ae\u09cd\u09ac\u09be\u09b0)"
      }
    },
    {
      "type": "Feature",
      "geometry": {
        "type": "Point",
        "coordinates": [
          90.3655817,
          23.8252045
        ]
      },
      "properties": {
        "addr:city": "Dhaka",
        "addr:housenumber": "137",
        "addr:street": "03",
        "addr:suburb": "N/A",
        "amenity": "clinic",
        "identifier": "963",
        "name": "Cosmic Health And Dental Care(\u0995\u09b8\u09ae\u09bf\u0995 \u09b9\u09c7\u09b2\u09a5 \u098f\u09a8\u09cd\u09a1 \u09a1\u09c7\u09a8\u09cd\u099f\u09be\u09b2 \u0995\u09c7\u09df\u09be\u09b0)"
      }
    },
    {
      "type": "Feature",
      "geometry": {
        "type": "Point",
        "coordinates": [
          90.3633351,
          23.8242689
        ]
      },
      "properties": {
        "addr:city": "Dhaka",
        "addr:street": "\u09e7",
        "addr:suburb": "N/A",
        "amenity": "clinic",
        "identifier": "1029",
        "name": "Dentist Square(\u09a1\u09c7\u09a8\u09cd\u099f\u09bf\u09b8\u09cd\u099f \u09b8\u09cd\u0995\u09df\u09be\u09b0)"
      }
    },
    {
      "type": "Feature",
      "geometry": {
        "type": "Point",
        "coordinates": [
          90.3639301,
          23.8218002
        ]
      },
      "properties": {
        "addr:city": "Dhaka",
        "addr:housenumber": "7",
        "addr:postcode": "1216",
        "addr:street": "8",
        "addr:suburb": "N/A",
        "amenity": "clinic",
        "contact:facebook": "gksavar",
        "contact:instagram": "gksavar",
        "contact:twitter": "gksavarHQ",
        "email": "rinapandit.gk@gmail.com",
        "identifier": "1045",
        "name": "Gonoshasthaya Nagar Hospital mirpur (\u0997\u09a3\u09b8\u09cd\u09ac\u09be\u09b8\u09cd\u09a5\u09cd\u09af \u09a8\u0997\u09b0 \u09b9\u09be\u09b8\u09aa\u09be\u09a4\u09be\u09b2 \u09e8 \u09ae\u09bf\u09b0\u09aa\u09c1\u09b0)",
        "opening_hours": "24/7",
        "phone": "+8801712109375;+8804477751250",
        "website": "https://gonoshasthayakendra.com/"
      }
    },
    {
      "type": "Feature",
      "geometry": {
        "type": "Point",
        "coordinates": [
          90.3582017,
          23.827728
        ]
      },
      "properties": {
        "addr:city": "Dhaka",
        "addr:housename": "\u09aa\u09cd\u09b2\u099f \u09e8\u09ed",
        "addr:street": "\u09ea",
        "addr:suburb": "N/A",
        "amenity": "clinic",
        "identifier": "999",
        "name": "Hope Bangladesh Matri Seba Dan Kendro(\u09b9\u09cb\u09aa \u09ac\u09be\u0982\u09b2\u09be\u09a6\u09c7\u09b6 \u09ae\u09be\u09a4\u09c3\u09b8\u09c7\u09ac\u09be\u09a6\u09be\u09a8 \u0995\u09c7\u09a8\u09cd\u09a6\u09cd\u09b0)"
      }
    },
    {
      "type": "Feature",
      "geometry": {
        "type": "Point",
        "coordinates": [
          90.3588367,
          23.8278871
        ]
      },
      "properties": {
        "addr:city": "Dhaka",
        "addr:housenumber": "\u09e7\u09e8",
        "addr:street": "\u09e8\u09ef",
        "addr:suburb": "N/A",
        "amenity": "hospital",
        "identifier": "967",
        "name": "Khandakar Chamber(\u0996\u09a8\u09cd\u09a6\u0995\u09be\u09b0 \u099a\u09c7\u09ae\u09cd\u09ac\u09be\u09b0)"
      }
    },
    {
      "type": "Feature",
      "geometry": {
        "type": "Point",
        "coordinates": [
          90.364036,
          23.8233215
        ]
      },
      "properties": {
        "addr:city": "Dhaka",
        "addr:housenumber": "\u09ea",
        "addr:street": "\u09e8",
        "addr:suburb": "N/A",
        "amenity": "clinic",
        "identifier": "1036",
        "name": "M I Dental Care(\u098f\u09ae \u0986\u0987 \u09a1\u09c7\u09a8\u09cd\u099f\u09be\u09b2 \u0995\u09c7\u09df\u09be\u09b0)",
        "opening_hours": "Sa-Th 11:00-13:00,18:00-22:00",
        "wheelchair": "no"
      }
    },
    {
      "type": "Feature",
      "geometry": {
        "type": "Point",
        "coordinates": [
          90.3615085,
          23.8278582
        ]
      },
      "properties": {
        "addr:city": "Dhaka",
        "addr:housenumber": "\u09e7",
        "addr:street": "road -25",
        "addr:suburb": "N/A",
        "amenity": "clinic",
        "healthcare": "clinic",
        "identifier": "969",
        "name": "Medic Health Care Ltd.(\u09ae\u09c7\u09a1\u09bf\u0995 \u09b9\u09c7\u09b2\u09a5 \u0995\u09c7\u09df\u09be\u09b0 \u09b2\u09bf:)"
      }
    },
    {
      "type": "Feature",
      "geometry": {
        "type": "Point",
        "coordinates": [
          90.364094,
          23.8229753
        ]
      },
      "properties": {
        "addr:city": "Dhaka",
        "addr:housenumber": "\u09e7",
        "addr:street": "\u09e8",
        "addr:suburb": "N/A",
        "amenity": "clinic",
        "identifier": "1037",
        "name": "Pallabi Dental Clinic(\u09aa\u09b2\u09cd\u09b2\u09ac\u09c0 \u09a1\u09c7\u09a8\u09cd\u099f\u09be\u09b2 \u0995\u09cd\u09b2\u09bf\u09a8\u09bf\u0995)",
        "opening_hours": "Mo-Su 09:00-16:00",
        "wheelchair": "no"
      }
    },
    {
      "type": "Feature",
      "geometry": {
        "type": "Point",
        "coordinates": [
          90.3638623,
          23.8277468
        ]
      },
      "properties": {
        "addr:city": "Dhaka",
        "addr:housenumber": "\u09e7\u09ea",
        "addr:street": "\u09e7",
        "addr:suburb": "N/A",
        "amenity": "hospital",
        "check_date": "2022-10-11",
        "emergency": "yes",
        "healthcare": "hospital",
        "healthcare:speciality": "general",
        "identifier": "1013",
        "name": "Regent Hospital Ltd(\u09b0\u09bf\u099c\u09c7\u09a8\u09cd\u099f \u09b9\u09b8\u09aa\u09bf\u099f\u09be\u09b2 \u09b2\u09bf\u09ae\u09bf\u099f\u09c7\u09a1)",
        "operator:type": "private",
        "source": "local knowledge",
        "wheelchair": "yes"
      }
    },
    {
      "type": "Feature",
      "geometry": {
        "type": "Point",
        "coordinates": [
          90.3576258,
          23.8228059
        ]
      },
      "properties": {
        "addr:city": "Dhaka",
        "addr:housenumber": "\u09e7\u09eb",
        "addr:suburb": "N/A",
        "amenity": "hospital",
        "identifier": "1031",
        "name": "Shishu Niramoy",
        "name:bn": "\u09b6\u09bf\u09b6\u09c1 \u09a8\u09bf\u09b0\u09be\u09ae\u09df"
      }
    },
    {
      "type": "Feature",
      "geometry": {
        "type": "Point",
        "coordinates": [
          90.3624154,
          23.8221997
        ]
      },
      "properties": {
        "addr:city": "Dhaka",
        "addr:housenumber": "\u09e7",
        "addr:street": "\u09e8/\u09b8\u09bf",
        "addr:suburb": "N/A",
        "amenity": "clinic",
        "identifier": "1033",
        "name": "Tania Hafij (Mukta) Chamber(\u09a4\u09be\u09a8\u09bf\u09df\u09be \u09b9\u09be\u09ab\u09bf\u099c (\u09ae\u09c1\u0995\u09cd\u09a4\u09be) \u099a\u09c7\u09ae\u09cd\u09ac\u09be\u09b0)"
      }
    },
    {
      "type": "Feature",
      "geometry": {
        "type": "Point",
        "coordinates": [
          90.4173008,
          23.7358126
        ]
      },
      "properties": {
        "addr:street": "Rajarbagh",
        "amenity": "clinic",
        "healthcare": "clinic",
        "name:en": "Central Police Hospital"
      }
    },
    {
      "type": "Feature",
      "geometry": {
        "type": "Point",
        "coordinates": [
          89.231921,
          25.7641337
        ]
      },
      "properties": {
        "addr:street": "Shohid Mukter Elahi Shorony",
        "amenity": "clinic",
        "healthcare": "clinic",
        "name:en": "JC vaban"
      }
    },
    {
      "type": "Feature",
      "geometry": {
        "type": "Point",
        "coordinates": [
          89.2328921,
          25.7638701
        ]
      },
      "properties": {
        "amenity": "clinic",
        "name": "Sondhany Clinic"
      }
    },
    {
      "type": "Feature",
      "geometry": {
        "type": "Point",
        "coordinates": [
          90.3368667,
          23.7304156
        ]
      },
      "properties": {
        "amenity": "clinic",
        "name": "Arafat Hospital & Diagonostic Center",
        "source": "Esri, Survey"
      }
    },
    {
      "type": "Feature",
      "geometry": {
        "type": "Point",
        "coordinates": [
          90.4142018,
          23.7623127
        ]
      },
      "properties": {
        "amenity": "clinic"
      }
    },
    {
      "type": "Feature",
      "geometry": {
        "type": "Point",
        "coordinates": [
          90.4136022,
          23.7627644
        ]
      },
      "properties": {
        "amenity": "clinic"
      }
    },
    {
      "type": "Feature",
      "geometry": {
        "type": "Point",
        "coordinates": [
          91.1790459,
          23.4528899
        ]
      },
      "properties": {
        "addr:street": "Comilla - Laksam Road",
        "amenity": "clinic",
        "name:en": "Holy Care Hospital"
      }
    },
    {
      "type": "Feature",
      "geometry": {
        "type": "Point",
        "coordinates": [
          90.4257155,
          23.7831714
        ]
      },
      "properties": {
        "addr:city": "Dhaka",
        "addr:postcode": "1212",
        "addr:street": "Bir Uttam Rafiqul Islam Ave",
        "amenity": "hospital",
        "healthcare": "hospital",
        "name": "Ibn Sina Diagnostic & Consultation Center, Building-1",
        "name:bn": "\u0987\u09ac\u09a8\u09c7 \u09b8\u09bf\u09a8\u09be \u09a1\u09be\u09af\u09bc\u09be\u0997\u09a8\u09b8\u09cd\u099f\u09bf\u0995 \u0993 \u0995\u09a8\u09b8\u09be\u09b2\u099f\u09c7\u09b6\u09a8 \u09b8\u09c7\u09a8\u09cd\u099f\u09be\u09b0, \u09ad\u09ac\u09a8-\u09e7"
      }
    },
    {
      "type": "Feature",
      "geometry": {
        "type": "Point",
        "coordinates": [
          89.2517356,
          25.7534136
        ]
      },
      "properties": {
        "amenity": "clinic",
        "name": "Standard Dental Lab"
      }
    },
    {
      "type": "Feature",
      "geometry": {
        "type": "Point",
        "coordinates": [
          90.376599,
          23.7196262
        ]
      },
      "properties": {
        "amenity": "clinic",
        "name": "Marie Stopes Clinic",
        "source": "NextView"
      }
    },
    {
      "type": "Feature",
      "geometry": {
        "type": "Point",
        "coordinates": [
          90.3770353,
          23.7177407
        ]
      },
      "properties": {
        "amenity": "hospital",
        "name": "\u0995\u09c1\u09dc\u09be\u09b0\u0998\u09be\u099f \u09e9\u09e8 \u09b6\u09af\u09cd\u09af\u09be \u09ac\u09bf\u09b6\u09bf\u09b7\u09cd\u099f \u09b9\u09be\u09b8\u09aa\u09be\u09a4\u09be\u09b2",
        "name:en": "Kamrangirchar Govt. Hospital",
        "operator": "Govt.",
        "source": "NextView"
      }
    },
    {
      "type": "Feature",
      "geometry": {
        "type": "Point",
        "coordinates": [
          89.5673462,
          22.8117315
        ]
      },
      "properties": {
        "amenity": "clinic",
        "healthcare": "clinic",
        "name": "Shandhani clinic"
      }
    },
    {
      "type": "Feature",
      "geometry": {
        "type": "Point",
        "coordinates": [
          90.368105,
          23.7723586
        ]
      },
      "properties": {
        "amenity": "hospital",
        "healthcare": "hospital",
        "name": "\u099c\u09be\u09a4\u09c0\u09af\u09bc \u09ae\u09be\u09a8\u09b8\u09bf\u0995 \u09b8\u09cd\u09ac\u09be\u09b8\u09cd\u09a5\u09cd\u09af \u0987\u09a8\u09b8\u09cd\u099f\u09bf\u099f\u09bf\u0989\u099f \u098f\u09a8\u09cd\u09a1 \u09b9\u09b8\u09aa\u09bf\u099f\u09be\u09b2",
        "wheelchair": "yes"
      }
    },
    {
      "type": "Feature",
      "geometry": {
        "type": "Point",
        "coordinates": [
          90.3819718,
          23.745296
        ]
      },
      "properties": {
        "addr:city": "Dhaka",
        "addr:housenumber": "House no 17",
        "addr:postcode": "1205",
        "addr:street": "Dhanmondi Road no 5",
        "amenity": "hospital",
        "emergency": "yes",
        "healthcare": "hospital",
        "name": "Anwar Khan Modern Medical College Hospital",
        "phone": "+88028614927",
        "wheelchair": "yes",
        "wikidata": "Q4778088",
        "wikimedia_commons": "Category:Anwer Khan Modern Medical College",
        "wikipedia": "en:Anwer Khan Modern Medical College"
      }
    },
    {
      "type": "Feature",
      "geometry": {
        "type": "Point",
        "coordinates": [
          90.385869,
          23.7463756
        ]
      },
      "properties": {
        "amenity": "clinic",
        "healthcare": "clinic",
        "name:en": "Green Life Centre for Rheumatic Care and Research"
      }
    },
    {
      "type": "Feature",
      "geometry": {
        "type": "Point",
        "coordinates": [
          89.5974757,
          24.1760415
        ]
      },
      "properties": {
        "addr:city": "Shahzadpur,Sirajganj",
        "addr:housenumber": "83",
        "addr:postcode": "6770",
        "addr:street": "Dakbangla Road",
        "amenity": "clinic",
        "email": "mdabulhossaindr.1965@gmail.com",
        "healthcare": "clinic",
        "internet_access": "wlan",
        "name:en": "Prottasha Diagnostic Centre",
        "opening_hours": "Mo-Su 09:00-12:15, 18:45-22:00",
        "operator": "Dr. Md. Abul Hossain",
        "phone": "+8801711483810"
      }
    },
    {
      "type": "Feature",
      "geometry": {
        "type": "Point",
        "coordinates": [
          90.3654004,
          23.7625162
        ]
      },
      "properties": {
        "amenity": "hospital",
        "name:en": "Mohammadpur Infertility Care & Research Centre (ICRC)"
      }
    },
    {
      "type": "Feature",
      "geometry": {
        "type": "Point",
        "coordinates": [
          90.4236155,
          23.7078377
        ]
      },
      "properties": {
        "addr:city": "Gandaria, Dhaka",
        "addr:housenumber": "111/1/A",
        "addr:postcode": "1204",
        "addr:street": "Distillery Road",
        "amenity": "hospital",
        "emergency": "yes",
        "healthcare": "hospital",
        "healthcare:speciality": "general",
        "name": "Asgar Ali Hospital",
        "operator": "01787-683333",
        "operator:type": "private",
        "website": "https://asgaralihospital.com/"
      }
    },
    {
      "type": "Feature",
      "geometry": {
        "type": "Point",
        "coordinates": [
          90.3714352,
          23.7614978
        ]
      },
      "properties": {
        "amenity": "clinic",
        "name": "Kriya, Drug Rehabilitation Center"
      }
    },
    {
      "type": "Feature",
      "geometry": {
        "type": "Point",
        "coordinates": [
          89.2316225,
          25.7644887
        ]
      },
      "properties": {
        "amenity": "clinic",
        "healthcare": "clinic",
        "name": "Star Clinic"
      }
    },
    {
      "type": "Feature",
      "geometry": {
        "type": "Point",
        "coordinates": [
          90.3744592,
          23.756797
        ]
      },
      "properties": {
        "amenity": "hospital",
        "name": "Mother Care Hospital"
      }
    },
    {
      "type": "Feature",
      "geometry": {
        "type": "Point",
        "coordinates": [
          90.3680317,
          23.8276494
        ]
      },
      "properties": {
        "addr:housenumber": "48",
        "addr:postcode": "1216",
        "addr:street": "Block-C,Line-12.",
        "amenity": "hospital",
        "healthcare": "hospital",
        "internet_access": "wlan",
        "name:en": "English",
        "phone": "+8801717168522"
      }
    },
    {
      "type": "Feature",
      "geometry": {
        "type": "Point",
        "coordinates": [
          90.3854888,
          23.7461412
        ]
      },
      "properties": {
        "addr:housenumber": "32",
        "addr:postcode": "1205",
        "addr:street": "Green Road",
        "amenity": "hospital",
        "healthcare": "hospital",
        "internet_access": "wlan",
        "name": "Green Life College",
        "name:en": "Green Life Medical College Hospital",
        "opening_hours": "24/7",
        "phone": "+88029612345",
        "website": "https://www.greenlife.edu.bd/"
      }
    },
    {
      "type": "Feature",
      "geometry": {
        "type": "Point",
        "coordinates": [
          89.7034322,
          24.2267292
        ]
      },
      "properties": {
        "addr:street": "Enayetpur, Sirajganj",
        "amenity": "hospital",
        "internet_access": "wlan",
        "name:en": "Khwaja Yunus Ali Medical College and Hospital",
        "phone": "+88075163761",
        "website": "https://www.kyamch.org/"
      }
    },
    {
      "type": "Feature",
      "geometry": {
        "type": "Point",
        "coordinates": [
          90.3857644,
          23.7465544
        ]
      },
      "properties": {
        "addr:street": "Green Road",
        "amenity": "hospital",
        "healthcare": "hospital",
        "name": "Green Life Medical College"
      }
    },
    {
      "type": "Feature",
      "geometry": {
        "type": "Point",
        "coordinates": [
          89.8198638,
          22.9490174
        ]
      },
      "properties": {
        "amenity": "hospital",
        "name:zh": "\u773c\u79d1\u533b\u9662"
      }
    },
    {
      "type": "Feature",
      "geometry": {
        "type": "Point",
        "coordinates": [
          90.1981656,
          22.892133
        ]
      },
      "properties": {
        "amenity": "clinic",
        "name:en": "Khondokar Medical Hall"
      }
    },
    {
      "type": "Feature",
      "geometry": {
        "type": "Point",
        "coordinates": [
          90.3681201,
          23.8095357
        ]
      },
      "properties": {
        "addr:housenumber": "1",
        "addr:postcode": "1216",
        "addr:street": "\u098f\u09ad\u09bf\u09a8\u09bf\u0989 -\u09e7",
        "amenity": "hospital",
        "check_date": "2024-07-14",
        "internet_access": "no",
        "name": "Popular Diagnostic Center Ltd Unit-2",
        "name:bn": "\u09aa\u09aa\u09c1\u09b2\u09be\u09b0 \u09a1\u09be\u09df\u09be\u0997\u09a8\u09b8\u09cd\u099f\u09bf\u0995 \u09b8\u09c7\u09a8\u09cd\u099f\u09be\u09b0",
        "payment:cash": "yes",
        "payment:credit_cards": "yes",
        "payment:debit_cards": "yes",
        "tourism": "hostel",
        "wheelchair": "yes"
      }
    },
    {
      "type": "Feature",
      "geometry": {
        "type": "Point",
        "coordinates": [
          90.3676969,
          23.8110252
        ]
      },
      "properties": {
        "addr:street": "Road-5",
        "amenity": "clinic",
        "check_date": "2025-01-15",
        "internet_access": "no",
        "name": "DGLab",
        "name:en": "Merry's Stops",
        "opening_hours": "24/7",
        "operator:type": "private",
        "payment:mastercard": "yes",
        "payment:visa": "yes",
        "wheelchair": "yes"
      }
    },
    {
      "type": "Feature",
      "geometry": {
        "type": "Point",
        "coordinates": [
          90.3966587,
          23.8689119
        ]
      },
      "properties": {
        "addr:housenumber": "22",
        "addr:postcode": "1230",
        "addr:street": "Robindro Sharoni",
        "amenity": "clinic",
        "email": "umhosbd@gmail.com",
        "internet_access": "wlan",
        "name:en": "Uttara modern hospital",
        "opening_hours": "24/7",
        "operator": "Dr Dilruba Khanom",
        "phone": "+8801769398700"
      }
    },
    {
      "type": "Feature",
      "geometry": {
        "type": "Point",
        "coordinates": [
          90.4535587,
          23.8351199
        ]
      },
      "properties": {
        "addr:housenumber": "4",
        "addr:postcode": "1229",
        "addr:street": "Khilkhet Isapura",
        "amenity": "hospital",
        "healthcare": "hospital",
        "internet_access": "wlan",
        "name": "Ashiyan Medical College Hospital",
        "name:en": "Ashiyan Medical College Hospital",
        "phone": "+8801713895345"
      }
    },
    {
      "type": "Feature",
      "geometry": {
        "type": "Point",
        "coordinates": [
          91.8070098,
          22.3227283
        ]
      },
      "properties": {
        "amenity": "hospital"
      }
    },
    {
      "type": "Feature",
      "geometry": {
        "type": "Point",
        "coordinates": [
          91.7964792,
          22.3134448
        ]
      },
      "properties": {
        "amenity": "hospital",
        "name": "\u099a\u099f\u09cd\u099f\u0997\u09cd\u09b0\u09be\u09ae \u09ac\u09a8\u09cd\u09a6\u09b0 \u09b9\u09be\u09b8\u09aa\u09be\u09a4\u09be\u09b2",
        "name:en": "Chiitagong Port Hospital"
      }
    },
    {
      "type": "Feature",
      "geometry": {
        "type": "Point",
        "coordinates": [
          91.8334685,
          22.3331232
        ]
      },
      "properties": {
        "amenity": "hospital",
        "name": "Memon-2"
      }
    },
    {
      "type": "Feature",
      "geometry": {
        "type": "Point",
        "coordinates": [
          89.2254419,
          24.0310438
        ]
      },
      "properties": {
        "addr:postcode": "6600",
        "addr:street": "Pabna City Bypass",
        "amenity": "hospital",
        "email": "pabna@crp-bangladesh.org",
        "name:en": "CRP- Pabna diabetic shamity",
        "opening_hours": "Sa-Th",
        "phone": "+8801730059516"
      }
    },
    {
      "type": "Feature",
      "geometry": {
        "type": "Point",
        "coordinates": [
          90.381317,
          23.7523137
        ]
      },
      "properties": {
        "addr:street": "Pantha Path",
        "amenity": "hospital",
        "healthcare": "hospital",
        "name:en": "Square hospital extension bldg"
      }
    },
    {
      "type": "Feature",
      "geometry": {
        "type": "Point",
        "coordinates": [
          91.0123001,
          24.0410539
        ]
      },
      "properties": {
        "amenity": "hospital",
        "name:en": "APSCL medical"
      }
    },
    {
      "type": "Feature",
      "geometry": {
        "type": "Point",
        "coordinates": [
          91.8060306,
          22.4015361
        ]
      },
      "properties": {
        "amenity": "hospital",
        "name:en": "Chittagong cantonment"
      }
    },
    {
      "type": "Feature",
      "geometry": {
        "type": "Point",
        "coordinates": [
          91.2100454,
          22.8930061
        ]
      },
      "properties": {
        "amenity": "clinic",
        "internet_access": "wlan"
      }
    },
    {
      "type": "Feature",
      "geometry": {
        "type": "Point",
        "coordinates": [
          91.1182935,
          24.0711405
        ]
      },
      "properties": {
        "amenity": "hospital",
        "name": "Sarail Upazila Health Complex"
      }
    },
    {
      "type": "Feature",
      "geometry": {
        "type": "Point",
        "coordinates": [
          91.41739,
          24.3722667
        ]
      },
      "properties": {
        "amenity": "hospital",
        "healthcare": "hospital",
        "name:en": "Marry stopes"
      }
    },
    {
      "type": "Feature",
      "geometry": {
        "type": "Point",
        "coordinates": [
          90.2582911,
          23.8422245
        ]
      },
      "properties": {
        "addr:street": "Thana Road",
        "amenity": "clinic",
        "name:en": "Deep clinic"
      }
    },
    {
      "type": "Feature",
      "geometry": {
        "type": "Point",
        "coordinates": [
          89.5386225,
          22.8267389
        ]
      },
      "properties": {
        "addr:postcode": "9000",
        "addr:street": "Doctor Para,, boyra,, Khulna. outer by-pass",
        "amenity": "hospital",
        "name:en": "South Zone Hospital"
      }
    },
    {
      "type": "Feature",
      "geometry": {
        "type": "Point",
        "coordinates": [
          90.4042074,
          23.7490226
        ]
      },
      "properties": {
        "addr:street": "\u09e8\u09e9\u09ef, \u09a8\u09bf\u0989 \u09b8\u09be\u09b0\u09cd\u0995\u09c1\u09b2\u09be\u09b0 \u09b0\u09cb\u09a1 \u09ae\u0997\u09ac\u09be\u099c\u09be\u09b0 \u099a\u09cc\u09b0\u09be\u09b8\u09cd\u09a4\u09be (\u09b8\u09cb\u09a8\u09be\u09b2\u09c0 \u09ac\u09cd\u09af\u09be\u0982\u0995\u09c7\u09b0 \u09aa\u09c2\u09b0\u09cd\u09ac \u09aa\u09be\u09b6\u09c7) \u09a2\u09be\u0995\u09be \u09e7\u09e8\u09e7\u09ed",
        "amenity": "clinic",
        "healthcare": "clinic",
        "internet_access": "wlan",
        "name:en": "(\u0987\u0989\u09a8\u09bf\u09aa\u09cd\u09af\u09be\u09a5)Unipath Diagnostic Center",
        "opening_hours": "09:00- 18:00",
        "phone": "+88017122506793"
      }
    },
    {
      "type": "Feature",
      "geometry": {
        "type": "Point",
        "coordinates": [
          92.144913,
          21.7580495
        ]
      },
      "properties": {
        "amenity": "clinic",
        "name": "Union Health and Family Planning Center"
      }
    },
    {
      "type": "Feature",
      "geometry": {
        "type": "Point",
        "coordinates": [
          92.056235,
          21.8465209
        ]
      },
      "properties": {
        "amenity": "hospital",
        "name": "Harbang Helth Subcenter"
      }
    },
    {
      "type": "Feature",
      "geometry": {
        "type": "Point",
        "coordinates": [
          90.3761021,
          23.7554384
        ]
      },
      "properties": {
        "addr:housenumber": "4/1/A",
        "addr:postcode": "1207",
        "addr:street": "Mirpur Road",
        "amenity": "hospital",
        "name": "\u09a6\u09c0\u09a8 \u09ae\u09cb\u09b9\u09be\u09ae\u09cd\u09ae\u09a6 \u099a\u0995\u09cd\u09b7\u09c1 \u09b9\u09be\u09b8\u09aa\u09be\u09a4\u09be\u09b2 \u0993 \u0997\u09ac\u09c7\u09b7\u09a8\u09be \u0995\u09c7\u09a8\u09cd\u09a6\u09cd\u09b0",
        "name:en": "Deen Mohd Eye Hospital & Research Centre",
        "phone": "+8801731185782"
      }
    },
    {
      "type": "Feature",
      "geometry": {
        "type": "Point",
        "coordinates": [
          90.4031379,
          23.7929125
        ]
      },
      "properties": {
        "addr:housenumber": "74",
        "addr:street": "road 06",
        "amenity": "clinic",
        "healthcare": "clinic",
        "name": "banani dental"
      }
    },
    {
      "type": "Feature",
      "geometry": {
        "type": "Point",
        "coordinates": [
          90.4030588,
          23.7929493
        ]
      },
      "properties": {
        "addr:housenumber": "74",
        "addr:street": "road 06",
        "amenity": "clinic",
        "healthcare": "clinic",
        "name": "banani dental"
      }
    },
    {
      "type": "Feature",
      "geometry": {
        "type": "Point",
        "coordinates": [
          90.4261229,
          23.7803831
        ]
      },
      "properties": {
        "amenity": "hospital",
        "name": "Al Sami Hospital"
      }
    },
    {
      "type": "Feature",
      "geometry": {
        "type": "Point",
        "coordinates": [
          90.4203055,
          23.7498227
        ]
      },
      "properties": {
        "addr:housenumber": "261/C",
        "addr:postcode": "1219",
        "addr:street": "Road no: 9",
        "amenity": "clinic",
        "email": "mrahman0605@gmail.com",
        "healthcare": "clinic",
        "name:en": "Dental Square",
        "opening_hours": "Sa-Th 17:00-22:00",
        "operator": "Dr. Mohammad Mahbubur Rahman",
        "phone": "+8801716639242"
      }
    },
    {
      "type": "Feature",
      "geometry": {
        "type": "Point",
        "coordinates": [
          88.9899646,
          25.3966505
        ]
      },
      "properties": {
        "amenity": "hospital",
        "name": "Rayhan Hospital"
      }
    },
    {
      "type": "Feature",
      "geometry": {
        "type": "Point",
        "coordinates": [
          90.3694314,
          23.7703672
        ]
      },
      "properties": {
        "addr:country": "BD",
        "addr:district": "Tiruvallur",
        "addr:full": "4-A Dr J J Nager, Mogappair, Chennai",
        "addr:postcode": "600037",
        "addr:state": "Tamil Nadu",
        "amenity": "hospital",
        "healthcare": "hospital",
        "name": "Institute Of Cardio-Vascular Diseaqses",
        "name:bn": "\u099c\u09be\u09a4\u09c0\u09df \u09b9\u09c3\u09a6\u09b0\u09cb\u0997 \u0987\u09a8\u09cd\u09b8\u099f\u09bf\u099f\u09bf\u0989\u099f",
        "name:en": "National Institute of Cardiovascular Diseases",
        "source": "OpenGovernmentData",
        "wheelchair": "yes"
      }
    },
    {
      "type": "Feature",
      "geometry": {
        "type": "Point",
        "coordinates": [
          88.7553711,
          25.0495513
        ]
      },
      "properties": {
        "amenity": "hospital",
        "healthcare": "hospital",
        "name": "Patnitala Upazila Health Complex",
        "name:en": "Patnitala Upazila Health Complex"
      }
    },
    {
      "type": "Feature",
      "geometry": {
        "type": "Point",
        "coordinates": [
          92.1680481,
          21.2136275
        ]
      },
      "properties": {
        "amenity": "hospital",
        "name": "Kutupalong Hospital",
        "source": "MissingMapsKobo",
        "source:date": "2019"
      }
    },
    {
      "type": "Feature",
      "geometry": {
        "type": "Point",
        "coordinates": [
          90.9414341,
          22.9011619
        ]
      },
      "properties": {
        "addr:city": "dighali",
        "addr:postcode": "3705",
        "addr:street": "Nobi Nagar Road",
        "amenity": "hospital",
        "emergency": "yes",
        "name": "Nobi Nagar General Hospital",
        "operator": "Al haz Nurun Nobi Saheb"
      }
    },
    {
      "type": "Feature",
      "geometry": {
        "type": "Point",
        "coordinates": [
          90.4031825,
          23.762968
        ]
      },
      "properties": {
        "amenity": "hospital",
        "name:en": "M H Samorita Hospital and Medical College"
      }
    },
    {
      "type": "Feature",
      "geometry": {
        "type": "Point",
        "coordinates": [
          90.3552318,
          23.7699696
        ]
      },
      "properties": {
        "addr:city": "Dhaka",
        "addr:housenumber": "\u09e9\u09e9",
        "addr:street": "\u09e7\u09e8",
        "addr:suburb": "Pisiculture_Housing_Society",
        "amenity": "hospital",
        "name": "\u0993\u09df\u09c7\u09b2\u0995\u09c7\u09df\u09be\u09b0 \u09b9\u09b8\u09aa\u09bf\u099f\u09be\u09b2 \u09b2\u09bf\u09ae\u09bf\u099f\u09c7\u09a1",
        "name:bn": "\u0993\u09df\u09c7\u09b2\u0995\u09c7\u09df\u09be\u09b0 \u09b9\u09b8\u09aa\u09bf\u099f\u09be\u09b2 \u09b2\u09bf\u09ae\u09bf\u099f\u09c7\u09a1",
        "name:en": "Wellcare Hospital Limited"
      }
    },
    {
      "type": "Feature",
      "geometry": {
        "type": "Point",
        "coordinates": [
          90.354832,
          23.7713555
        ]
      },
      "properties": {
        "addr:city": "Dhaka",
        "addr:housenumber": "\u09ed\u09ea\u09ef",
        "addr:street": "\u09e6\u09ee",
        "addr:suburb": "Baitul_Aman",
        "amenity": "hospital",
        "name:bn": "\u09ad\u09be\u09b0\u09cd\u09a1 \u099a\u0995\u09cd\u09b7\u09c1 \u09b9\u09be\u09b8\u09aa\u09be\u09a4\u09be\u09b2",
        "name:en": "Vard Eye Hospital"
      }
    },
    {
      "type": "Feature",
      "geometry": {
        "type": "Point",
        "coordinates": [
          92.1502707,
          24.8221819
        ]
      },
      "properties": {
        "amenity": "hospital",
        "emergency": "yes",
        "name": "Beanibazar Cancer Hospital"
      }
    },
    {
      "type": "Feature",
      "geometry": {
        "type": "Point",
        "coordinates": [
          90.3268969,
          22.3647013
        ]
      },
      "properties": {
        "addr:city": "Patuakhali",
        "addr:postcode": "8600",
        "amenity": "clinic",
        "name": "Prime Clinic & Diagnostic Center, Patuakhli"
      }
    },
    {
      "type": "Feature",
      "geometry": {
        "type": "Point",
        "coordinates": [
          91.7959434,
          22.3604419
        ]
      },
      "properties": {
        "amenity": "hospital",
        "emergency": "yes",
        "name": "Eye infarmary and training complex"
      }
    },
    {
      "type": "Feature",
      "geometry": {
        "type": "Point",
        "coordinates": [
          91.8334146,
          22.3660705
        ]
      },
      "properties": {
        "amenity": "hospital",
        "name": "Ekushey Hospital,Mirzapul(OS)"
      }
    },
    {
      "type": "Feature",
      "geometry": {
        "type": "Point",
        "coordinates": [
          90.3695602,
          23.7745887
        ]
      },
      "properties": {
        "amenity": "hospital",
        "healthcare": "hospital",
        "name": "\u099c\u09be\u09a4\u09c0\u09af\u09bc \u099a\u0995\u09cd\u09b7\u09c1\u09ac\u09bf\u099c\u09cd\u099e\u09be\u09a8 \u0987\u09a8\u09b8\u09cd\u099f\u09bf\u099f\u09bf\u0989\u099f \u098f\u09ac\u0982 \u09b9\u09be\u09b8\u09aa\u09be\u09a4\u09be\u09b2",
        "name:bn": "\u099c\u09be\u09a4\u09c0\u09af\u09bc \u099a\u0995\u09cd\u09b7\u09c1\u09ac\u09bf\u099c\u09cd\u099e\u09be\u09a8 \u0987\u09a8\u09b8\u09cd\u099f\u09bf\u099f\u09bf\u0989\u099f \u098f\u09ac\u0982 \u09b9\u09be\u09b8\u09aa\u09be\u09a4\u09be\u09b2",
        "name:en": "National Institute of Ophthalmology and Hospital"
      }
    },
    {
      "type": "Feature",
      "geometry": {
        "type": "Point",
        "coordinates": [
          91.8365026,
          22.3596954
        ]
      },
      "properties": {
        "amenity": "hospital",
        "name": "People's Hospital"
      }
    },
    {
      "type": "Feature",
      "geometry": {
        "type": "Point",
        "coordinates": [
          89.8218835,
          24.6867793
        ]
      },
      "properties": {
        "amenity": "clinic",
        "healthcare": "clinic",
        "name": "Tarakandi Community Clinic"
      }
    },
    {
      "type": "Feature",
      "geometry": {
        "type": "Point",
        "coordinates": [
          88.7683315,
          25.8000261
        ]
      },
      "properties": {
        "amenity": "hospital"
      }
    },
    {
      "type": "Feature",
      "geometry": {
        "type": "Point",
        "coordinates": [
          88.7483558,
          26.0057391
        ]
      },
      "properties": {
        "amenity": "hospital"
      }
    },
    {
      "type": "Feature",
      "geometry": {
        "type": "Point",
        "coordinates": [
          91.7881054,
          22.2841804
        ]
      },
      "properties": {
        "amenity": "hospital",
        "name:en": "Patenga Naval Hospital"
      }
    },
    {
      "type": "Feature",
      "geometry": {
        "type": "Point",
        "coordinates": [
          92.0999764,
          21.4449118
        ]
      },
      "properties": {
        "amenity": "hospital"
      }
    },
    {
      "type": "Feature",
      "geometry": {
        "type": "Point",
        "coordinates": [
          91.2694473,
          23.3370469
        ]
      },
      "properties": {
        "amenity": "clinic",
        "name": "Mia Bazar Clinic \u09ae\u09bf\u09df\u09be \u0995\u09cd\u09b2\u09bf\u09a8\u09bf\u0995"
      }
    },
    {
      "type": "Feature",
      "geometry": {
        "type": "Point",
        "coordinates": [
          90.2518774,
          22.8269963
        ]
      },
      "properties": {
        "amenity": "clinic",
        "name": "Noor Medical Hall"
      }
    },
    {
      "type": "Feature",
      "geometry": {
        "type": "Point",
        "coordinates": [
          89.010555,
          24.8148354
        ]
      },
      "properties": {
        "amenity": "hospital",
        "name": "Dhaka Road (East) \u09a2\u09be\u0995\u09be \u09b0\u09cb\u09a1 (\u09aa\u09c2\u09b0\u09cd\u09ac)"
      }
    },
    {
      "type": "Feature",
      "geometry": {
        "type": "Point",
        "coordinates": [
          89.3975242,
          24.7508189
        ]
      },
      "properties": {
        "amenity": "clinic",
        "name": "Army Medical College \u0986\u09b0\u09cd\u09ae\u09bf \u09ae\u09c7\u09a1\u09bf\u0995\u09cd\u09af\u09be\u09b2 \u0995\u09b2\u09c7\u099c"
      }
    },
    {
      "type": "Feature",
      "geometry": {
        "type": "Point",
        "coordinates": [
          91.7849173,
          22.2830266
        ]
      },
      "properties": {
        "amenity": "hospital",
        "name": "Navy Hospital Gate \u09a8\u09c7\u09ad\u09bf \u09b9\u09be\u09b8\u09aa\u09be\u09a4\u09be\u09b2\u09c7\u09b0 \u0997\u09c7\u099f"
      }
    },
    {
      "type": "Feature",
      "geometry": {
        "type": "Point",
        "coordinates": [
          88.7509438,
          24.9216638
        ]
      },
      "properties": {
        "amenity": "hospital",
        "name": "Upazila Health Complex, Mohadevpur"
      }
    },
    {
      "type": "Feature",
      "geometry": {
        "type": "Point",
        "coordinates": [
          88.6257783,
          23.8176443
        ]
      },
      "properties": {
        "addr:street": "Eidgah Para Road",
        "amenity": "clinic",
        "name": "Ujalpur Community Clinic"
      }
    },
    {
      "type": "Feature",
      "geometry": {
        "type": "Point",
        "coordinates": [
          88.6379829,
          23.7726568
        ]
      },
      "properties": {
        "addr:city": "Meherpur",
        "addr:postcode": "7100",
        "addr:street": "Mollick Para Road",
        "amenity": "clinic",
        "name": "Romesh Clinic"
      }
    },
    {
      "type": "Feature",
      "geometry": {
        "type": "Point",
        "coordinates": [
          88.6423364,
          23.7716784
        ]
      },
      "properties": {
        "addr:city": "Meherpur",
        "addr:postcode": "7100",
        "addr:street": "College Road",
        "amenity": "clinic",
        "name": "Taher Clinic"
      }
    },
    {
      "type": "Feature",
      "geometry": {
        "type": "Point",
        "coordinates": [
          88.3268949,
          24.8189078
        ]
      },
      "properties": {
        "amenity": "hospital",
        "healthcare": "hospital",
        "name": "Rohanpur Animal Hospital"
      }
    },
    {
      "type": "Feature",
      "geometry": {
        "type": "Point",
        "coordinates": [
          89.1077142,
          23.1071108
        ]
      },
      "properties": {
        "amenity": "hospital",
        "healthcare": "hospital",
        "name": "Alimon Nessa Diabetic Hospital."
      }
    },
    {
      "type": "Feature",
      "geometry": {
        "type": "Point",
        "coordinates": [
          91.8287313,
          22.3538962
        ]
      },
      "properties": {
        "amenity": "hospital",
        "healthcare": "hospital",
        "name": "Desh medical Services"
      }
    },
    {
      "type": "Feature",
      "geometry": {
        "type": "Point",
        "coordinates": [
          90.5010423,
          23.6219647
        ]
      },
      "properties": {
        "amenity": "hospital",
        "healthcare": "hospital",
        "name": "Mukti General Hospital \u09ae\u09c1\u0995\u09cd\u09a4\u09bf \u099c\u09c7\u09a8\u09be\u09b0\u09c7\u09b2 \u09b9\u09be\u09b8\u09aa\u09be\u09a4\u09be\u09b2 \u09b2\u09bf\u0983"
      }
    },
    {
      "type": "Feature",
      "geometry": {
        "type": "Point",
        "coordinates": [
          89.1685936,
          24.5759545
        ]
      },
      "properties": {
        "amenity": "clinic",
        "healthcare": "clinic",
        "name": "Soair Community Clinic"
      }
    },
    {
      "type": "Feature",
      "geometry": {
        "type": "Point",
        "coordinates": [
          90.3527245,
          23.7822731
        ]
      },
      "properties": {
        "amenity": "hospital",
        "healthcare": "hospital",
        "name": "B.I.H.S General Hospital",
        "wheelchair": "yes"
      }
    },
    {
      "type": "Feature",
      "geometry": {
        "type": "Point",
        "coordinates": [
          89.0310069,
          25.8107123
        ]
      },
      "properties": {
        "addr:postcode": "5420",
        "addr:street": "Dhaka - Dinajpur Highway",
        "amenity": "hospital",
        "name:en": "Taraganj Upazila Health Complex",
        "opening_hours": "24/7"
      }
    },
    {
      "type": "Feature",
      "geometry": {
        "type": "Point",
        "coordinates": [
          90.3824483,
          23.7392113
        ]
      },
      "properties": {
        "amenity": "hospital",
        "check_date": "2024-05-02",
        "emergency": "yes",
        "healthcare": "hospital",
        "name": "popular hospital",
        "source": "survey",
        "wheelchair": "yes"
      }
    },
    {
      "type": "Feature",
      "geometry": {
        "type": "Point",
        "coordinates": [
          90.3823208,
          23.9914821
        ]
      },
      "properties": {
        "amenity": "hospital",
        "healthcare": "hospital",
        "name": "Apex Medical and Diagnostic Centre, Hospital,"
      }
    },
    {
      "type": "Feature",
      "geometry": {
        "type": "Point",
        "coordinates": [
          90.5683695,
          23.7851099
        ]
      },
      "properties": {
        "addr:city": "Dhaka - Sylhet Hwy",
        "amenity": "hospital",
        "healthcare": "hospital",
        "name": "Al Rafi Hospital Ltd."
      }
    },
    {
      "type": "Feature",
      "geometry": {
        "type": "Point",
        "coordinates": [
          90.3836296,
          24.0145573
        ]
      },
      "properties": {
        "amenity": "hospital",
        "healthcare": "hospital",
        "name": "ABC Eye Hospital \u098f\u09ac\u09bf\u09b8\u09bf \u099a\u0995\u09cd\u09b7\u09c1 \u09b9\u09be\u09b8\u09aa\u09be\u09a4\u09be\u09b2"
      }
    },
    {
      "type": "Feature",
      "geometry": {
        "type": "Point",
        "coordinates": [
          90.3723768,
          23.7452371
        ]
      },
      "properties": {
        "addr:postcode": "1209",
        "amenity": "hospital",
        "healthcare": "hospital",
        "name": "Ibn Sina Hospital",
        "phone": "09610-009616",
        "website": "https://ibnsinatrust.com/"
      }
    },
    {
      "type": "Feature",
      "geometry": {
        "type": "Point",
        "coordinates": [
          90.3722829,
          23.7463591
        ]
      },
      "properties": {
        "amenity": "hospital",
        "healthcare": "hospital"
      }
    },
    {
      "type": "Feature",
      "geometry": {
        "type": "Point",
        "coordinates": [
          91.7719261,
          24.4896609
        ]
      },
      "properties": {
        "addr:city": "Moulvibazar",
        "amenity": "clinic",
        "healthcare": "clinic",
        "name": "Matri Mangal Hospital",
        "name:bn": "\u09ae\u09be\u09a4\u09c3 \u09ae\u0999\u09cd\u0997\u09b2 \u09b9\u09be\u09b8\u09aa\u09be\u09a4\u09be\u09b2"
      }
    },
    {
      "type": "Feature",
      "geometry": {
        "type": "Point",
        "coordinates": [
          90.4117212,
          24.2210129
        ]
      },
      "properties": {
        "amenity": "hospital",
        "healthcare": "hospital",
        "name": "Mawna City Hospital & Digital Lab \u09ae\u09be\u0993\u09a8\u09be \u09b8\u09bf\u099f\u09bf \u09b9\u09be\u09b8\u09aa\u09be\u09a4\u09be\u09b2 \u098f\u09a8\u09cd\u09a1 \u09a1\u09bf\u099c\u09bf\u099f\u09be\u09b2 \u09b2\u09cd\u09af\u09be\u09ac"
      }
    },
    {
      "type": "Feature",
      "geometry": {
        "type": "Point",
        "coordinates": [
          90.5657656,
          23.7841625
        ]
      },
      "properties": {
        "addr:city": "Dhaka - Sylhet Hwy",
        "amenity": "hospital",
        "healthcare": "hospital",
        "name": "Bhulta Islami Hospital"
      }
    },
    {
      "type": "Feature",
      "geometry": {
        "type": "Point",
        "coordinates": [
          90.4035774,
          23.870968
        ]
      },
      "properties": {
        "amenity": "hospital",
        "name": "\u0995\u09c1\u09df\u09c7\u09a4 \u09ac\u09be\u0982\u09b2\u09be\u09a6\u09c7\u09b6 \u09ae\u09c8\u09a4\u09cd\u09b0\u09c0 \u09b8\u09b0\u0995\u09be\u09b0\u09bf \u09b9\u09be\u09b8\u09aa\u09be\u09a4\u09be\u09b2",
        "name:en": "Kuwait Bangladesh Friendship Government Hospital"
      }
    },
    {
      "type": "Feature",
      "geometry": {
        "type": "Point",
        "coordinates": [
          91.1870837,
          23.4500891
        ]
      },
      "properties": {
        "amenity": "hospital",
        "healthcare": "hospital",
        "name": "New hospital"
      }
    },
    {
      "type": "Feature",
      "geometry": {
        "type": "Point",
        "coordinates": [
          90.4028376,
          24.7545246
        ]
      },
      "properties": {
        "amenity": "hospital",
        "healthcare": "hospital",
        "name": "Sodesh Hospital Pvt. Ltd."
      }
    },
    {
      "type": "Feature",
      "geometry": {
        "type": "Point",
        "coordinates": [
          90.4019915,
          24.7568224
        ]
      },
      "properties": {
        "amenity": "hospital",
        "healthcare": "hospital",
        "name": "Quality General Hospital \u0995\u09cb\u09af\u09bc\u09be\u09b2\u09bf\u099f\u09bf\u09b0 \u099c\u09c7\u09a8\u09be\u09b0\u09c7\u09b2 \u09b9\u09be\u09b8\u09aa\u09be\u09a4\u09be\u09b2\u09c7"
      }
    },
    {
      "type": "Feature",
      "geometry": {
        "type": "Point",
        "coordinates": [
          89.3766528,
          24.8313591
        ]
      },
      "properties": {
        "addr:street": "Bhai Pagla Mazar Lane",
        "amenity": "hospital",
        "healthcare": "hospital",
        "name": "Saik General Hospital",
        "name:bn": "\u09b8\u09be\u0987\u0995 \u099c\u09c7\u09a8\u09be\u09b0\u09c7\u09b2 \u09b9\u09b8\u09aa\u09bf\u099f\u09be\u09b2"
      }
    },
    {
      "type": "Feature",
      "geometry": {
        "type": "Point",
        "coordinates": [
          89.2447365,
          24.0166141
        ]
      },
      "properties": {
        "amenity": "hospital",
        "healthcare": "hospital",
        "name": "Pabna Sadar Hospital",
        "name:bn": "\u09aa\u09be\u09ac\u09a8\u09be \u09b8\u09a6\u09b0 \u09b9\u09be\u09b8\u09aa\u09be\u09a4\u09be\u09b2"
      }
    },
    {
      "type": "Feature",
      "geometry": {
        "type": "Point",
        "coordinates": [
          89.2880816,
          24.4698225
        ]
      },
      "properties": {
        "amenity": "hospital",
        "healthcare": "hospital",
        "name": "\u09ac\u09be\u09b0\u09c1\u09b9\u09be\u09b8,\u0995\u09ae\u09bf\u0989\u09a8\u09bf\u099f\u09bf \u09b9\u09be\u09b8\u09aa\u09be\u09a4\u09be\u09b2"
      }
    },
    {
      "type": "Feature",
      "geometry": {
        "type": "Point",
        "coordinates": [
          89.2467153,
          24.3742757
        ]
      },
      "properties": {
        "amenity": "clinic",
        "healthcare": "clinic",
        "name": "\u0986\u09b2\u09cd\u09aa\u09a8\u09be \u0995\u09cd\u09b2\u09bf\u09a8\u09bf\u0995"
      }
    },
    {
      "type": "Feature",
      "geometry": {
        "type": "Point",
        "coordinates": [
          90.2711935,
          23.7942632
        ]
      },
      "properties": {
        "amenity": "hospital",
        "healthcare": "hospital",
        "name": "Tetuljhora Health & Family Welfare Center \u09a4\u09c7\u09a4\u09c1\u09b2\u099d\u09cb\u09dc\u09be \u09b8\u09cd\u09ac\u09be\u09b8\u09cd\u09a5\u09cd\u09af \u0993 \u09aa\u09b0\u09bf\u09ac\u09be\u09b0 \u0995\u09b2\u09cd\u09af\u09be\u09a3 \u0995\u09c7\u09a8\u09cd\u09a6\u09cd\u09b0"
      }
    },
    {
      "type": "Feature",
      "geometry": {
        "type": "Point",
        "coordinates": [
          90.3835478,
          23.7643692
        ]
      },
      "properties": {
        "addr:street": "Begum Rokeya Sharani",
        "amenity": "clinic",
        "name:en": "Anada Arthodentic & Dental Care"
      }
    },
    {
      "type": "Feature",
      "geometry": {
        "type": "Point",
        "coordinates": [
          90.4163421,
          23.7778756
        ]
      },
      "properties": {
        "amenity": "clinic",
        "healthcare": "clinic",
        "name": "Priority"
      }
    },
    {
      "type": "Feature",
      "geometry": {
        "type": "Point",
        "coordinates": [
          90.3988245,
          23.7678394
        ]
      },
      "properties": {
        "addr:housenumber": "304/E",
        "addr:postcode": "1208",
        "amenity": "hospital",
        "name": "Impulse Hospital",
        "name:bn": "\u0987\u09ae\u09aa\u09be\u09b2\u09b8\u09cd \u09b9\u09be\u09b8\u09aa\u09be\u09a4\u09be\u09b2",
        "name:en": "Impulse Hospital"
      }
    },
    {
      "type": "Feature",
      "geometry": {
        "type": "Point",
        "coordinates": [
          89.543602,
          22.8708174
        ]
      },
      "properties": {
        "amenity": "clinic"
      }
    },
    {
      "type": "Feature",
      "geometry": {
        "type": "Point",
        "coordinates": [
          89.5435926,
          22.8709867
        ]
      },
      "properties": {
        "amenity": "hospital"
      }
    },
    {
      "type": "Feature",
      "geometry": {
        "type": "Point",
        "coordinates": [
          90.3949575,
          23.7403579
        ]
      },
      "properties": {
        "amenity": "hospital",
        "healthcare": "hospital",
        "name:en": "Transfusion Unit"
      }
    },
    {
      "type": "Feature",
      "geometry": {
        "type": "Point",
        "coordinates": [
          90.3949066,
          23.7403354
        ]
      },
      "properties": {
        "amenity": "hospital",
        "healthcare": "hospital",
        "name:en": "Radiology And Imagine Department"
      }
    },
    {
      "type": "Feature",
      "geometry": {
        "type": "Point",
        "coordinates": [
          90.395134,
          23.7403639
        ]
      },
      "properties": {
        "addr:street": "\u0995\u09be\u099c\u09c0 \u09a8\u099c\u09b0\u09c1\u09b2 \u0987\u09b8\u09b2\u09be\u09ae \u09b8\u09b0\u09a3\u09c0",
        "amenity": "hospital",
        "healthcare": "hospital",
        "name:en": "Physical Medicine and Rehabilitation Ward"
      }
    },
    {
      "type": "Feature",
      "geometry": {
        "type": "Point",
        "coordinates": [
          90.3950205,
          23.7403507
        ]
      },
      "properties": {
        "amenity": "hospital",
        "healthcare": "hospital",
        "name:en": "Transfusion Medicine Department"
      }
    },
    {
      "type": "Feature",
      "geometry": {
        "type": "Point",
        "coordinates": [
          89.5352107,
          22.8916048
        ]
      },
      "properties": {
        "amenity": "hospital",
        "name": "Dighalia Hospital"
      }
    },
    {
      "type": "Feature",
      "geometry": {
        "type": "Point",
        "coordinates": [
          90.4426408,
          23.1379711
        ]
      },
      "properties": {
        "amenity": "hospital",
        "healthcare": "hospital",
        "name": "Damudya Upazila Health Complex"
      }
    },
    {
      "type": "Feature",
      "geometry": {
        "type": "Point",
        "coordinates": [
          89.5425197,
          22.8795002
        ]
      },
      "properties": {
        "amenity": "clinic"
      }
    },
    {
      "type": "Feature",
      "geometry": {
        "type": "Point",
        "coordinates": [
          92.1707119,
          21.2046551
        ]
      },
      "properties": {
        "amenity": "hospital",
        "name:en": "Red Cross, Red Crescent Hospital"
      }
    },
    {
      "type": "Feature",
      "geometry": {
        "type": "Point",
        "coordinates": [
          92.1557262,
          21.1771137
        ]
      },
      "properties": {
        "amenity": "hospital",
        "name:en": "Samaritan\u2019s Purse Diptheria Treatment Center",
        "operator": "Samaritain's Purse"
      }
    },
    {
      "type": "Feature",
      "geometry": {
        "type": "Point",
        "coordinates": [
          92.1538064,
          21.1988086
        ]
      },
      "properties": {
        "amenity": "hospital",
        "name:en": "MSF Cholera Treatment Centre"
      }
    },
    {
      "type": "Feature",
      "geometry": {
        "type": "Point",
        "coordinates": [
          92.1522712,
          21.1981651
        ]
      },
      "properties": {
        "amenity": "clinic",
        "name:en": "Canadian Red Cross Clinic"
      }
    },
    {
      "type": "Feature",
      "geometry": {
        "type": "Point",
        "coordinates": [
          92.1465487,
          21.1844075
        ]
      },
      "properties": {
        "amenity": "clinic",
        "name:en": "road to MC 2"
      }
    },
    {
      "type": "Feature",
      "geometry": {
        "type": "Point",
        "coordinates": [
          92.1555517,
          21.176732
        ]
      },
      "properties": {
        "amenity": "clinic",
        "name:en": "JRC clnic"
      }
    },
    {
      "type": "Feature",
      "geometry": {
        "type": "Point",
        "coordinates": [
          90.3695214,
          23.7687483
        ]
      },
      "properties": {
        "addr:street": "Mirpur Road",
        "amenity": "hospital",
        "internet_access": "wlan",
        "name": "\u09b6\u09b9\u09c0\u09a6 \u09b8\u09cb\u09b9\u09b0\u09be\u0993\u09df\u09be\u09b0\u09cd\u09a6\u09c0 \u09ae\u09c7\u09a1\u09bf\u0995\u09cd\u09af\u09be\u09b2 \u0995\u09b2\u09c7\u099c \u09b9\u09be\u09b8\u09aa\u09be\u09a4\u09be\u09b2",
        "name:bn": "\u09b6\u09b9\u09c0\u09a6 \u09b8\u09cb\u09b9\u09b0\u09be\u0993\u09df\u09be\u09b0\u09cd\u09a6\u09c0 \u09ae\u09c7\u09a1\u09bf\u0995\u09cd\u09af\u09be\u09b2 \u0995\u09b2\u09c7\u099c \u09b9\u09be\u09b8\u09aa\u09be\u09a4\u09be\u09b2",
        "name:en": "Shaheed Suhrawardi Medical College Hospital",
        "opening_hours": "24/7",
        "wheelchair": "yes"
      }
    },
    {
      "type": "Feature",
      "geometry": {
        "type": "Point",
        "coordinates": [
          92.1712426,
          21.204527
        ]
      },
      "properties": {
        "amenity": "hospital",
        "name:en": "IFRC Field Hospital"
      }
    },
    {
      "type": "Feature",
      "geometry": {
        "type": "Point",
        "coordinates": [
          92.1628295,
          21.1995235
        ]
      },
      "properties": {
        "amenity": "clinic",
        "name:en": "IOM Clinic"
      }
    },
    {
      "type": "Feature",
      "geometry": {
        "type": "Point",
        "coordinates": [
          92.1595138,
          21.1999399
        ]
      },
      "properties": {
        "amenity": "clinic",
        "name": "MSF BKL Health Post 2"
      }
    },
    {
      "type": "Feature",
      "geometry": {
        "type": "Point",
        "coordinates": [
          91.1993928,
          23.4507178
        ]
      },
      "properties": {
        "amenity": "hospital",
        "healthcare": "hospital",
        "name": "LMRF Hospital"
      }
    },
    {
      "type": "Feature",
      "geometry": {
        "type": "Point",
        "coordinates": [
          88.5886686,
          24.3674935
        ]
      },
      "properties": {
        "amenity": "hospital",
        "name": "Rajshahi Shishu Hospital \u09b0\u09be\u099c\u09b6\u09be\u09b9\u09c0 \u09b6\u09bf\u09b6\u09c1 \u09b9\u09be\u09b8\u09aa\u09be\u09a4\u09be\u09b2\u09c7\u09b0"
      }
    },
    {
      "type": "Feature",
      "geometry": {
        "type": "Point",
        "coordinates": [
          90.3938227,
          23.7822441
        ]
      },
      "properties": {
        "addr:housenumber": "162 B",
        "addr:street": "Road 23",
        "amenity": "clinic",
        "name:en": "Radiant Dental Clinic"
      }
    },
    {
      "type": "Feature",
      "geometry": {
        "type": "Point",
        "coordinates": [
          90.4160932,
          23.7337176
        ]
      },
      "properties": {
        "addr:housenumber": "117/1 DIT Ext",
        "addr:postcode": "1000",
        "addr:street": "Fakirapool Road",
        "amenity": "clinic",
        "email": "f.rahman.aatm@gmail.com",
        "healthcare": "clinic",
        "internet_access": "wlan",
        "name": "A Mohammodia Medical Center",
        "opening_hours": "Sa-Th 09:00-18:00",
        "phone": "+8801819116317",
        "website": "http://www.amohammodiamedical.com"
      }
    },
    {
      "type": "Feature",
      "geometry": {
        "type": "Point",
        "coordinates": [
          92.1535749,
          21.1820038
        ]
      },
      "properties": {
        "amenity": "hospital",
        "emergency": "yes",
        "healthcare": "hospital",
        "healthcare:speciality": "SAM_Management",
        "name": "CWW OTP Center",
        "operator": "Concern Worldwide"
      }
    },
    {
      "type": "Feature",
      "geometry": {
        "type": "Point",
        "coordinates": [
          90.1089661,
          24.1099832
        ]
      },
      "properties": {
        "amenity": "hospital",
        "healthcare": "hospital"
      }
    },
    {
      "type": "Feature",
      "geometry": {
        "type": "Point",
        "coordinates": [
          90.3669772,
          23.7581754
        ]
      },
      "properties": {
        "addr:city": "Mohammadpur, Dhaka",
        "addr:housenumber": "B-37",
        "addr:postcode": "1200",
        "addr:street": "Zakir Hossain Road, Block E",
        "amenity": "hospital",
        "healthcare": "hospital",
        "name": "Swapna Pharmacy",
        "name:en": "Swapna Pharmacy"
      }
    },
    {
      "type": "Feature",
      "geometry": {
        "type": "Point",
        "coordinates": [
          90.3589848,
          22.6975803
        ]
      },
      "properties": {
        "addr:city": "Barisal",
        "addr:postcode": "8200",
        "amenity": "hospital",
        "healthcare": "hospital",
        "healthcare:speciality": "cardiology",
        "name": "Barisal Heart Foundation"
      }
    },
    {
      "type": "Feature",
      "geometry": {
        "type": "Point",
        "coordinates": [
          90.3396982,
          22.3617172
        ]
      },
      "properties": {
        "addr:city": "Patuakhali",
        "addr:country": "BD",
        "addr:postcode": "8600",
        "amenity": "clinic",
        "name": "Health Care Clinic",
        "phone": "+880 44 163808"
      }
    },
    {
      "type": "Feature",
      "geometry": {
        "type": "Point",
        "coordinates": [
          91.3044743,
          22.9383161
        ]
      },
      "properties": {
        "amenity": "hospital",
        "healthcare": "hospital",
        "name": "\u099c\u09be\u09a4\u09c0\u09af\u09bc \u09b9\u09be\u09b8\u09aa\u09be\u09a4\u09be\u09b2",
        "name:en": "National Hospital"
      }
    },
    {
      "type": "Feature",
      "geometry": {
        "type": "Point",
        "coordinates": [
          90.6347547,
          23.9759481
        ]
      },
      "properties": {
        "amenity": "hospital",
        "healthcare": "hospital"
      }
    },
    {
      "type": "Feature",
      "geometry": {
        "type": "Point",
        "coordinates": [
          90.4269148,
          23.776874
        ]
      },
      "properties": {
        "amenity": "clinic",
        "healthcare": "clinic",
        "name": "Dental Clinic"
      }
    },
    {
      "type": "Feature",
      "geometry": {
        "type": "Point",
        "coordinates": [
          90.4268353,
          23.7768857
        ]
      },
      "properties": {
        "amenity": "clinic",
        "healthcare": "clinic"
      }
    },
    {
      "type": "Feature",
      "geometry": {
        "type": "Point",
        "coordinates": [
          90.6109911,
          24.6899634
        ]
      },
      "properties": {
        "amenity": "hospital",
        "name": "Ishwarganj Upazila Health Complex",
        "name:bn": "\u0987\u09b6\u09cd\u09ac\u09b0\u0997\u099e\u09cd\u099c \u098a\u09aa\u099c\u09c7\u09b2\u09be \u09b8\u09cd\u09ac\u09be\u09b8\u09cd\u09a5\u09cd\u09af \u0995\u09c7\u09a8\u09cd\u09a6\u09cd\u09b0",
        "name:en": "Ishwarganj Upazila Health Complex",
        "operator": "Government"
      }
    },
    {
      "type": "Feature",
      "geometry": {
        "type": "Point",
        "coordinates": [
          91.5139364,
          24.5636261
        ]
      },
      "properties": {
        "addr:city": "Habiganj",
        "addr:housenumber": "Nabiganj",
        "addr:postcode": "3370",
        "addr:street": "\u09b9\u09ac\u09bf\u0997\u099e\u09cd\u099c - \u09a8\u09ac\u09c0\u0997\u099e\u09cd\u099c \u09b8\u09a1\u09bc\u0995",
        "amenity": "hospital",
        "healthcare": "hospital",
        "name": "Nabiganj Upazila Health Complex",
        "name:bn": "\u09a8\u09ac\u09c0\u0997\u099e\u09cd\u099c \u0989\u09aa\u099c\u09c7\u09b2\u09be \u09b8\u09cd\u09ac\u09be\u09b8\u09cd\u09a5\u09cd\u09af \u0995\u09ae\u09aa\u09cd\u09b2\u09c7\u0995\u09cd\u09b8",
        "opening_hours": "24/7"
      }
    },
    {
      "type": "Feature",
      "geometry": {
        "type": "Point",
        "coordinates": [
          90.4079222,
          23.7825329
        ]
      },
      "properties": {
        "amenity": "clinic",
        "name": "Korail Medical Center"
      }
    },
    {
      "type": "Feature",
      "geometry": {
        "type": "Point",
        "coordinates": [
          90.4121795,
          23.7864536
        ]
      },
      "properties": {
        "amenity": "clinic",
        "healthcare": "clinic",
        "name": "Brac neuro developmental disability center"
      }
    },
    {
      "type": "Feature",
      "geometry": {
        "type": "Point",
        "coordinates": [
          90.4119944,
          23.7857848
        ]
      },
      "properties": {
        "addr:city": "dhaka",
        "addr:country": "BD",
        "addr:suburb": "korail",
        "addr:word": "19",
        "amenity": "clinic",
        "healthcare": "clinic",
        "name": "Korail community health care"
      }
    },
    {
      "type": "Feature",
      "geometry": {
        "type": "Point",
        "coordinates": [
          90.4098079,
          23.7837241
        ]
      },
      "properties": {
        "addr:city": "dhaka",
        "addr:country": "BD",
        "addr:suburb": "korail",
        "amenity": "clinic",
        "name": "Shanta Diginotic"
      }
    },
    {
      "type": "Feature",
      "geometry": {
        "type": "Point",
        "coordinates": [
          90.4098079,
          23.7837241
        ]
      },
      "properties": {
        "amenity": "clinic",
        "name": "Shanta Diagnostic"
      }
    },
    {
      "type": "Feature",
      "geometry": {
        "type": "Point",
        "coordinates": [
          90.4104402,
          23.7849703
        ]
      },
      "properties": {
        "amenity": "clinic",
        "name": "Sabiha Dental Clinic"
      }
    },
    {
      "type": "Feature",
      "geometry": {
        "type": "Point",
        "coordinates": [
          90.4113597,
          23.7850486
        ]
      },
      "properties": {
        "addr:city": "dhaka",
        "addr:country": "BD",
        "addr:house": "562",
        "addr:postcode": "1213",
        "addr:street": "Al Madina Masjid Road, Block-Ga, Unit-1, South",
        "addr:suburb": "korail",
        "addr:word": "19",
        "amenity": "clinic",
        "building:material": "mixed",
        "name": "Brac Maternity Center",
        "operator": "Brac"
      }
    },
    {
      "type": "Feature",
      "geometry": {
        "type": "Point",
        "coordinates": [
          88.9660172,
          22.7932966
        ]
      },
      "properties": {
        "amenity": "hospital",
        "healthcare": "hospital"
      }
    },
    {
      "type": "Feature",
      "geometry": {
        "type": "Point",
        "coordinates": [
          92.1622543,
          21.2019342
        ]
      },
      "properties": {
        "amenity": "clinic",
        "name": "MSF Health Post"
      }
    },
    {
      "type": "Feature",
      "geometry": {
        "type": "Point",
        "coordinates": [
          90.449399,
          23.7115782
        ]
      },
      "properties": {
        "amenity": "hospital",
        "name": "Sristy Madokasokti Punorbason Kendra"
      }
    },
    {
      "type": "Feature",
      "geometry": {
        "type": "Point",
        "coordinates": [
          92.1506565,
          21.2037319
        ]
      },
      "properties": {
        "amenity": "clinic",
        "name": "MSF KTP Health Post 3",
        "operator": "MSF"
      }
    },
    {
      "type": "Feature",
      "geometry": {
        "type": "Point",
        "coordinates": [
          92.1626624,
          21.1902351
        ]
      },
      "properties": {
        "amenity": "hospital",
        "name": "Balukhali MSF hospital",
        "source": "MissingMapsKobo",
        "source:date": "2019"
      }
    },
    {
      "type": "Feature",
      "geometry": {
        "type": "Point",
        "coordinates": [
          89.7278684,
          25.4548951
        ]
      },
      "properties": {
        "addr:district": "kurigram",
        "addr:union": "mohongonj",
        "addr:ward": "2",
        "amenity": "clinic",
        "damage": "Yes",
        "damage_date": "2017",
        "damage_description": "Mudslide.damage 50%",
        "description": "Institution",
        "name": "Panjerpara Friendship Satellite Clinic",
        "source": "survey",
        "source:name": "logic_undp",
        "source_ref": "https://www.openstreetmap.org/user/aHaSaN/diary"
      }
    },
    {
      "type": "Feature",
      "geometry": {
        "type": "Point",
        "coordinates": [
          89.7237499,
          25.4437602
        ]
      },
      "properties": {
        "addr:district": "kurigram",
        "addr:union": "mohongonj",
        "addr:ward": "2",
        "amenity": "clinic",
        "description": "Physical Infrastructure",
        "name": "Sikarpur Ftiendship Matriseba Counseling Center",
        "source": "survey",
        "source:link": "https://www.openstreetmap.org/user/aHaSaN/diary",
        "source:name": "logic_undp",
        "source_date": "2018-07-12"
      }
    },
    {
      "type": "Feature",
      "geometry": {
        "type": "Point",
        "coordinates": [
          89.7774115,
          25.4154443
        ]
      },
      "properties": {
        "addr:ward": "6",
        "amenity": "clinic",
        "description": "Patadhowa Para",
        "name": "Community Clinic",
        "source": "survey",
        "source:link": "https://www.openstreetmap.org/user/aHaSaN/diary",
        "source:name": "logic_undp",
        "source_date": "2018-07-12"
      }
    },
    {
      "type": "Feature",
      "geometry": {
        "type": "Point",
        "coordinates": [
          89.7681458,
          25.4041762
        ]
      },
      "properties": {
        "addr:district": "kurigram",
        "addr:union": "mohongonj",
        "addr:ward": "Notun Bazar Noyar Char 6 No",
        "amenity": "clinic",
        "damage": "Yes",
        "damage_date": "2017.0",
        "damage_description": "Union Parishad was damaged",
        "description": "Union",
        "name": "Mohongonj Upozilla Clinic",
        "source": "survey",
        "source:link": "https://www.openstreetmap.org/user/aHaSaN/diary",
        "source:name": "logic_undp",
        "source_date": "2018-07-12"
      }
    },
    {
      "type": "Feature",
      "geometry": {
        "type": "Point",
        "coordinates": [
          89.8289609,
          25.6391905
        ]
      },
      "properties": {
        "amenity": "clinic"
      }
    },
    {
      "type": "Feature",
      "geometry": {
        "type": "Point",
        "coordinates": [
          89.8134309,
          25.5755337
        ]
      },
      "properties": {
        "addr:district": "Kurigram",
        "addr:union": "bandober",
        "address": "Kutir char 7 no Ward",
        "amenity": "clinic",
        "building": "yes",
        "description": "Length 20 feet Width 15 feet pucca,Click here more information-https://www.openstreetmap.org/user/aHaSaN/diary",
        "name": "kutir char Community Clinic(\u0995\u09c1\u099f\u09bf\u09b0 \u099a\u09b0 \u0995\u09cd\u09b2\u09bf\u09a8\u09bf\u0995 )",
        "source": "survey",
        "source:date": "15-05-2018"
      }
    },
    {
      "type": "Feature",
      "geometry": {
        "type": "Point",
        "coordinates": [
          89.8166335,
          25.5897154
        ]
      },
      "properties": {
        "address": "Khonjon mara 6 no Ward",
        "amenity": "clinic",
        "building": "yes",
        "damage_Per": "0.0",
        "damage_date": "0.0",
        "description": "pucca",
        "name": "Khonjon mara Community Clinic"
      }
    },
    {
      "type": "Feature",
      "geometry": {
        "type": "Point",
        "coordinates": [
          89.8170277,
          25.4752779
        ]
      },
      "properties": {
        "addr:district": "Kurigram",
        "addr:union": "Char Rajibpur",
        "addr:ward": "6",
        "amenity": "clinic",
        "damage": "Yes",
        "damage_date": "2017",
        "damage_description": "Ground floor inundated by 2017 floods and eroded cementing of the bottom of the concrete walls",
        "damage_percent": "0.25",
        "description": "Single floor Shiberdangi community clinic",
        "hazard_intensity": "low",
        "name": "Community Clinic",
        "source": "survey",
        "source:date": "02-06-2018",
        "source:name": "logic_undp",
        "source_ref": "https://www.openstreetmap.org/user/aHaSaN/diary/44812"
      }
    },
    {
      "type": "Feature",
      "geometry": {
        "type": "Point",
        "coordinates": [
          89.7702366,
          25.5091331
        ]
      },
      "properties": {
        "addr:district": "Kurigram",
        "addr:union": "Kodal Kathi",
        "amenity": "clinic",
        "damage": "yes",
        "description": "floor 10 percent _ wall 5 percent, bonnay Voboner 1 5 inche toliye jay ebong brishtir pani te vobon tir owal vije jay",
        "name": "Uttar Chor Sajai Mandalpara Community Clinic ( \u0989\u09a4\u09cd\u09a4\u09b0 \u099a\u09b0 \u09b8\u09be\u099c\u09be\u0987 \u09ae\u09a3\u09cd\u09a1\u09b2\u09aa\u09be\u09a1\u09bc\u09be \u0995\u09ae\u09bf\u0989\u09a8\u09bf\u099f\u09bf \u0995\u09cd\u09b2\u09bf\u09a8\u09bf\u0995 )",
        "source": "survey",
        "source:date": "2018-11-05",
        "source:name": "logic_undp"
      }
    },
    {
      "type": "Feature",
      "geometry": {
        "type": "Point",
        "coordinates": [
          90.7985862,
          24.2505962
        ]
      },
      "properties": {
        "amenity": "hospital",
        "name": "\u0995\u099f\u09bf\u09af\u09bc\u09be\u09a6\u09bf \u09aa\u09b6\u09c1 \u09b9\u09be\u09b8\u09aa\u09be\u09a4\u09be\u09b2"
      }
    },
    {
      "type": "Feature",
      "geometry": {
        "type": "Point",
        "coordinates": [
          90.4030017,
          23.8935476
        ]
      },
      "properties": {
        "addr:street": "Tongi Kaliganj Highway",
        "amenity": "hospital",
        "name:en": "Shaheed Ahsanullah General Hospital"
      }
    },
    {
      "type": "Feature",
      "geometry": {
        "type": "Point",
        "coordinates": [
          90.3790002,
          23.8293526
        ]
      },
      "properties": {
        "amenity": "hospital",
        "healthcare": "hospital"
      }
    },
    {
      "type": "Feature",
      "geometry": {
        "type": "Point",
        "coordinates": [
          90.7184538,
          23.9201435
        ]
      },
      "properties": {
        "amenity": "hospital",
        "name": "Narsingdi Sadar Hospital"
      }
    },
    {
      "type": "Feature",
      "geometry": {
        "type": "Point",
        "coordinates": [
          92.1408094,
          21.20704
        ]
      },
      "properties": {
        "amenity": "clinic",
        "name:en": "OBAT clinic"
      }
    },
    {
      "type": "Feature",
      "geometry": {
        "type": "Point",
        "coordinates": [
          92.1585121,
          21.237443
        ]
      },
      "properties": {
        "amenity": "hospital",
        "name:en": "Malaysian Field Hospital"
      }
    },
    {
      "type": "Feature",
      "geometry": {
        "type": "Point",
        "coordinates": [
          90.5646546,
          22.2824475
        ]
      },
      "properties": {
        "amenity": "hospital",
        "name": "Dashmina Upazila Health Complex"
      }
    },
    {
      "type": "Feature",
      "geometry": {
        "type": "Point",
        "coordinates": [
          90.5615003,
          22.4146934
        ]
      },
      "properties": {
        "amenity": "hospital",
        "beds": "50",
        "name": "Bauphal Upazila Helath Complex"
      }
    },
    {
      "type": "Feature",
      "geometry": {
        "type": "Point",
        "coordinates": [
          91.8005781,
          22.2675091
        ]
      },
      "properties": {
        "amenity": "hospital",
        "healthcare": "hospital",
        "name": "Medical Center"
      }
    },
    {
      "type": "Feature",
      "geometry": {
        "type": "Point",
        "coordinates": [
          90.327196,
          22.363476
        ]
      },
      "properties": {
        "amenity": "hospital",
        "name": "Patuakhli Medical College Hospital"
      }
    },
    {
      "type": "Feature",
      "geometry": {
        "type": "Point",
        "coordinates": [
          90.4137186,
          23.868349
        ]
      },
      "properties": {
        "amenity": "hospital",
        "healthcare": "hospital",
        "name": "Ark Hospital"
      }
    },
    {
      "type": "Feature",
      "geometry": {
        "type": "Point",
        "coordinates": [
          91.3799022,
          24.2718981
        ]
      },
      "properties": {
        "amenity": "hospital",
        "healthcare": "hospital"
      }
    },
    {
      "type": "Feature",
      "geometry": {
        "type": "Point",
        "coordinates": [
          90.8242871,
          24.6534535
        ]
      },
      "properties": {
        "amenity": "hospital",
        "name": "Kendua Upazila Health Complex"
      }
    },
    {
      "type": "Feature",
      "geometry": {
        "type": "Point",
        "coordinates": [
          89.9194159,
          24.252707
        ]
      },
      "properties": {
        "addr:street": "Registry para road",
        "amenity": "clinic",
        "name:en": "Medico Clinic",
        "opening_hours": "Mo-Su 09:00-22:00"
      }
    },
    {
      "type": "Feature",
      "geometry": {
        "type": "Point",
        "coordinates": [
          91.2472996,
          25.1077659
        ]
      },
      "properties": {
        "addr:ward": "7",
        "amenity": "clinic",
        "damage": "Yes",
        "damage_date": "2017",
        "damage_description": "Building floor go 3ft under water west side of the floor go under ground and color of wall is wicked",
        "damage_percent": "0.2",
        "description": "Prothisthantir ayoton 40 sotok jomir upor nirmito paka 1 tola bisisto bhaban roomer sonkha 10ti sastho o poribar kollan kendroti 7 8 9 no ward er basinda der sastho seba prodan kore akjon uposohokari community oficer akjon sastho sohokari akjon poribar",
        "hazard_intensity": "low",
        "name": "Sastho Poribar Kollan Kendro",
        "name_disaster": "Flood",
        "source": "survey",
        "source:name": "logic_undp",
        "source_date": "2018-07-12",
        "source_ref": "https://www.openstreetmap.org/user/aHaSaN/diary"
      }
    },
    {
      "type": "Feature",
      "geometry": {
        "type": "Point",
        "coordinates": [
          91.2512076,
          25.0951745
        ]
      },
      "properties": {
        "addr:ward": "6",
        "amenity": "clinic",
        "damage": "No",
        "damage_date": "0",
        "damage_percent": "0.0",
        "description": "Abdul Gofur saheber 17 sotansho jaygar opor obosthito length 80ft width 20ft",
        "name": "Community Clinic Puran Varanga",
        "name_disaster": "Flood",
        "source": "survey",
        "source:link": "https://www.openstreetmap.org/user/aHaSaN/diary",
        "source:name": "logic_undp",
        "source_date": "2018-07-12"
      }
    },
    {
      "type": "Feature",
      "geometry": {
        "type": "Point",
        "coordinates": [
          89.8097194,
          22.2530052
        ]
      },
      "properties": {
        "addr:district": "Bagerhat",
        "addr:union": "Southkhali",
        "addr:ward": "1",
        "amenity": "clinic",
        "description": "single storey building",
        "name": "Sonatola Community Clinic",
        "source": "survey",
        "source:date": "2018-11-07",
        "source:name": "logic_undp",
        "source_ref": "https://www.openstreetmap.org/user/aHaSaN/diary",
        "type": "Physical"
      }
    },
    {
      "type": "Feature",
      "geometry": {
        "type": "Point",
        "coordinates": [
          89.8383312,
          22.2635247
        ]
      },
      "properties": {
        "addr:district": "Bagerhat",
        "addr:union": "Southkhali",
        "addr:ward": "3",
        "address": "ward 3",
        "amenity": "clinic",
        "description": "3 room single storey building",
        "name": "Mourashi Community Clinic",
        "source": "survey",
        "source:date": "2018-11-07",
        "source:name": "logic_undp",
        "source_ref": "https://www.openstreetmap.org/user/aHaSaN/diary",
        "type": "Physical"
      }
    },
    {
      "type": "Feature",
      "geometry": {
        "type": "Point",
        "coordinates": [
          89.8226497,
          22.23447
        ]
      },
      "properties": {
        "addr:district": "Bagerhat",
        "addr:union": "Southkhali",
        "addr:ward": "6",
        "amenity": "clinic",
        "description": "single storey building",
        "name": "Dakkhin Southkhali Clinic",
        "source": "survey",
        "source:date": "2018-11-07",
        "source:name": "logic_undp",
        "source_ref": "https://www.openstreetmap.org/user/aHaSaN/diary",
        "type": "Physical"
      }
    },
    {
      "type": "Feature",
      "geometry": {
        "type": "Point",
        "coordinates": [
          89.8313293,
          22.2242754
        ]
      },
      "properties": {
        "addr:district": "Bagerhat",
        "addr:union": "Southkhali",
        "addr:ward": "7",
        "amenity": "clinic",
        "description": "pucca",
        "name": "Bogi Shoronkhola Community Clinic",
        "source": "survey",
        "source:date": "2018-11-07",
        "source:name": "logic_undp",
        "source_ref": "https://www.openstreetmap.org/user/aHaSaN/diary",
        "type": "Physical"
      }
    },
    {
      "type": "Feature",
      "geometry": {
        "type": "Point",
        "coordinates": [
          89.8125833,
          22.2173739
        ]
      },
      "properties": {
        "addr:district": "Bagerhat",
        "addr:union": "Southkhali",
        "addr:ward": "9",
        "amenity": "clinic",
        "damage": "Yes",
        "description": "clinic ti pucca kintu obokathamo jhukir moddhe ache. 2007 & 2009 sale 50% damage hoyechilo.",
        "healthcare": "clinic",
        "name": "Khuriakhali Community Clinic",
        "name_disaster": "Sidor Aila",
        "source": "survey",
        "source:date": "2018-11-07",
        "source:name": "logic_undp",
        "source_ref": "https://www.openstreetmap.org/user/aHaSaN/diary",
        "type": "Physical"
      }
    },
    {
      "type": "Feature",
      "geometry": {
        "type": "Point",
        "coordinates": [
          89.8779273,
          22.3638704
        ]
      },
      "properties": {
        "addr:district": "Khulna",
        "addr:union": "Khantakata",
        "addr:ward": "3",
        "amenity": "clinic",
        "building": "yes",
        "description": "Length 20 feet Width 15 feet Land 3 Decimal",
        "name": "Motherpar Isra Health Center",
        "source": "survey",
        "source:date": "15-05-2018",
        "source:name": "logic_undp",
        "source_ref": "https://www.openstreetmap.org/user/aHaSaN/diary"
      }
    },
    {
      "type": "Feature",
      "geometry": {
        "type": "Point",
        "coordinates": [
          89.8709938,
          22.3669883
        ]
      },
      "properties": {
        "addr:full": "4 no ward",
        "amenity": "hospital",
        "building": "yes",
        "description": "Length 80 feet Width 40 feet Land 100 Decimal 3 room",
        "name": "General hospital"
      }
    },
    {
      "type": "Feature",
      "geometry": {
        "type": "Point",
        "coordinates": [
          88.6408776,
          23.7795545
        ]
      },
      "properties": {
        "amenity": "hospital",
        "healthcare": "clinic",
        "name": "Prime Lab Diagonistic and Consultaion Center"
      }
    },
    {
      "type": "Feature",
      "geometry": {
        "type": "Point",
        "coordinates": [
          88.6418166,
          23.7790321
        ]
      },
      "properties": {
        "amenity": "hospital",
        "healthcare": "clinic",
        "name": "Sono Diagonistic and Clinic"
      }
    },
    {
      "type": "Feature",
      "geometry": {
        "type": "Point",
        "coordinates": [
          89.83491,
          22.3304904
        ]
      },
      "properties": {
        "amenity": "clinic",
        "description": "Length 60 feet Width 40 feet",
        "name": "Khantakata Health and Family Welfare Center"
      }
    },
    {
      "type": "Feature",
      "geometry": {
        "type": "Point",
        "coordinates": [
          89.8190501,
          22.3172384
        ]
      },
      "properties": {
        "addr:district": "Khulna",
        "addr:union": "Khantakata",
        "addr:ward": "8",
        "amenity": "clinic",
        "building": "yes",
        "description": "Length 40 feet Width 40 feet 3 room 10 Decimal",
        "name": "Taltoli community clinic",
        "source": "survey",
        "source:date": "15-05-2018",
        "source:name": "logic_undp",
        "source_ref": "https://www.openstreetmap.org/user/aHaSaN/diary"
      }
    },
    {
      "type": "Feature",
      "geometry": {
        "type": "Point",
        "coordinates": [
          89.8759264,
          22.3459627
        ]
      },
      "properties": {
        "amenity": "clinic",
        "building": "yes",
        "description": "Length 15 feet Width 12 feet Land 3 Decimal 3 room",
        "name": "Community clinic",
        "source": "survey",
        "source:date": "15-05-2018",
        "source:name": "logic_undp"
      }
    },
    {
      "type": "Feature",
      "geometry": {
        "type": "Point",
        "coordinates": [
          89.8637491,
          22.344896
        ]
      },
      "properties": {
        "addr:district": "Khulna",
        "addr:union": "Khantakata",
        "address": "5 no Ward",
        "amenity": "clinic",
        "building": "yes",
        "description": "Length 40 feet Width 40 feet 3 room Land 3 Decimal",
        "name": "Community clinic",
        "source": "survey",
        "source:name": "logic_undp",
        "source_ref": "https://www.openstreetmap.org/user/aHaSaN/diary"
      }
    },
    {
      "type": "Feature",
      "geometry": {
        "type": "Point",
        "coordinates": [
          89.8538035,
          22.3493961
        ]
      },
      "properties": {
        "addr:district": "Bagerhat",
        "addr:union": "Khantakata",
        "amenity": "clinic",
        "building": "yes",
        "description": "Length 40 feet Width 40 feet 3 room Land 8 Decimal,https://www.openstreetmap.org/node/5789482180",
        "name": "Roundabout Community clinic(\u09b0\u09be\u0989\u09a8\u09cd\u09a6\u09be\u09ac\u09be\u0989\u09a4 \u0995\u09ae\u09bf\u0989\u09a8\u09bf\u099f\u09bf \u0995\u09cd\u09b2\u09bf\u09a8\u09bf\u0995)",
        "source": "survey",
        "source:date": "15-05-2018",
        "source:name": "logic_undp"
      }
    },
    {
      "type": "Feature",
      "geometry": {
        "type": "Point",
        "coordinates": [
          91.1741209,
          25.1615076
        ]
      },
      "properties": {
        "addr:district": "Sunamganj",
        "addr:union": "Borodol",
        "addr:ward": "1 no ward",
        "amenity": "clinic",
        "building": "yes",
        "damage": "yes",
        "description": "The Water has Moved Away the It has Broken",
        "name": "Kamarkandi Community Clinic",
        "name_disaster": "flood",
        "source": "survey",
        "source:date": "2018-07-22",
        "source:name": "logic_undp",
        "source_ref": "https://www.openstreetmap.org/user/aHaSaN/diary",
        "type": "institutional"
      }
    },
    {
      "type": "Feature",
      "geometry": {
        "type": "Point",
        "coordinates": [
          89.0686197,
          22.7225445
        ]
      },
      "properties": {
        "amenity": "hospital",
        "name": "Satkhira General Hospital"
      }
    },
    {
      "type": "Feature",
      "geometry": {
        "type": "Point",
        "coordinates": [
          89.0686843,
          22.7206576
        ]
      },
      "properties": {
        "amenity": "clinic",
        "healthcare": "clinic",
        "level": "5",
        "name": "Shimul Clinic"
      }
    },
    {
      "type": "Feature",
      "geometry": {
        "type": "Point",
        "coordinates": [
          91.8073258,
          22.4015493
        ]
      },
      "properties": {
        "addr:street": "Cantontment Road",
        "amenity": "hospital",
        "name:en": "CMH Chittagong"
      }
    },
    {
      "type": "Feature",
      "geometry": {
        "type": "Point",
        "coordinates": [
          89.0468985,
          22.6901884
        ]
      },
      "properties": {
        "amenity": "hospital",
        "name": "Satkhira Medical College"
      }
    },
    {
      "type": "Feature",
      "geometry": {
        "type": "Point",
        "coordinates": [
          89.045721,
          22.691344
        ]
      },
      "properties": {
        "amenity": "hospital",
        "name": "Satkhira Medical College"
      }
    },
    {
      "type": "Feature",
      "geometry": {
        "type": "Point",
        "coordinates": [
          89.6409997,
          22.5230873
        ]
      },
      "properties": {
        "addr:district": "Bagerhat",
        "addr:union": "Sonailtala",
        "addr:ward": "8",
        "amenity": "clinic",
        "damage": "yes",
        "description": "This Clinic is full Building & it 50% damaged for Sidr & aila. It House walls was Broken.",
        "name": "Ullubonneya Community Clinic.",
        "name_disaster": "Aila & Sidr",
        "source": "survey",
        "source:name": "logic_undp",
        "source_date": "2018-03-09",
        "source_ref": "https://www.openstreetmap.org/user/aHaSaN/diary",
        "type": "institutional"
      }
    },
    {
      "type": "Feature",
      "geometry": {
        "type": "Point",
        "coordinates": [
          89.6593299,
          22.5069372
        ]
      },
      "properties": {
        "addr:district": "Bagerhat",
        "addr:union": "Sonailtala",
        "addr:ward": "5",
        "amenity": "clinic",
        "building": "yes",
        "damage": "yes",
        "description": "it was partly(60%) damaged for aila in 2009.",
        "name": "Sunail Tola Health & Family Center.",
        "name_disaster": "Aila",
        "source": "survey",
        "source:date": "2018-03-09",
        "source:name": "logic_undp",
        "source_ref": "https://www.openstreetmap.org/user/aHaSaN/diary",
        "type": "institutional"
      }
    },
    {
      "type": "Feature",
      "geometry": {
        "type": "Point",
        "coordinates": [
          89.7402844,
          22.4813875
        ]
      },
      "properties": {
        "addr:district": "Bagerhat",
        "addr:union": "jiodara",
        "addr:ward": "3 no ward",
        "amenity": "clinic",
        "building": "yes",
        "damage": "yes",
        "description": "The amount of land is 10 Decimal in 2009-2018 it was damaged 70%.",
        "name": "Community Clinic Eastern Kuruper Dyer",
        "name:disaster": "Aila,Flood",
        "source": "survey",
        "source:name": "logic_undp",
        "source_date": "2018-03-08",
        "source_ref": "https://www.openstreetmap.org/user/aHaSaN/diary"
      }
    },
    {
      "type": "Feature",
      "geometry": {
        "type": "Point",
        "coordinates": [
          89.674809,
          25.6319432
        ]
      },
      "properties": {
        "addr:district": "Kurigram",
        "addr:union": "Raniganj",
        "addr:ward": "5 no word sorkari gram",
        "amenity": "clinic",
        "damage": "no",
        "name": "Sastho and Paribar Kendro",
        "source": "survey",
        "source:date": "2018-07-12",
        "source:name": "logic_undp",
        "source_ref": "https://www.openstreetmap.org/user/aHaSaN/diary",
        "type": "Institutional"
      }
    },
    {
      "type": "Feature",
      "geometry": {
        "type": "Point",
        "coordinates": [
          89.8023534,
          22.4423625
        ]
      },
      "properties": {
        "addr:district": "Bagerhat",
        "addr:union": "Baroikhali",
        "addr:ward": "8",
        "amenity": "clinic",
        "damage": "yes",
        "description": "tetul bariya community clinic paka 2.5 century land. 2007 sale Sidr e 70% damage hoy",
        "name": "Tetul Bariya Community Clinic",
        "name_disaster": "Sidr",
        "source": "survey",
        "source:name": "logic_undp",
        "source_date": "2018-20-08",
        "source_ref": "https://www.openstreetmap.org/user/aHaSaN/diary"
      }
    },
    {
      "type": "Feature",
      "geometry": {
        "type": "Point",
        "coordinates": [
          90.656704,
          24.4171738
        ]
      },
      "properties": {
        "amenity": "hospital",
        "name": "Hossainpur Upazila Health Complex",
        "type": "government"
      }
    },
    {
      "type": "Feature",
      "geometry": {
        "type": "Point",
        "coordinates": [
          89.6591906,
          22.4688248
        ]
      },
      "properties": {
        "addr:district": "Bagerhat",
        "addr:union": "Mithakhali",
        "addr:ward": "2",
        "amenity": "clinic",
        "damage": "yes",
        "description": "The clinic's roof broken, in 2007 it was damaged 20%, for more information see this- https://www.openstreetmap.org/user/aHaSaN/diary",
        "name": "Datter Metho Community Clinic",
        "name_disaster": "Sidor",
        "source": "survey",
        "source:date": "2018-03-08",
        "source:name": "logic_undp",
        "type": "physical"
      }
    },
    {
      "type": "Feature",
      "geometry": {
        "type": "Point",
        "coordinates": [
          89.6977231,
          22.4623238
        ]
      },
      "properties": {
        "addr:district": "Bagerhat",
        "addr:union": "Mithakhali",
        "addr:ward": "4",
        "amenity": "clinic",
        "description": "single storey building.for more information see this -https://www.openstreetmap.org/user/aHaSaN/diary",
        "name": "Saheber Metho Community Clinic",
        "source": "survey",
        "source:date": "2018-03-08",
        "source:name": "logic_undp",
        "source_ref": "https://www.openstreetmap.org/user/aHaSaN/diary"
      }
    },
    {
      "type": "Feature",
      "geometry": {
        "type": "Point",
        "coordinates": [
          89.6933068,
          22.4699506
        ]
      },
      "properties": {
        "addr:district": "Bagerhat",
        "addr:union": "Mithakhali",
        "addr:ward": "6",
        "amenity": "clinic",
        "damage": "yes",
        "description": "single storey building, 15 shatangsha jayga.the wall is collapsed. it was damaged 60%, for more details see this- https://www.openstreetmap.org/user/aHaSaN/diary",
        "name": "Khonkarer Ber Community Clinic",
        "source": "survey",
        "source:date": "2018-03-08",
        "source:name": "logic_undp",
        "type": "physical"
      }
    },
    {
      "type": "Feature",
      "geometry": {
        "type": "Point",
        "coordinates": [
          91.0541001,
          24.4156449
        ]
      },
      "properties": {
        "amenity": "hospital",
        "name": "Mithamoin Upazila Health Complex"
      }
    },
    {
      "type": "Feature",
      "geometry": {
        "type": "Point",
        "coordinates": [
          89.8108707,
          22.4865969
        ]
      },
      "properties": {
        "addr:district": "Bagerhat",
        "addr:union": "Baroikhali",
        "addr:ward": "6",
        "amenity": "clinic",
        "description": "sutalori khan bari community clinic 3 century. click here for more information https://www.openstreetmap.org/user/aHaSaN/diary",
        "name": "Sutalori Khan Bari Community Clinic",
        "source": "survey",
        "source:name": "logic_undp",
        "source_date": "2018-26-08",
        "source_ref": "https://www.openstreetmap.org/user/aHaSaN/diary"
      }
    },
    {
      "type": "Feature",
      "geometry": {
        "type": "Point",
        "coordinates": [
          89.8358005,
          22.4582029
        ]
      },
      "properties": {
        "addr:district": "Bagerhat",
        "addr:union": "Baroikhali",
        "addr:ward": "4",
        "amenity": "clinic",
        "damage": "yes",
        "description": "health and family welfare center 33 century land. 2007 2015 Sidr and earthque e 100% damage hoy. click here for more information https://www.openstreetmap.org/user/aHaSaN/diary",
        "name": "Health & Family Welfare Center",
        "name_disaster": "Sidr,Earthquake",
        "source": "survey",
        "source:name": "logic_undp",
        "source_date": "2018-26-08",
        "source_ref": "https://www.openstreetmap.org/user/aHaSaN/diary"
      }
    },
    {
      "type": "Feature",
      "geometry": {
        "type": "Point",
        "coordinates": [
          88.9067916,
          26.2114329
        ]
      },
      "properties": {
        "amenity": "hospital",
        "healthcare": "hospital",
        "name": "\u09a6\u0995\u09cd\u09b7\u09bf\u09a3 \u09ac\u09be\u09b2\u09be\u09aa\u09be\u09dc\u09be \u0995\u09ae\u09bf\u0989\u09a8\u09bf\u099f\u09bf \u0995\u09cd\u09b2\u09bf\u09a8\u09bf\u0995",
        "name:en": "Dakshin Balapara Community Clinic"
      }
    },
    {
      "type": "Feature",
      "geometry": {
        "type": "Point",
        "coordinates": [
          90.8622604,
          24.8095701
        ]
      },
      "properties": {
        "amenity": "hospital",
        "name": "Atpara Upazila Health Complex"
      }
    },
    {
      "type": "Feature",
      "geometry": {
        "type": "Point",
        "coordinates": [
          88.6548118,
          25.6128208
        ]
      },
      "properties": {
        "amenity": "hospital",
        "name:en": "Human care Diagnostic center"
      }
    },
    {
      "type": "Feature",
      "geometry": {
        "type": "Point",
        "coordinates": [
          88.6557696,
          25.8632453
        ]
      },
      "properties": {
        "amenity": "hospital",
        "name:en": "Haque Diagnostic Center"
      }
    },
    {
      "type": "Feature",
      "geometry": {
        "type": "Point",
        "coordinates": [
          89.8498057,
          22.3127311
        ]
      },
      "properties": {
        "addr:district": "Bagerhat",
        "amenity": "clinic",
        "damage": "yes",
        "description": "uazila Health Complex Two Stores.The building was under 20% water in 2007",
        "name": "upazila Health Complex",
        "name:disaster": "Sidor",
        "source": "survey",
        "source:date": "11-5-2018",
        "source:name": "logic_undp",
        "source_ref": "https://bit.ly/2NBTrkT"
      }
    },
    {
      "type": "Feature",
      "geometry": {
        "type": "Point",
        "coordinates": [
          89.8474762,
          22.3083588
        ]
      },
      "properties": {
        "addr:district": "Bagerhat",
        "amenity": "clinic",
        "damage": "no",
        "description": "Dust Health Center 1st floor of Rayenda Kadam tola",
        "name": "Dust Health Center",
        "source": "survey",
        "source:date": "11-5-2018",
        "source:name": "logic_undp",
        "source_ref": "https://bit.ly/2NBTrkT"
      }
    },
    {
      "type": "Feature",
      "geometry": {
        "type": "Point",
        "coordinates": [
          89.8405775,
          22.3102298
        ]
      },
      "properties": {
        "addr:district": "Bagerhat",
        "amenity": "hospital",
        "damage": "no",
        "description": "the ancient ditch animal hospital is two-storied",
        "name": "East Khada Animal Hospital",
        "source": "survey",
        "source:date": "11-5-2018",
        "source:name": "logic_undp",
        "source_ref": "https://bit.ly/2NBTrkT"
      }
    },
    {
      "type": "Feature",
      "geometry": {
        "type": "Point",
        "coordinates": [
          91.7837238,
          22.2832985
        ]
      },
      "properties": {
        "amenity": "hospital",
        "healthcare": "hospital",
        "name": "Momota Clinic & Hospital, M. A Aziz Rd, Chattogram",
        "name:en": "Mamata Clinic"
      }
    },
    {
      "type": "Feature",
      "geometry": {
        "type": "Point",
        "coordinates": [
          91.7847485,
          22.2845152
        ]
      },
      "properties": {
        "amenity": "hospital",
        "name:en": "Chittagong Diabetic General Hospital"
      }
    },
    {
      "type": "Feature",
      "geometry": {
        "type": "Point",
        "coordinates": [
          90.3650366,
          22.695062
        ]
      },
      "properties": {
        "amenity": "hospital",
        "name": "Police Line Hospiotal"
      }
    },
    {
      "type": "Feature",
      "geometry": {
        "type": "Point",
        "coordinates": [
          90.6432715,
          22.7246653
        ]
      },
      "properties": {
        "amenity": "clinic",
        "description": "30 decimail land",
        "hazard_intensity": "high",
        "name": "Union Health Family Planning Center",
        "office": "Institutional"
      }
    },
    {
      "type": "Feature",
      "geometry": {
        "type": "Point",
        "coordinates": [
          90.6384999,
          22.7235644
        ]
      },
      "properties": {
        "addr:ward": "ward 1",
        "amenity": "clinic",
        "description": "Kacha",
        "hazard_intensity": "low",
        "name": "BRAC Health Service Center",
        "office": "yes"
      }
    },
    {
      "type": "Feature",
      "geometry": {
        "type": "Point",
        "coordinates": [
          90.6518626,
          22.7332671
        ]
      },
      "properties": {
        "amenity": "clinic",
        "hazard_intensity": "high",
        "name": "EPI Tika Kendra Chowkider Bari"
      }
    },
    {
      "type": "Feature",
      "geometry": {
        "type": "Point",
        "coordinates": [
          89.5612186,
          22.8103369
        ]
      },
      "properties": {
        "amenity": "hospital",
        "name:en": "Prince Hospital"
      }
    },
    {
      "type": "Feature",
      "geometry": {
        "type": "Point",
        "coordinates": [
          90.5693994,
          24.7711854
        ]
      },
      "properties": {
        "amenity": "hospital",
        "name": "Gouripur Upazila Health Complex"
      }
    },
    {
      "type": "Feature",
      "geometry": {
        "type": "Point",
        "coordinates": [
          90.3345063,
          22.3620187
        ]
      },
      "properties": {
        "amenity": "hospital",
        "name": "Patuakhali General Hospital"
      }
    },
    {
      "type": "Feature",
      "geometry": {
        "type": "Point",
        "coordinates": [
          90.6664002,
          22.7084603
        ]
      },
      "properties": {
        "addr:district": "Bhola",
        "addr:union": "Dhania",
        "addr:ward": "3",
        "amenity": "clinic",
        "damage": "yes",
        "description": "pacca house 1 2 3 no ward health service centre it was 50% damaged for flood in 2017",
        "name": "Dhania Community clinic",
        "name_disaster": "flood",
        "source": "survey",
        "source:date": "2018-07-15",
        "source:name": "logic_undp",
        "source_ref": "https://bit.ly/2NBTrkT"
      }
    },
    {
      "type": "Feature",
      "geometry": {
        "type": "Point",
        "coordinates": [
          90.4355049,
          21.953972
        ]
      },
      "properties": {
        "addr:district": "Patuakhali",
        "addr:union": "Rangabali",
        "addr:ward": "7",
        "amenity": "clinic",
        "building": "yes",
        "damage": "no",
        "description": "800 square feet concret toiri 1 floor Clinic",
        "name": "Gondadula Community Clinic",
        "source": "survey",
        "source:date": "2018-09-17",
        "source:name": "logic_undp",
        "source_ref": "https://www.openstreetmap.org/user/aHaSaN/diary"
      }
    },
    {
      "type": "Feature",
      "geometry": {
        "type": "Point",
        "coordinates": [
          90.4256558,
          21.9646637
        ]
      },
      "properties": {
        "addr:district": "Patuakhali",
        "addr:union": "Rangabali",
        "addr:ward": "2",
        "amenity": "hospital",
        "building": "yes",
        "damage": "no",
        "description": "Construction of 2200 square feet",
        "name": "Kajir Aola Health Complex",
        "source": "survey",
        "source:date": "2018-09-17",
        "source:name": "logic_undp",
        "source_ref": "https://www.openstreetmap.org/user/aHaSaN/diary"
      }
    },
    {
      "type": "Feature",
      "geometry": {
        "type": "Point",
        "coordinates": [
          90.4434282,
          21.9796776
        ]
      },
      "properties": {
        "addr:district": "Patuakhali",
        "addr:union": "Rangabali",
        "addr:ward": "1",
        "amenity": "hospital",
        "damage": "no",
        "description": "Construction of 3000 square feet tin and concrete building",
        "name": "SEP Bangladesh Hospital",
        "source": "survey",
        "source:date": "2018-09-17",
        "source:name": "logic_undp",
        "source_ref": "https://www.openstreetmap.org/user/aHaSaN/diary"
      }
    },
    {
      "type": "Feature",
      "geometry": {
        "type": "Point",
        "coordinates": [
          90.4454023,
          21.9389703
        ]
      },
      "properties": {
        "addr:district": "Patuakhali",
        "addr:union": "Rangabali",
        "addr:ward": "8",
        "amenity": "clinic",
        "building": "yes",
        "damage": "yes",
        "description": "1000square feet concret toiri 1 floor buildingSidor,Aila,Mohasen",
        "name": "Neta Community Clinic",
        "source": "survey",
        "source:date": "2018-09-17",
        "source:name": "logic_undp",
        "source_ref": "https://www.openstreetmap.org/user/aHaSaN/diary"
      }
    },
    {
      "type": "Feature",
      "geometry": {
        "type": "Point",
        "coordinates": [
          90.3742151,
          21.9644336
        ]
      },
      "properties": {
        "addr:district": "Patuakhali",
        "addr:union": "Boro Baishdia",
        "addr:ward": "5",
        "amenity": "clinic",
        "description": "Concrete built two storey building.",
        "name": "Kata Khali GPS Kam Cyclone Center",
        "source": "survey",
        "source:date": "9/9/2018",
        "source:name": "logic_undp",
        "source_ref": "https://www.openstreetmap.org/user/aHaSaN/diary"
      }
    },
    {
      "type": "Feature",
      "geometry": {
        "type": "Point",
        "coordinates": [
          90.3829839,
          21.9773464
        ]
      },
      "properties": {
        "addr:district": "Patuakhali",
        "addr:union": "Boro Baishdia",
        "addr:ward": "2",
        "amenity": "clinic",
        "description": "Concrete built.",
        "name": "Gabbunia Community Clinic",
        "source": "survey",
        "source:date": "9/9/2018",
        "source:name": "logic_undp",
        "source_ref": "https://www.openstreetmap.org/user/aHaSaN/diary"
      }
    },
    {
      "type": "Feature",
      "geometry": {
        "type": "Point",
        "coordinates": [
          90.3343534,
          21.8842568
        ]
      },
      "properties": {
        "addr:district": "Patuakhali",
        "addr:union": "Boro Baishdia",
        "addr:ward": "9",
        "amenity": "hospital",
        "description": "Single storey building.",
        "name": "ACI Hospital",
        "source": "survey",
        "source:date": "9/9/2018",
        "source:name": "logic_undp",
        "source_ref": "https://www.openstreetmap.org/user/aHaSaN/diary"
      }
    },
    {
      "type": "Feature",
      "geometry": {
        "type": "Point",
        "coordinates": [
          90.3420702,
          21.886116
        ]
      },
      "properties": {
        "addr:district": "Patuakhali",
        "addr:union": "Boro Baishdia",
        "addr:ward": "9",
        "amenity": "clinic",
        "damage": "no",
        "description": "3500 feet, concrete building.",
        "name": "Majher Deur Community Clinic",
        "source": "survey",
        "source:date": "9/9/2018",
        "source:name": "logic_undp",
        "source_ref": "https://www.openstreetmap.org/user/aHaSaN/diary"
      }
    },
    {
      "type": "Feature",
      "geometry": {
        "type": "Point",
        "coordinates": [
          90.643293,
          22.7246901
        ]
      },
      "properties": {
        "addr:district": "Bhola",
        "addr:union": "Kachia",
        "addr:ward": "1",
        "amenity": "clinic",
        "description": "30 decimail land",
        "name": "Union Health Family Planning Center",
        "source": "servey",
        "source:date": "12-07-18",
        "source:name": "logic_undp",
        "source:ref": "https://www.openstreetmap.org/user/aHaSaN/diary"
      }
    },
    {
      "type": "Feature",
      "geometry": {
        "type": "Point",
        "coordinates": [
          90.638524,
          22.7235842
        ]
      },
      "properties": {
        "addr:district": "Bhola",
        "addr:union": "Kachia",
        "addr:ward": "1",
        "amenity": "clinic",
        "description": "Kacha, no damage",
        "hazard_intensity": "low",
        "name": "BRAC Health Service Center",
        "office": "yes",
        "source": "servey",
        "source:date": "12-07-18",
        "source:name": "logic_undp",
        "source:ref": "https://www.openstreetmap.org/user/aHaSaN/diary",
        "type": "Institutional"
      }
    },
    {
      "type": "Feature",
      "geometry": {
        "type": "Point",
        "coordinates": [
          90.6518841,
          22.7332919
        ]
      },
      "properties": {
        "addr:district": "Bhola",
        "addr:union": "Kachia",
        "addr:ward": "3",
        "amenity": "clinic",
        "description": "Social use, 100% damaged in flood 2013",
        "disaster": "yes",
        "hazard_intensity": "high",
        "name": "EPI Tika Kendra Chowkider Bari",
        "name_disaster": "Flood",
        "source": "servey",
        "source:date": "12-07-18",
        "source:name": "logic_undp",
        "source:ref": "https://www.openstreetmap.org/user/aHaSaN/diary",
        "type": "Institutional"
      }
    },
    {
      "type": "Feature",
      "geometry": {
        "type": "Point",
        "coordinates": [
          90.4334262,
          22.0099729
        ]
      },
      "properties": {
        "addr:district": "PatuaKhali",
        "addr:union": "Choto Baishdia",
        "addr:ward": "6",
        "amenity": "clinic",
        "description": "Concrete",
        "name": "Choto Baishdia Union Health Center",
        "source": "survey",
        "source:name": "logic_undp",
        "source_date": "10/10/2018",
        "source_ref": "https://www.openstreetmap.org/user/aHaSaN/diary/44927",
        "type": "physical"
      }
    },
    {
      "type": "Feature",
      "geometry": {
        "type": "Point",
        "coordinates": [
          90.3907513,
          23.7644136
        ]
      },
      "properties": {
        "addr:housenumber": "123/7",
        "addr:postcode": "1215",
        "addr:street": "Tejkunipara, Bijoy Sharani Link Road",
        "amenity": "clinic",
        "healthcare": "clinic",
        "name": "\u09a2\u09be\u0995\u09be \u09b2\u09be\u0987\u09ab \u0995\u09c7\u09af\u09bc\u09be\u09b0 \u09b9\u09b8\u09aa\u09bf\u099f\u09be\u09b2 (\u09ac\u09cd\u09b0\u09c7\u09a8 \u098f\u09a8\u09cd\u09a1 \u09b2\u09be\u0987\u09ab \u0995\u09c7\u09af\u09bc\u09be\u09b0 \u09b9\u09b8\u09aa\u09bf\u099f\u09be\u09b2 \u098f\u09a8\u09cd\u09a1 \u09a1\u09be\u09af\u09bc\u09be\u0997\u09a8\u09b7\u09cd\u099f\u09bf\u0995 \u09b8\u09c7\u09a8\u09cd\u099f\u09be\u09b0)",
        "name:bn": "\u09a2\u09be\u0995\u09be \u09b2\u09be\u0987\u09ab \u0995\u09c7\u09af\u09bc\u09be\u09b0 \u09b9\u09b8\u09aa\u09bf\u099f\u09be\u09b2 (\u09ac\u09cd\u09b0\u09c7\u09a8 \u098f\u09a8\u09cd\u09a1 \u09b2\u09be\u0987\u09ab \u0995\u09c7\u09af\u09bc\u09be\u09b0 \u09b9\u09b8\u09aa\u09bf\u099f\u09be\u09b2 \u098f\u09a8\u09cd\u09a1 \u09a1\u09be\u09af\u09bc\u09be\u0997\u09a8\u09b7\u09cd\u099f\u09bf\u0995 \u09b8\u09c7\u09a8\u09cd\u099f\u09be\u09b0)",
        "name:en": "Dhaka Life Care Hospital",
        "phone": "+88029121597"
      }
    },
    {
      "type": "Feature",
      "geometry": {
        "type": "Point",
        "coordinates": [
          90.675112,
          22.5423123
        ]
      },
      "properties": {
        "addr:district": "Bhola",
        "addr:union": "Dakkhin Joynagar",
        "addr:ward": "4",
        "amenity": "hospital",
        "damage": "no",
        "description": "20 decimal land , 45 musulli performs prayer",
        "name": "Masque beside Khayer hat Hospital",
        "source": "survey",
        "source:name": "logic_undp",
        "source_date": "2018-10-20",
        "source_ref": "https://www.openstreetmap.org/user/aHaSaN/diary"
      }
    },
    {
      "type": "Feature",
      "geometry": {
        "type": "Point",
        "coordinates": [
          90.6755197,
          22.556764
        ]
      },
      "properties": {
        "addr:district": "Bhola",
        "addr:union": "Dakkhin Joynagar",
        "addr:ward": "3",
        "amenity": "clinic",
        "damage": "no",
        "description": "4 decimal land, Pacca",
        "name": "West Joynagar community clinic",
        "source": "survey",
        "source:name": "logic_undp",
        "source_date": "2018-10-20",
        "source_ref": "https://www.openstreetmap.org/user/aHaSaN/diary"
      }
    },
    {
      "type": "Feature",
      "geometry": {
        "type": "Point",
        "coordinates": [
          89.4909435,
          22.506838
        ]
      },
      "properties": {
        "addr:district": "Khulna",
        "addr:union": "Kamarkhola",
        "addr:ward": "9",
        "amenity": "clinic",
        "building": "yes",
        "damage": "no",
        "description": "It's made by brick",
        "name": "Romani Memorable Community Clinic",
        "source": "survey",
        "source:date": "2018-10-18",
        "source:name": "logic_undp",
        "source_ref": "https://www.openstreetmap.org/user/aHaSaN/diary"
      }
    },
    {
      "type": "Feature",
      "geometry": {
        "type": "Point",
        "coordinates": [
          89.4845244,
          22.5328952
        ]
      },
      "properties": {
        "addr:district": "Khulna",
        "addr:union": "Kamarkhola",
        "addr:ward": "7",
        "amenity": "clinic",
        "building": "yes",
        "damage": "yes",
        "description": "it was 100% damaged by Aila & sidr in 2009 & 2007. 1 step's building",
        "name": "Union Heath and Family Development Center",
        "name_disaster": "Aila & Sidr",
        "source": "survey",
        "source:date": "2018-10-18",
        "source:name": "logic_undp",
        "source_ref": "https://www.openstreetmap.org/user/aHaSaN/diary"
      }
    },
    {
      "type": "Feature",
      "geometry": {
        "type": "Point",
        "coordinates": [
          89.4847745,
          22.5341073
        ]
      },
      "properties": {
        "addr:district": "Khulna",
        "addr:union": "Kamarkhola",
        "addr:ward": "7",
        "amenity": "clinic",
        "building": "yes",
        "damage": "no",
        "description": "3500square feet building( 1 tola vabn)",
        "name": "Church's Community Center",
        "source": "survey",
        "source:date": "2018-10-18",
        "source:name": "logic_undp",
        "source_ref": "https://www.openstreetmap.org/user/aHaSaN/diary"
      }
    },
    {
      "type": "Feature",
      "geometry": {
        "type": "Point",
        "coordinates": [
          89.4489804,
          22.5353683
        ]
      },
      "properties": {
        "addr:district": "Khulna",
        "addr:union": "Kamarkhola",
        "addr:ward": "6",
        "amenity": "clinic",
        "building": "yes",
        "damage": "no",
        "description": "Totally new bbuilding, It built in 5 across of land",
        "name": "Parjoy Nagor Community Clinic",
        "source": "survey",
        "source:date": "2018-10-18",
        "source:name": "logic_undp",
        "source_ref": "https://www.openstreetmap.org/user/aHaSaN/diary"
      }
    },
    {
      "type": "Feature",
      "geometry": {
        "type": "Point",
        "coordinates": [
          89.7873384,
          22.3749899
        ]
      },
      "properties": {
        "addr:district": "Bagerhat",
        "addr:union": "Dhanshagor",
        "addr:ward": "ward 1",
        "amenity": "clinic",
        "description": "1 storied area of land 7 decimal, 35% damaged in 2007",
        "name": "Bonda Ghata Community Clinic",
        "name_disaster": "Sidor",
        "source": "servey",
        "source:date": "12-07-18",
        "source:name": "logic_undp",
        "source:ref": "https://www.openstreetmap.org/user/aHaSaN/diary"
      }
    },
    {
      "type": "Feature",
      "geometry": {
        "type": "Point",
        "coordinates": [
          90.643293,
          22.7246901
        ]
      },
      "properties": {
        "addr:district": "Bhola",
        "addr:union": "Kachia",
        "addr:ward": "1",
        "amenity": "clinic",
        "description": "30 decimail land, 100% flooded in 2013",
        "name": "Union Health Family Planning Center",
        "source": "servey",
        "source:date": "12-07-18",
        "source:name": "logic_undp",
        "source:ref": "https://www.openstreetmap.org/user/aHaSaN/diary"
      }
    },
    {
      "type": "Feature",
      "geometry": {
        "type": "Point",
        "coordinates": [
          90.3625381,
          23.6602262
        ]
      },
      "properties": {
        "amenity": "hospital",
        "name": "Shodesh General Hospital, Dhaka - Mawa Hwy, Kalakandi"
      }
    },
    {
      "type": "Feature",
      "geometry": {
        "type": "Point",
        "coordinates": [
          90.4152938,
          23.7034277
        ]
      },
      "properties": {
        "amenity": "hospital",
        "healthcare": "hospital",
        "name": "Maula Buksh Sardar Datobbo Chokkhu Hospital"
      }
    },
    {
      "type": "Feature",
      "geometry": {
        "type": "Point",
        "coordinates": [
          90.4237309,
          23.6835955
        ]
      },
      "properties": {
        "addr:city": "\u0995\u09c7\u09b0\u09be\u09a8\u09c0\u0997\u099e\u09cd\u099c",
        "addr:street": "\u09ac\u09b8\u09c1\u09a8\u09cd\u09a7\u09b0\u09be \u09b0\u09bf\u09ad\u09be\u09b0\u09ad\u09bf\u0989 \u09b8\u09dc\u0995",
        "amenity": "hospital",
        "healthcare": "hospital",
        "name": "Hasnabad Specialized Hospital and Lab Limited",
        "name:bn": "\u09b9\u09be\u09b8\u09a8\u09be\u09ac\u09be\u09a6 \u09b8\u09cd\u09aa\u09c7\u09b6\u09be\u09b2\u09be\u0987\u099c\u09a1 \u09b9\u09be\u09b8\u09aa\u09be\u09a4\u09be\u09b2 \u098f\u09a8\u09cd\u09a1 \u09b2\u09cd\u09af\u09be\u09ac \u09b2\u09bf\u09ae\u09bf\u099f\u09c7\u09a1"
      }
    },
    {
      "type": "Feature",
      "geometry": {
        "type": "Point",
        "coordinates": [
          91.8253382,
          22.355143
        ]
      },
      "properties": {
        "amenity": "hospital",
        "name": "Max Hospital"
      }
    },
    {
      "type": "Feature",
      "geometry": {
        "type": "Point",
        "coordinates": [
          91.8312669,
          22.3609439
        ]
      },
      "properties": {
        "amenity": "hospital",
        "name:en": "Chittagong shishu hospital pvt ltd"
      }
    },
    {
      "type": "Feature",
      "geometry": {
        "type": "Point",
        "coordinates": [
          91.8833747,
          24.8866372
        ]
      },
      "properties": {
        "amenity": "hospital",
        "name": "\u0986\u09b2 \u0986\u09ae\u09bf\u09a8 \u09a1\u09c7\u09a8\u09cd\u099f\u09be\u09b2 \u0995\u09b2\u09c7\u099c \u0993 \u099c\u09c7\u09a8\u09be\u09b0\u09c7\u09b2 \u09b9\u09be\u09b8\u09aa\u09be\u09a4\u09be\u09b2\u09c7"
      }
    },
    {
      "type": "Feature",
      "geometry": {
        "type": "Point",
        "coordinates": [
          91.8655743,
          24.9003241
        ]
      },
      "properties": {
        "amenity": "hospital",
        "healthcare": "hospital",
        "name": "Mohanagar Hospital"
      }
    },
    {
      "type": "Feature",
      "geometry": {
        "type": "Point",
        "coordinates": [
          91.9095547,
          24.8993354
        ]
      },
      "properties": {
        "addr:city": "Sylhet",
        "amenity": "hospital",
        "emergency": "yes",
        "healthcare": "hospital",
        "name": "Jalalabad Eye Hospital"
      }
    },
    {
      "type": "Feature",
      "geometry": {
        "type": "Point",
        "coordinates": [
          89.5823881,
          22.4658051
        ]
      },
      "properties": {
        "addr:district": "Khulna",
        "addr:union": "Banishanta",
        "addr:ward": "4",
        "amenity": "clinic",
        "building": "yes",
        "damage": "yes",
        "description": "1 tola paka vhaban. It was 30% damaged in 2007 by Sidr.",
        "name": "Banishanta Union health & Family Development Center",
        "name_disaster": "Sidr",
        "source": "survey",
        "source:date": "2018-11-10",
        "source:name": "logic_undp",
        "source_ref": "https://www.openstreetmap.org/user/aHaSaN/diary"
      }
    },
    {
      "type": "Feature",
      "geometry": {
        "type": "Point",
        "coordinates": [
          89.5546353,
          22.4506944
        ]
      },
      "properties": {
        "addr:district": "Khulna",
        "addr:union": "Banishanta",
        "addr:ward": "7",
        "amenity": "clinic",
        "building": "yes",
        "description": "Croncrit dhara nirmito",
        "name": "Khajuria Community Clinic",
        "source": "survey",
        "source:date": "2018-11-10",
        "source:name": "logic_undp",
        "source_ref": "https://www.openstreetmap.org/user/aHaSaN/diary"
      }
    },
    {
      "type": "Feature",
      "geometry": {
        "type": "Point",
        "coordinates": [
          89.5710048,
          22.4893875
        ]
      },
      "properties": {
        "addr:district": "Khulna",
        "addr:union": "Banishanta",
        "addr:ward": "2",
        "amenity": "clinic",
        "building": "yes",
        "damage": "yes",
        "description": "Its Built in 10 across of land. 10feet long,40 feet width. It was 30% damaged in 2009 by Aila.",
        "name": "Adhar Manick Community Clinic",
        "name_disaster": "Aila",
        "source": "survey",
        "source:date": "2018-11-10",
        "source:name": "logic_undp",
        "source_ref": "https://www.openstreetmap.org/user/aHaSaN/diary"
      }
    },
    {
      "type": "Feature",
      "geometry": {
        "type": "Point",
        "coordinates": [
          90.4802388,
          22.2254511
        ]
      },
      "properties": {
        "addr:district": "PatuaKhali",
        "addr:union": "Rangopaldi UP",
        "addr:ward": "1",
        "amenity": "clinic",
        "damage": "yes",
        "description": "Union Porjayer clinic.2007 2009 2013 sale mohsen er karone plabito hoyechilo.damage 40%",
        "name": "Rangopaldi Community Clinic",
        "name_disaster": "mohsen",
        "source": "survey",
        "source:name": "logic_undp",
        "source_date": "15/11/2018",
        "source_ref": "https://www.openstreetmap.org/user/aHaSaN/diary"
      }
    },
    {
      "type": "Feature",
      "geometry": {
        "type": "Point",
        "coordinates": [
          90.4921129,
          22.1928539
        ]
      },
      "properties": {
        "addr:district": "PatuaKhali",
        "addr:union": "Rangopaldi UP",
        "addr:ward": "3",
        "amenity": "clinic",
        "damage": "yes",
        "description": "paka 2 sotangsho jomi.foundation 10% damage hoy",
        "name": "Community Clinic (3 no ward)",
        "name_disaster": "high tide",
        "source": "survey",
        "source:name": "logic_undp",
        "source_date": "15/11/2018",
        "source_ref": "https://www.openstreetmap.org/user/aHaSaN/diary"
      }
    },
    {
      "type": "Feature",
      "geometry": {
        "type": "Point",
        "coordinates": [
          90.7430604,
          22.5759001
        ]
      },
      "properties": {
        "addr:district": "Bhola",
        "addr:union": "Saidpur",
        "addr:ward": "5",
        "amenity": "clinic",
        "damage": "no",
        "description": "4 decimal land ,",
        "name": "Community clinic beside Mosharref Member house",
        "source": "survey",
        "source:date": "2018-08-11",
        "source:name": "logic_undp",
        "source_ref": "https://www.openstreetmap.org/user/aHaSaN/diary",
        "type": "institutional"
      }
    },
    {
      "type": "Feature",
      "geometry": {
        "type": "Point",
        "coordinates": [
          90.732117,
          22.5794107
        ]
      },
      "properties": {
        "addr:district": "Bhola",
        "addr:ward": "5",
        "amenity": "clinic",
        "damage": "no",
        "description": "Pacca , 5 decimal land ,",
        "healthcare": "clinic",
        "name": "Community clinic beside Monu Matbor house",
        "source": "survey",
        "source:date": "2018-08-11",
        "source:name": "logic_undp",
        "source_ref": "https://www.openstreetmap.org/user/aHaSaN/diary",
        "type": "institutional"
      }
    },
    {
      "type": "Feature",
      "geometry": {
        "type": "Point",
        "coordinates": [
          90.7309167,
          22.5743051
        ]
      },
      "properties": {
        "addr:union": "Saidpur",
        "amenity": "clinic"
      }
    },
    {
      "type": "Feature",
      "geometry": {
        "type": "Point",
        "coordinates": [
          90.729416,
          22.5671225
        ]
      },
      "properties": {
        "addr:district": "Bhola",
        "addr:union": "Saidpur",
        "addr:ward": "3",
        "amenity": "clinic",
        "damage": "no",
        "description": "Length 40 feet, Width 25 feet.1000 people get health care, Pacca",
        "name": "Community Clinic of Howlader house",
        "source": "survey",
        "source:date": "2018-08-11",
        "source:name": "logic_undp",
        "source_ref": "https://www.openstreetmap.org/user/aHaSaN/diary",
        "type": "social"
      }
    },
    {
      "type": "Feature",
      "geometry": {
        "type": "Point",
        "coordinates": [
          90.7435057,
          22.56418
        ]
      },
      "properties": {
        "addr:district": "Bhola",
        "addr:union": "Saidpur",
        "addr:ward": "8",
        "amenity": "clinic",
        "damage": "no",
        "description": "Govt. satellite clinic, 25 to 30 person receive service",
        "name": "Satellite clinic.",
        "source": "survey",
        "source:date": "2018-08-11",
        "source:name": "logic_undp",
        "source_ref": "https://www.openstreetmap.org/user/aHaSaN/diary",
        "type": "institutional"
      }
    },
    {
      "type": "Feature",
      "geometry": {
        "type": "Point",
        "coordinates": [
          90.721765,
          22.5651311
        ]
      },
      "properties": {
        "addr:district": "Bhola",
        "addr:union": "Saidpur",
        "addr:ward": "2",
        "amenity": "clinic",
        "damage": "no",
        "description": "5 decimal land.500 people get health care.Nurse 2, Pacca",
        "name": "Clinic In front of Apporodi house",
        "source": "survey",
        "source:date": "2018-08-11",
        "source:name": "logic_undp",
        "source_ref": "https://www.openstreetmap.org/user/aHaSaN/diary",
        "type": "institutional"
      }
    },
    {
      "type": "Feature",
      "geometry": {
        "type": "Point",
        "coordinates": [
          90.6243002,
          22.5985722
        ]
      },
      "properties": {
        "Source_ref": "https://www.openstreetmap.org/user/aHaSaN/diary",
        "addr:district": "Bhola",
        "addr:union": "Dakshin Dighaldi",
        "addr:ward": "2",
        "amenity": "clinic",
        "damage": "no",
        "description": "People from 2 & 3 ward recives health service",
        "name": "Dokhin Baliea Notun hat Community Clinic",
        "name_disaster": "-",
        "source": "survey",
        "source:date": "2018-08-11",
        "source:name": "logic_undp",
        "type": "Institutional"
      }
    },
    {
      "type": "Feature",
      "geometry": {
        "type": "Point",
        "coordinates": [
          90.6414007,
          22.5929027
        ]
      },
      "properties": {
        "Source_ref": "https://www.openstreetmap.org/user/aHaSaN/diary",
        "addr:district": "Bhola",
        "addr:union": "Dakshin Dighaldi",
        "addr:ward": "3",
        "amenity": "clinic",
        "damage": "no",
        "description": "Health and family Welfare center beside Bottola bazar",
        "name": "Health and family Welfare Centre",
        "name_disaster": "-",
        "source": "survey",
        "source:date": "2018-08-11",
        "source:name": "logic_undp",
        "type": "Institutional"
      }
    },
    {
      "type": "Feature",
      "geometry": {
        "type": "Point",
        "coordinates": [
          90.0236517,
          22.0355776
        ]
      },
      "properties": {
        "addr:district": "Barguna",
        "addr:union": "Noltona",
        "addr:ward": "3",
        "amenity": "clinic",
        "damage": "yes",
        "description": "Union health and family development centre(two stories building). The wall of the clinic was partial damage by cyclone Sidr in 2007 and 50% damaged.",
        "name": "Clinic",
        "name_disaster": "Sidr",
        "source": "survey",
        "source:date": "2018-11-08",
        "source:name": "logic_undp",
        "source_ref": "https://www.openstreetmap.org/user/aHaSaN/diary",
        "type": "physical"
      }
    },
    {
      "type": "Feature",
      "geometry": {
        "type": "Point",
        "coordinates": [
          90.0486888,
          22.0597869
        ]
      },
      "properties": {
        "amenity": "clinic"
      }
    },
    {
      "type": "Feature",
      "geometry": {
        "type": "Point",
        "coordinates": [
          90.7105842,
          22.4282609
        ]
      },
      "properties": {
        "addr:district": "Bhola",
        "addr:union": "Deula",
        "addr:ward": "4",
        "amenity": "clinic",
        "damage": "no",
        "description": "10 decimal land [used 500 people]",
        "name": "Community Clinic in front of Haji House",
        "name_disaster": "_",
        "source": "survey",
        "source:date": "2018-08-11",
        "source:name": "logic_undp"
      }
    },
    {
      "type": "Feature",
      "geometry": {
        "type": "Point",
        "coordinates": [
          90.6913608,
          22.5766456
        ]
      },
      "properties": {
        "addr:district": "Bhola",
        "addr:union": "Uttar Joynagar",
        "addr:ward": "6",
        "amenity": "clinic",
        "damage": "no",
        "description": "pacca, 2 staired building",
        "name": "Uttor Joynagar Union Health Complex",
        "source": "survey",
        "source:date": "2018-08-11",
        "source:name": "logic_undp"
      }
    },
    {
      "type": "Feature",
      "geometry": {
        "type": "Point",
        "coordinates": [
          90.7004482,
          22.584588
        ]
      },
      "properties": {
        "addr:district": "Bhola",
        "addr:union": "Uttar Joynagar",
        "addr:ward": "9",
        "amenity": "clinic",
        "damage": "no",
        "description": "pacca 6 thousand pepole receives health serveice",
        "name": "Clinic beside Munsir Hat",
        "source": "survey",
        "source:date": "2018-08-11",
        "source:name": "logic_undp"
      }
    },
    {
      "type": "Feature",
      "geometry": {
        "type": "Point",
        "coordinates": [
          90.6786391,
          22.5835726
        ]
      },
      "properties": {
        "addr:district": "Bhola",
        "addr:union": "Uttar Joynagar",
        "addr:ward": "6",
        "amenity": "clinic",
        "damage": "yes",
        "description": "pacca, broken down, 6 decimal land (2015, 40% damaged, flooded)",
        "name": "Moddo Joynagar Sordar Hat Health Clinic",
        "name_disaster": "Flood",
        "source": "survey",
        "source:date": "2018-08-11",
        "source:name": "logic_undp"
      }
    },
    {
      "type": "Feature",
      "geometry": {
        "type": "Point",
        "coordinates": [
          90.6766435,
          22.5916211
        ]
      },
      "properties": {
        "addr:district": "Bhola",
        "addr:union": "Uttar Joynagar",
        "addr:ward": "3",
        "amenity": "clinic",
        "damage": "no",
        "description": "10 decimal land",
        "name": "Satelite clinic of Chairman house",
        "source": "survey",
        "source:date": "2018-08-11",
        "source:name": "logic_undp"
      }
    },
    {
      "type": "Feature",
      "geometry": {
        "type": "Point",
        "coordinates": [
          90.6649813,
          22.5952738
        ]
      },
      "properties": {
        "addr:district": "Bhola",
        "addr:union": "Uttar Joynagar",
        "addr:ward": "3",
        "amenity": "clinic",
        "damage": "no",
        "description": "2 decimal land [pacca]",
        "name": "Clinic in front of Siddik Mia's house",
        "source": "survey",
        "source:date": "2018-08-11",
        "source:name": "logic_undp",
        "source_ref": "https://www.openstreetmap.org/user/aHaSaN/diary"
      }
    },
    {
      "type": "Feature",
      "geometry": {
        "type": "Point",
        "coordinates": [
          90.7178611,
          22.5278294
        ]
      },
      "properties": {
        "addr:district": "Bhola",
        "addr:union": "Bara Manika",
        "addr:ward": "2",
        "amenity": "clinic",
        "damage": "No",
        "description": "one-storey building, take service 50000 peoples. land 4 decimal.",
        "name": "Community Clinic of Fakaruddin Hawladar House",
        "source": "survey",
        "source:date": "2018-11-08",
        "source:name": "logic_undp",
        "source_ref": "https://www.openstreetmap.org/user/aHaSaN/diary",
        "type": "Institutional"
      }
    },
    {
      "type": "Feature",
      "geometry": {
        "type": "Point",
        "coordinates": [
          90.7340535,
          22.5454485
        ]
      },
      "properties": {
        "addr:district": "Bhola",
        "addr:union": "Bara Manika",
        "addr:ward": "5",
        "amenity": "clinic",
        "damage": "No",
        "description": "2 Decimal",
        "name": "Harun Hat North Batamara Model Clinicn",
        "source": "survey",
        "source:date": "2018-11-08",
        "source:name": "logic_undp",
        "source_ref": "https://www.openstreetmap.org/user/aHaSaN/diary",
        "type": "Instiutional"
      }
    },
    {
      "type": "Feature",
      "geometry": {
        "type": "Point",
        "coordinates": [
          90.7161605,
          22.5377689
        ]
      },
      "properties": {
        "addr:district": "Bhola",
        "addr:union": "Bara Manika",
        "addr:ward": "1",
        "amenity": "clinic",
        "damage": "No",
        "description": "One-storey building,land 12 decimal",
        "name": "Union Health & Family development Centre",
        "source": "survey",
        "source:date": "2018-11-08",
        "source:name": "logic_undp",
        "source_ref": "https://www.openstreetmap.org/user/aHaSaN/diary",
        "type": "Institutional"
      }
    },
    {
      "type": "Feature",
      "geometry": {
        "type": "Point",
        "coordinates": [
          90.7119817,
          22.5544232
        ]
      },
      "properties": {
        "addr:district": "Bhola",
        "addr:union": "Bara Manika",
        "addr:ward": "1",
        "amenity": "clinic",
        "damage": "No",
        "description": "one-storey building, land 2 decimal, to service 6000 peoples.",
        "name": "Manika (Alamin Member Bari) Community Clinic",
        "source": "survey",
        "source:date": "2018-11-08",
        "source:name": "logic_undp",
        "source_ref": "https://www.openstreetmap.org/user/aHaSaN/diary",
        "type": "Institutional"
      }
    },
    {
      "type": "Feature",
      "geometry": {
        "type": "Point",
        "coordinates": [
          90.7010436,
          22.4467975
        ]
      },
      "properties": {
        "addr:district": "Bhola",
        "addr:union": "Deula",
        "addr:ward": "2",
        "amenity": "clinic",
        "damage": "no",
        "description": "4 decimal land .",
        "name": "Community Clinic in front of Talukdar house",
        "source": "survey",
        "source:date": "2018-08-11",
        "source:name": "logic_undp",
        "source_ref": "https://www.openstreetmap.org/user/aHaSaN/diary"
      }
    },
    {
      "type": "Feature",
      "geometry": {
        "type": "Point",
        "coordinates": [
          90.7294334,
          22.4393938
        ]
      },
      "properties": {
        "addr:district": "Bhola",
        "addr:union": "Deula",
        "addr:ward": "7",
        "amenity": "clinic",
        "damage": "no",
        "description": "Paka bullding ,per day 50 Pateints Reccived Suggetions",
        "name": "Hasmot Ali Mir Comunitty Clinic",
        "name_disaster": "_",
        "source": "survey",
        "source:date": "2018-08-11",
        "source:name": "logic_undp",
        "source_ref": "https://www.openstreetmap.org/user/aHaSaN/diary"
      }
    },
    {
      "type": "Feature",
      "geometry": {
        "type": "Point",
        "coordinates": [
          90.6497061,
          22.57485
        ]
      },
      "properties": {
        "Source_ref": "https://www.openstreetmap.org/user/aHaSaN/diary",
        "addr:district": "Bhola",
        "addr:union": "Dakshin Dighaldi",
        "addr:ward": "7",
        "amenity": "clinic",
        "damage": "no",
        "description": "1st floor, pacca",
        "name": "Community clinic at 7 no. ward",
        "name_disaster": "-",
        "source": "survey",
        "source:date": "2018-08-11",
        "source:name": "logic_undp",
        "type": "Institutional"
      }
    },
    {
      "type": "Feature",
      "geometry": {
        "type": "Point",
        "coordinates": [
          90.6401896,
          22.5712612
        ]
      },
      "properties": {
        "addr:district": "Bhola",
        "addr:union": "Dakshin Dighaldi",
        "addr:ward": "5",
        "amenity": "clinic",
        "damage": "no",
        "description": "10 decimal land",
        "name": "Community Clinic",
        "source": "survey",
        "source:date": "2018-08-11",
        "source:name": "logic_undp",
        "source:ref": "https://www.openstreetmap.org/user/aHaSaN/diary"
      }
    },
    {
      "type": "Feature",
      "geometry": {
        "type": "Point",
        "coordinates": [
          89.3235791,
          22.3914257
        ]
      },
      "properties": {
        "addr:district": "Khulna",
        "addr:union": "Moheshwaripur",
        "addr:ward": "4",
        "amenity": "clinic",
        "damage": "no",
        "description": "1000 sq ft",
        "name": "Choukuni community clinic",
        "source": "survey",
        "source:date": "21-11-2018",
        "source:name": "logic_undp",
        "source_ref": "https://www.openstreetmap.org/user/aHaSaN/diary",
        "type": "physical"
      }
    },
    {
      "type": "Feature",
      "geometry": {
        "type": "Point",
        "coordinates": [
          89.3414775,
          22.4368787
        ]
      },
      "properties": {
        "addr:district": "Khulna",
        "addr:union": "Moheshwaripur",
        "addr:ward": "2",
        "amenity": "clinic",
        "damage": "yes",
        "description": "long 35ft wide 20 ft, on 5 shotok land,flooded 100%",
        "name": "Noyani Community Clinic",
        "name_disaster": "Aila",
        "source": "survey",
        "source:date": "21-11-2018",
        "source:name": "logic_undp",
        "source_ref": "https://www.openstreetmap.org/user/aHaSaN/diary",
        "type": "physical"
      }
    },
    {
      "type": "Feature",
      "geometry": {
        "type": "Point",
        "coordinates": [
          89.337194,
          22.4577865
        ]
      },
      "properties": {
        "addr:district": "Khulna",
        "addr:union": "Moheshwaripur",
        "addr:ward": "1",
        "amenity": "clinic",
        "damage": "yes",
        "description": "2 floor building,structure damage ,flooded 30%",
        "name": "3 No Mohesshoripur Union Health And Family Care Centre",
        "name_disaster": "Aila",
        "source": "survey",
        "source:date": "21-11-2018",
        "source:name": "logic_undp",
        "source_ref": "https://www.openstreetmap.org/user/aHaSaN/diary",
        "type": "physical"
      }
    },
    {
      "type": "Feature",
      "geometry": {
        "type": "Point",
        "coordinates": [
          90.0753754,
          22.215231
        ]
      },
      "properties": {
        "addr:district": "Barguna",
        "addr:union": "Badarkhali",
        "addr:ward": "5",
        "amenity": "clinic",
        "damage": "Yes",
        "description": "Koisob Bandob Clinic (two storied building). Parts of the earthen road and its structures being inundated by high tide continuosly and 25% damaged.",
        "name": "Clinic",
        "name_disaster": "High tide",
        "source": "survey",
        "source:date": "2018-11-08",
        "source:name": "logic_undp",
        "source_ref": "https://www.openstreetmap.org/user/aHaSaN/diary",
        "type": "Physical"
      }
    },
    {
      "type": "Feature",
      "geometry": {
        "type": "Point",
        "coordinates": [
          90.0939256,
          22.2015484
        ]
      },
      "properties": {
        "addr:district": "Barguna",
        "addr:union": "Badarkhali",
        "addr:ward": "4",
        "amenity": "clinic",
        "damage": "yes",
        "description": "In fornt of ansar uddin house kharhar mudabad community clinic. Communication disrupted in 2007 and 40% damaged.",
        "name": "Community clinic",
        "name_disaster": "sidr",
        "source": "survey",
        "source:date": "2018-11-08",
        "source:name": "logic_undp",
        "source_ref": "https://www.openstreetmap.org/user/aHaSaN/diary",
        "type": "Physical"
      }
    },
    {
      "type": "Feature",
      "geometry": {
        "type": "Point",
        "coordinates": [
          90.0976773,
          22.176917
        ]
      },
      "properties": {
        "addr:district": "Barguna",
        "addr:union": "Badarkhali",
        "addr:ward": "3",
        "amenity": "clinic",
        "damage": "No",
        "description": "Kumrakhali Community Clinic",
        "name": "Clinic",
        "name_disaster": "No",
        "source": "survey",
        "source:date": "2018-11-08",
        "source:name": "logic_undp",
        "source_ref": "https://www.openstreetmap.org/user/aHaSaN/diary",
        "type": "Physical"
      }
    },
    {
      "type": "Feature",
      "geometry": {
        "type": "Point",
        "coordinates": [
          90.0568441,
          22.1994897
        ]
      },
      "properties": {
        "addr:district": "Barguna",
        "addr:union": "Badarkhali",
        "addr:ward": "6",
        "amenity": "clinic",
        "damage": "No",
        "description": "South patakata community clinic with 1 storied building, monthly 700-800 patients from the locality getting access to health care facilities",
        "name": "Community clinic",
        "name_disaster": "No",
        "source": "survey",
        "source:date": "2018-11-08",
        "source:name": "logic_undp",
        "source_ref": "https://www.openstreetmap.org/user/aHaSaN/diary",
        "type": "Institutional"
      }
    },
    {
      "type": "Feature",
      "geometry": {
        "type": "Point",
        "coordinates": [
          90.0449136,
          22.1886095
        ]
      },
      "properties": {
        "addr:district": "Barguna",
        "addr:union": "Badarkhali",
        "addr:ward": "8",
        "amenity": "clinic",
        "damage": "no",
        "description": "Gulishakhali community clinic,(.5 acrs land)",
        "name": "Community clinic",
        "name_disaster": "No",
        "source": "survey",
        "source:date": "2018-11-08",
        "source:name": "logic_undp",
        "source_ref": "https://www.openstreetmap.org/user/aHaSaN/diary",
        "type": "Institutional"
      }
    },
    {
      "type": "Feature",
      "geometry": {
        "type": "Point",
        "coordinates": [
          90.0761358,
          22.1785718
        ]
      },
      "properties": {
        "addr:district": "Barguna",
        "addr:union": "Badarkhali",
        "addr:ward": "1",
        "amenity": "clinic",
        "damage": "no",
        "description": "West bawlkar clinic (0.5 acrs) implemented by LGED",
        "name": "West clinic",
        "name_disaster": "No",
        "source": "survey",
        "source:date": "2018-11-08",
        "source:name": "logic_undp",
        "source_ref": "https://www.openstreetmap.org/user/aHaSaN/diary",
        "type": "Institutional"
      }
    },
    {
      "type": "Feature",
      "geometry": {
        "type": "Point",
        "coordinates": [
          89.4001937,
          22.4607387
        ]
      },
      "properties": {
        "addr:district": "Khulna",
        "addr:union": "Moheshwaripur",
        "addr:ward": "9",
        "amenity": "clinic",
        "damage": "yes",
        "description": "33 shotok area,salinity increase,(2009,40%",
        "name": "hadda chok clinic",
        "name_disaster": "Aila",
        "source": "survey",
        "source:date": "21-11-2018",
        "source:name": "logic_undp",
        "source_ref": "https://www.openstreetmap.org/user/aHaSaN/diary",
        "type": "institutional"
      }
    },
    {
      "type": "Feature",
      "geometry": {
        "type": "Point",
        "coordinates": [
          89.2964029,
          22.3058798
        ]
      },
      "properties": {
        "addr:district": "Khulna",
        "addr:union": "Uttar Bedkashi",
        "addr:ward": "2",
        "amenity": "clinic",
        "damage": "yes",
        "description": "2 decimal area (2007/2009, Sidar/Ayla, 95%)",
        "name": "Katmachar Community Clinic",
        "name_disaster": "Sidar/Ayla",
        "source": "survey",
        "source:name": "logic_undp",
        "source_ref": "https://www.openstreetmap.org/user/aHaSaN/diary"
      }
    },
    {
      "type": "Feature",
      "geometry": {
        "type": "Point",
        "coordinates": [
          89.3234315,
          22.3174382
        ]
      },
      "properties": {
        "addr:district": "Khulna",
        "addr:union": "Uttar Bedkashi",
        "addr:ward": "5",
        "amenity": "clinic",
        "damage": "no",
        "description": "500 sq m concrete made high building",
        "name": "Botul Bazar Community Clinic",
        "name_disaster": "_",
        "source": "survey",
        "source:date": "2018-11-21",
        "source:name": "logic_undp",
        "source_ref": "https://www.openstreetmap.org/user/aHaSaN/diary"
      }
    },
    {
      "type": "Feature",
      "geometry": {
        "type": "Point",
        "coordinates": [
          89.3084943,
          22.3115425
        ]
      },
      "properties": {
        "addr:district": "Khulna",
        "addr:union": "Uttar Bedkashi",
        "addr:ward": "4",
        "amenity": "clinic",
        "damage": "no",
        "description": "1500 sq m concrete made, 2 stored building",
        "name": "Union Health and Family welfare center",
        "name_disaster": "_",
        "source": "survey",
        "source:date": "2018-11-21",
        "source:name": "logic_undp",
        "source_ref": "https://www.openstreetmap.org/user/aHaSaN/diary"
      }
    },
    {
      "type": "Feature",
      "geometry": {
        "type": "Point",
        "coordinates": [
          89.323402,
          22.2743091
        ]
      },
      "properties": {
        "addr:district": "Khulna",
        "addr:union": "Uttar Bedkashi",
        "addr:ward": "8",
        "amenity": "clinic",
        "damage": "no",
        "description": "3 room, 1 stored building",
        "name": "Horihorpur Community Clinic",
        "name_disaster": "_",
        "source": "survey",
        "source:date": "2018-11-21",
        "source:name": "logic_undp",
        "source_ref": "https://www.openstreetmap.org/user/aHaSaN/diary"
      }
    },
    {
      "type": "Feature",
      "geometry": {
        "type": "Point",
        "coordinates": [
          89.4672543,
          22.5959238
        ]
      },
      "properties": {
        "addr:district": "Khulna",
        "addr:union": "Tildanga",
        "addr:ward": "9",
        "amenity": "clinic",
        "damage": "no",
        "description": "1000 sq feet pucca 1 stored building",
        "name": "Community clinic of Tildanga Kachari Bari",
        "name_disaster": "_",
        "source": "Survey",
        "source:date": "2018-11-21",
        "source:name": "logic_undp",
        "source_ref": "https://www.openstreetmap.org/user/aHaSaN/diary",
        "type": "physical"
      }
    },
    {
      "type": "Feature",
      "geometry": {
        "type": "Point",
        "coordinates": [
          89.4324982,
          22.5639447
        ]
      },
      "properties": {
        "addr:district": "Khulna",
        "addr:union": "Tildanga",
        "addr:ward": "6",
        "amenity": "clinic",
        "damage": "no",
        "description": "1000 sq feet pucca 1 stored building",
        "name": "North kamini Basiya community clinic",
        "name_disaster": "_",
        "source": "Survey",
        "source:date": "2018-11-21",
        "source:name": "logic_undp",
        "source_ref": "https://www.openstreetmap.org/user/aHaSaN/diary",
        "type": "physical"
      }
    },
    {
      "type": "Feature",
      "geometry": {
        "type": "Point",
        "coordinates": [
          89.4223568,
          22.5625849
        ]
      },
      "properties": {
        "addr:district": "Khulna",
        "addr:union": "Tildanga",
        "addr:ward": "1",
        "amenity": "clinic",
        "damage": "no",
        "description": "3000 sq feet pucca two stored building",
        "name": "Tildanga Health and Family Planning center",
        "name_disaster": "_",
        "source": "Survey",
        "source:date": "2018-11-21",
        "source:name": "logic_undp",
        "source_ref": "https://www.openstreetmap.org/user/aHaSaN/diary",
        "type": "physical"
      }
    },
    {
      "type": "Feature",
      "geometry": {
        "type": "Point",
        "coordinates": [
          91.1484414,
          24.435944
        ]
      },
      "properties": {
        "addr:district": "Sunamganj",
        "addr:union": "Atgaon",
        "addr:ward": "7",
        "amenity": "clinic",
        "damage": "no",
        "description": "Land 1 decimal, length 50 feet, width 20 feet , one storey building clinic.",
        "name": "Uzangao community clinic",
        "name_disaster": "-",
        "source": "survey",
        "source:date": "2018-11-21",
        "source:name": "logic_undp",
        "source_ref": "https://www.openstreetmap.org/user/aHaSaN/diary",
        "type": "institutional"
      }
    },
    {
      "type": "Feature",
      "geometry": {
        "type": "Point",
        "coordinates": [
          91.1404833,
          24.4141306
        ]
      },
      "properties": {
        "addr:district": "Sunamganj",
        "addr:union": "Atgaon",
        "addr:ward": "9",
        "amenity": "clinic",
        "damage": "no",
        "description": "land 8 decimal, length 50 feet, width 30 feet, one storey building",
        "name": "Mamudnagar Community clinic",
        "name_disaster": "-",
        "source": "survey",
        "source:date": "2018-11-21",
        "source:name": "logic_undp",
        "source_ref": "https://www.openstreetmap.org/user/aHaSaN/diary",
        "type": "institutional"
      }
    },
    {
      "type": "Feature",
      "geometry": {
        "type": "Point",
        "coordinates": [
          91.8039861,
          22.5088811
        ]
      },
      "properties": {
        "amenity": "hospital",
        "name": "Hathazari Upazila Health Complex"
      }
    },
    {
      "type": "Feature",
      "geometry": {
        "type": "Point",
        "coordinates": [
          91.1809715,
          23.4555423
        ]
      },
      "properties": {
        "amenity": "hospital",
        "healthcare": "hospital",
        "name": "Comilla General Hospital"
      }
    },
    {
      "type": "Feature",
      "geometry": {
        "type": "Point",
        "coordinates": [
          89.4392165,
          22.4617673
        ]
      },
      "properties": {
        "addr:district": "Khulna",
        "addr:union": "Sutarkhali",
        "addr:ward": "5",
        "amenity": "clinic",
        "damage": "Yes",
        "description": "1 storey 1 building, 3 katha land(2009, Almost Fully Damaged, 90%)",
        "name": "Union Health and Family development Center",
        "name_disaster": "Aila",
        "source": "survey",
        "source:date": "2018-11-21",
        "source:name": "logic_undp",
        "source_ref": "https://www.openstreetmap.org/user/aHaSaN/diary",
        "type": "Institutional"
      }
    },
    {
      "type": "Feature",
      "geometry": {
        "type": "Point",
        "coordinates": [
          89.4549315,
          22.4584371
        ]
      },
      "properties": {
        "addr:district": "Khulna",
        "addr:union": "Sutarkhali",
        "addr:ward": "7",
        "amenity": "clinic",
        "damage": "No",
        "description": "35 feet length, 15 feet width, 1 storey building",
        "name": "Ultar kalabagi Community Clinic",
        "source": "survey",
        "source:date": "2018-11-21",
        "source:name": "logic_undp",
        "source_ref": "https://www.openstreetmap.org/user/aHaSaN/diary",
        "type": "Physical"
      }
    },
    {
      "type": "Feature",
      "geometry": {
        "type": "Point",
        "coordinates": [
          89.4469902,
          22.4368353
        ]
      },
      "properties": {
        "addr:district": "Khulna",
        "addr:union": "Sutarkhali",
        "addr:ward": "4",
        "amenity": "clinic",
        "damage": "No",
        "description": "30 feet length, 20 feet width, 3 storey building",
        "name": "East Kalabagi gazibari Community Clinic",
        "source": "survey",
        "source:date": "2018-11-21",
        "source:name": "logic_undp",
        "source_ref": "https://www.openstreetmap.org/user/aHaSaN/diary",
        "type": "Physical"
      }
    },
    {
      "type": "Feature",
      "geometry": {
        "type": "Point",
        "coordinates": [
          91.259973,
          24.7425587
        ]
      },
      "properties": {
        "addr:district": "sunamganj",
        "addr:union": "charnerchar",
        "addr:ward": "4",
        "amenity": "clinic",
        "damage": "no",
        "description": "Situated on about 50 squre feet area with 2 rooms and there were na vegetable garden .",
        "name": "Loularchar Commuinity Clinic",
        "source": "survey",
        "source:date": "21/11/2018",
        "source:name": "logic_undp",
        "source_ref": "https://www.openstreetmap.org/user/aHaSaN/diary",
        "type": "natural"
      }
    },
    {
      "type": "Feature",
      "geometry": {
        "type": "Point",
        "coordinates": [
          91.2452853,
          24.7494645
        ]
      },
      "properties": {
        "addr:district": "sunamganj",
        "addr:union": "charnerchar",
        "addr:ward": "6",
        "amenity": "clinic",
        "damage": "no",
        "description": "it is built in the .north side of Sharmarchar village road ,2 rooms are made by MNCS project",
        "name": "Shamarchar commuinity Clinic",
        "source": "survey",
        "source:date": "21/11/2018",
        "source:name": "logic_undp",
        "source_ref": "https://www.openstreetmap.org/user/aHaSaN/diary",
        "type": "physical"
      }
    },
    {
      "type": "Feature",
      "geometry": {
        "type": "Point",
        "coordinates": [
          91.2589565,
          24.7459227
        ]
      },
      "properties": {
        "addr:district": "Sunamganj",
        "addr:union": "Charnerchar",
        "addr:ward": "3",
        "amenity": "clinic",
        "damage": "no",
        "description": "A single building .Lengtrh 40 feet and width 20 feet.",
        "name": "Kartikpur Commuinity Clinic",
        "source": "survey",
        "source:date": "21/11/2018",
        "source:name": "logic_undp",
        "source_ref": "https://www.openstreetmap.org/user/aHaSaN/diary",
        "type": "intitutional"
      }
    },
    {
      "type": "Feature",
      "geometry": {
        "type": "Point",
        "coordinates": [
          89.936378,
          22.1225979
        ]
      },
      "properties": {
        "addr:district": "Barguna",
        "addr:ward": "5",
        "amenity": "clinic",
        "damage": "no",
        "description": "one storeyed building, daily 30 local people are benefitted from this clinic",
        "name": "Taluker Char Duyani Community Clinic",
        "source": "survey",
        "source:date": "2018-11-08",
        "source:name": "logic_undp",
        "source_ref": "https://www.openstreetmap.org/user/aHaSaN/diary",
        "type": "institutional"
      }
    },
    {
      "type": "Feature",
      "geometry": {
        "type": "Point",
        "coordinates": [
          89.9282254,
          22.1462854
        ]
      },
      "properties": {
        "addr:district": "Barguna",
        "addr:union": "Kathaltoli",
        "addr:ward": "2",
        "amenity": "clinic",
        "damage": "no",
        "description": "1 stored community clinic",
        "name": "Clinic",
        "source": "survey",
        "source:date": "2018-11-08",
        "source:name": "logic_undp",
        "source_ref": "https://www.openstreetmap.org/user/aHaSaN/diary",
        "type": "institutional"
      }
    },
    {
      "type": "Feature",
      "geometry": {
        "type": "Point",
        "coordinates": [
          89.9301901,
          22.1575042
        ]
      },
      "properties": {
        "addr:district": "Barguna",
        "addr:union": "Kathaltoli",
        "addr:ward": "1",
        "amenity": "clinic",
        "damage": "yes",
        "description": "kathaltali public health centre cum cyclone centre (2007, The wall was damaged and tin sheed blown away by the cyclone sidor.The entry point of the temple is unsuitable for walking, 0.6%)",
        "name": "Public Health Centre",
        "name_disaster": "Sidr",
        "source": "survey",
        "source:date": "2018-11-08",
        "source:name": "logic_undp",
        "source_ref": "https://www.openstreetmap.org/user/aHaSaN/diary",
        "type": "institutional"
      }
    },
    {
      "type": "Feature",
      "geometry": {
        "type": "Point",
        "coordinates": [
          90.0554305,
          22.1368795
        ]
      },
      "properties": {
        "addr:district": "Barguna",
        "addr:union": "Dhalua",
        "addr:ward": "Dalvanga 3",
        "amenity": "clinic",
        "building": "yes",
        "damage": "no",
        "description": "infornt of abdul haq's house 0.10 acor",
        "name": "Community clinic",
        "source": "survey",
        "source:date": "2018-10-09",
        "source:name": "logic_undp",
        "source_ref": "https://www.openstreetmap.org/user/aHaSaN/diary"
      }
    },
    {
      "type": "Feature",
      "geometry": {
        "type": "Point",
        "coordinates": [
          90.0394265,
          22.0718795
        ]
      },
      "properties": {
        "addr:district": "Barguna",
        "addr:union": "Dhalua",
        "addr:ward": "Noli 9",
        "amenity": "clinic",
        "damage": "yes",
        "description": "Noli sub community clinic, 15% damaged due to sidr.",
        "name": "Health centre",
        "name_disaster": "sidr",
        "source": "survey",
        "source:date": "2018-10-09",
        "source:name": "logic_undp",
        "source_ref": "https://www.openstreetmap.org/user/aHaSaN/diary"
      }
    },
    {
      "type": "Feature",
      "geometry": {
        "type": "Point",
        "coordinates": [
          91.1337349,
          25.1558958
        ]
      },
      "properties": {
        "addr:district": "Sunamganj",
        "addr:union": "Uttar Sreepur",
        "addr:ward": "7",
        "amenity": "clinic",
        "building": "yes",
        "damage": "yes",
        "description": "Long 80 feet width 40 feet road. It was & 5% damaged by Hill Strom in 2017 & It's Soli Moved away.",
        "name": "Sreepur Health Complex",
        "name_disaster": "Hill Strom",
        "source": "survey",
        "source:date": "2018-09-09",
        "source:name": "logic_undp",
        "source_ref": "https://www.openstreetmap.org/user/aHaSaN/diary"
      }
    },
    {
      "type": "Feature",
      "geometry": {
        "type": "Point",
        "coordinates": [
          91.2311956,
          24.7475304
        ]
      },
      "properties": {
        "addr:district": "Sunamganj",
        "addr:union": "Atgaon",
        "addr:ward": "6",
        "amenity": "hospital",
        "damage": "no",
        "description": "Two storey building with 9 rooms on 20 decimal land",
        "name": "Vojendroganj up health and family welfare centre",
        "name_disaster": "-",
        "source": "survey",
        "source:date": "2018-11-21",
        "source:name": "logic_undp",
        "source_ref": "https://www.openstreetmap.org/user/aHaSaN/diary"
      }
    },
    {
      "type": "Feature",
      "geometry": {
        "type": "Point",
        "coordinates": [
          91.167013,
          24.7373919
        ]
      },
      "properties": {
        "addr:district": "Sunamganj",
        "addr:union": "Atgaon",
        "addr:ward": "4",
        "amenity": "clinic",
        "damage": "no",
        "description": "One storey building with 4 rooms on 1 decimal land.",
        "name": "Uzanyarabad community clinic",
        "name_disaster": "-",
        "source": "survey",
        "source:date": "2018-11-21",
        "source:name": "logic_undp",
        "source_ref": "https://www.openstreetmap.org/user/aHaSaN/diary"
      }
    },
    {
      "type": "Feature",
      "geometry": {
        "type": "Point",
        "coordinates": [
          91.2118392,
          24.722412
        ]
      },
      "properties": {
        "addr:district": "Sunamganj",
        "addr:union": "Atgaon",
        "addr:ward": "5",
        "amenity": "clinic",
        "damage": "no",
        "description": "One storey building with 4 rooms on 7 decimal land",
        "name": "Kashipur Community Clinic",
        "name_disaster": "-",
        "source": "survey",
        "source:date": "2018-11-21",
        "source:name": "logic_undp",
        "source_ref": "https://www.openstreetmap.org/user/aHaSaN/diary"
      }
    },
    {
      "type": "Feature",
      "geometry": {
        "type": "Point",
        "coordinates": [
          91.1865637,
          24.751351
        ]
      },
      "properties": {
        "addr:district": "Sunamganj",
        "addr:union": "Atgaon",
        "addr:ward": "3",
        "amenity": "clinic",
        "damage": "no",
        "description": "Length: 30 feet, Width: 20 feet, Land 8 decimal, in the middle of the atgao village it is constructed.",
        "name": "Atgao community clinic",
        "name_disaster": "-",
        "source": "survey",
        "source:date": "2018-11-21",
        "source:name": "logic_undp",
        "source_ref": "https://www.openstreetmap.org/user/aHaSaN/diary"
      }
    },
    {
      "type": "Feature",
      "geometry": {
        "type": "Point",
        "coordinates": [
          91.1597778,
          24.7655022
        ]
      },
      "properties": {
        "addr:district": "Sunamganj",
        "addr:union": "Atgaon",
        "addr:ward": "1",
        "amenity": "hospital",
        "damage": "no",
        "description": "Length: 500 feet, width 60 feet, 2two storey building with 8 rooms, Land 1 acre.",
        "name": "Union health and family welfare center",
        "name_disaster": "-",
        "source": "survey",
        "source:date": "2018-11-21",
        "source:name": "logic_undp",
        "source_ref": "https://www.openstreetmap.org/user/aHaSaN/diary"
      }
    },
    {
      "type": "Feature",
      "geometry": {
        "type": "Point",
        "coordinates": [
          91.2113258,
          24.5887635
        ]
      },
      "properties": {
        "addr:district": "Sunamganj",
        "addr:union": "Sulla",
        "addr:ward": "2",
        "amenity": "clinic",
        "damage": "no",
        "description": "length 30 feet and width 15 feet, room 2, one storey building",
        "name": "Srihile community clinic",
        "source": "survey",
        "source:date": "2018-11-21",
        "source:name": "logic_undp",
        "source_ref": "https://www.openstreetmap.org/user/aHaSaN/diary"
      }
    },
    {
      "type": "Feature",
      "geometry": {
        "type": "Point",
        "coordinates": [
          91.1978826,
          24.6310885
        ]
      },
      "properties": {
        "addr:district": "Sunamganj",
        "addr:union": "Sulla",
        "addr:ward": "1",
        "amenity": "clinic",
        "damage": "no",
        "description": "length 15 feet and width 20 feet, one storey building, at least 2 room",
        "name": "Adittopur community clinic",
        "source": "survey",
        "source:date": "2018-11-21",
        "source:name": "logic_undp",
        "source_ref": "https://www.openstreetmap.org/user/aHaSaN/diary"
      }
    },
    {
      "type": "Feature",
      "geometry": {
        "type": "Point",
        "coordinates": [
          89.4883096,
          22.6437592
        ]
      },
      "properties": {
        "addr:district": "khulna",
        "addr:union": "Pankhali",
        "addr:ward": "2",
        "amenity": "clinic",
        "damage": "yes",
        "description": "on 5 shotok land area (2007 year and 80% damaged,vulnerable condition)",
        "name": "pankhali hogolabuniya community clinic",
        "name_disaster": "Sidr",
        "source": "survey",
        "source:date": "2018-11-21",
        "source:name": "logic_undp",
        "source_ref": "https://www.openstreetmap.org/user/aHaSaN/diary"
      }
    },
    {
      "type": "Feature",
      "geometry": {
        "type": "Point",
        "coordinates": [
          89.500059,
          22.6309766
        ]
      },
      "properties": {
        "addr:district": "khulna",
        "addr:union": "Pankhali",
        "addr:ward": "2",
        "amenity": "clinic",
        "damage": "yes",
        "description": "on 5 shotok land area (2009 year and 70% damaged,some part damaged)",
        "name": "pankhali community clinic",
        "name_disaster": "Sidr, Aila",
        "source": "survey",
        "source:date": "2018-11-21",
        "source:name": "logic_undp",
        "source_ref": "https://www.openstreetmap.org/user/aHaSaN/diary"
      }
    },
    {
      "type": "Feature",
      "geometry": {
        "type": "Point",
        "coordinates": [
          89.2819981,
          22.3850755
        ]
      },
      "properties": {
        "addr:district": "Khulna",
        "addr:union": "Maharajpur",
        "addr:ward": "7 no ward",
        "amenity": "clinic",
        "damage": "yes",
        "description": "One-storied pacca building, it was damaged 60% in 2009",
        "name": "Union Health and Family Welfare Center",
        "name:disaster": "Aila",
        "source": "survey",
        "source:date": "9/10/2018",
        "source:name": "logic_undp",
        "source_ref": "https://bit.ly/2NBTrkT",
        "type": "institutional"
      }
    },
    {
      "type": "Feature",
      "geometry": {
        "type": "Point",
        "coordinates": [
          89.7873384,
          22.3749899
        ]
      },
      "properties": {
        "addr:district": "Bagerhat",
        "addr:union": "Dhanshagor",
        "addr:ward": "ward 1",
        "amenity": "clinic",
        "description": "1 storied area of land 7 decimal, 35% damaged in 2007",
        "name": "Bonda Ghata Community Clinic",
        "name_disaster": "Sidor",
        "source": "servey",
        "source:date": "12-07-18",
        "source:name": "logic_undp",
        "source_ref": "https://www.openstreetmap.org/user/aHaSaN/diary"
      }
    },
    {
      "type": "Feature",
      "geometry": {
        "type": "Point",
        "coordinates": [
          89.4867539,
          22.5926241
        ]
      },
      "properties": {
        "Source_ref": "https://www.openstreetmap.org/user/aHaSaN/diary",
        "addr:district": "khulna",
        "addr:union": "Pankhali",
        "addr:ward": "8",
        "amenity": "clinic",
        "damage": "no",
        "description": "long 50 ft and wide 35ft, built in 2000 (2009 year and 80% damaged,salinity increase)",
        "name": "khona khatail community clinic",
        "name_disaster": "_",
        "source": "survey",
        "source:date": "2018-11-21",
        "source:name": "logic_undp",
        "type": "Physical"
      }
    },
    {
      "type": "Feature",
      "geometry": {
        "type": "Point",
        "coordinates": [
          89.468582,
          22.6103414
        ]
      },
      "properties": {
        "Source_ref": "https://www.openstreetmap.org/user/aHaSaN/diary",
        "addr:district": "khulna",
        "addr:union": "Pankhali",
        "addr:ward": "5",
        "amenity": "clinic",
        "damage": "yes",
        "description": "long 50 ft and wide 35ft, built in 2000 (2009 year and 80% damaged,salinity increase)",
        "name": "lokkikholaa community clinic",
        "name_disaster": "Sidr",
        "source": "survey",
        "source:date": "2018-11-21",
        "source:name": "logic_undp",
        "type": "Institutional"
      }
    },
    {
      "type": "Feature",
      "geometry": {
        "type": "Point",
        "coordinates": [
          89.7413278,
          22.4104136
        ]
      },
      "properties": {
        "addr:district": "Bagerhat",
        "addr:union": "Nishanbaria",
        "addr:ward": "8",
        "amenity": "clinic",
        "damage": "yes",
        "description": "Pucca Building, lying on 2 Katha land, 100% fully damaged, affected in 2007",
        "name": "Center Amorbunia Community Clinic",
        "name_disaster": "Sidr",
        "source": "survey",
        "source:date": "2018-08-03",
        "source:name": "logic_undp",
        "source_ref": "https://www.openstreetmap.org/user/aHaSaN/diary",
        "type": "physical"
      }
    },
    {
      "type": "Feature",
      "geometry": {
        "type": "Point",
        "coordinates": [
          89.7900581,
          22.3810813
        ]
      },
      "properties": {
        "addr:district": "Bagerhat",
        "addr:union": "Nishanbaria",
        "addr:ward": "3",
        "amenity": "clinic",
        "damage": "no",
        "description": "Provides service to 800 people",
        "name": "PC Barokhali Newari Ambiya Khatun Community Clinic",
        "source": "survey",
        "source:date": "2018-08-03",
        "source:name": "logic_undp",
        "source_ref": "https://www.openstreetmap.org/user/aHaSaN/diary",
        "type": "physical"
      }
    },
    {
      "type": "Feature",
      "geometry": {
        "type": "Point",
        "coordinates": [
          91.7793962,
          22.3316317
        ]
      },
      "properties": {
        "amenity": "clinic",
        "name": "Gunners Medical Facility"
      }
    },
    {
      "type": "Feature",
      "geometry": {
        "type": "Point",
        "coordinates": [
          91.7962054,
          22.3136296
        ]
      },
      "properties": {
        "amenity": "hospital",
        "name": "Chattogram Port Hospital, Port Colony Rd, Chattogram",
        "name:en": "Chittagong Port Hospital"
      }
    },
    {
      "type": "Feature",
      "geometry": {
        "type": "Point",
        "coordinates": [
          91.792022,
          22.329116
        ]
      },
      "properties": {
        "amenity": "hospital",
        "healthcare": "hospital",
        "name": "Mother and Child Care Hospital"
      }
    },
    {
      "type": "Feature",
      "geometry": {
        "type": "Point",
        "coordinates": [
          89.3781691,
          24.8259062
        ]
      },
      "properties": {
        "amenity": "hospital",
        "name": "Health City Specialized Hospital"
      }
    },
    {
      "type": "Feature",
      "geometry": {
        "type": "Point",
        "coordinates": [
          89.5391081,
          22.8471838
        ]
      },
      "properties": {
        "amenity": "hospital",
        "healthcare": "hospital",
        "name": "Al Haz Clinic"
      }
    },
    {
      "type": "Feature",
      "geometry": {
        "type": "Point",
        "coordinates": [
          91.1436376,
          23.3385322
        ]
      },
      "properties": {
        "amenity": "hospital",
        "name": "Bagmara Hospital"
      }
    },
    {
      "type": "Feature",
      "geometry": {
        "type": "Point",
        "coordinates": [
          89.8351514,
          24.7553591
        ]
      },
      "properties": {
        "amenity": "hospital",
        "name": "Sarishabari Upazila Health Complex"
      }
    },
    {
      "type": "Feature",
      "geometry": {
        "type": "Point",
        "coordinates": [
          90.8872962,
          24.5501973
        ]
      },
      "properties": {
        "addr:city": "Tarail",
        "addr:country": "BD",
        "addr:district": "Kishoreganj",
        "amenity": "hospital",
        "name": "Tarail Upazila Health Complex l"
      }
    },
    {
      "type": "Feature",
      "geometry": {
        "type": "Point",
        "coordinates": [
          90.9288906,
          24.1572885
        ]
      },
      "properties": {
        "amenity": "hospital",
        "healthcare": "hospital",
        "name": "Kuliarchar Upazila Health Complex"
      }
    },
    {
      "type": "Feature",
      "geometry": {
        "type": "Point",
        "coordinates": [
          90.6531702,
          23.2233561
        ]
      },
      "properties": {
        "amenity": "hospital",
        "name": "Chandpur Sadar Hospital"
      }
    },
    {
      "type": "Feature",
      "geometry": {
        "type": "Point",
        "coordinates": [
          91.1754017,
          23.465034
        ]
      },
      "properties": {
        "amenity": "hospital",
        "healthcare": "hospital",
        "name": "Medicare General Hospit"
      }
    },
    {
      "type": "Feature",
      "geometry": {
        "type": "Point",
        "coordinates": [
          91.1751603,
          23.4651151
        ]
      },
      "properties": {
        "amenity": "hospital",
        "healthcare": "hospital",
        "name": "Comilla Meghna General Hospital \u0995\u09c1\u09ae\u09bf\u09b2\u09cd\u09b2\u09be \u09ae\u09c7\u0998\u09a8\u09be \u099c\u09c7\u09a8\u09be\u09b0\u09c7\u09b2 \u09b9\u09be\u09b8\u09aa\u09be\u09a4\u09be\u09b2\u09c7"
      }
    },
    {
      "type": "Feature",
      "geometry": {
        "type": "Point",
        "coordinates": [
          89.7079551,
          24.4566265
        ]
      },
      "properties": {
        "amenity": "hospital",
        "healthcare": "hospital"
      }
    },
    {
      "type": "Feature",
      "geometry": {
        "type": "Point",
        "coordinates": [
          90.0560287,
          21.9532008
        ]
      },
      "properties": {
        "addr:district": "Barguna",
        "addr:union": "Nishanbaria",
        "addr:ward": "2",
        "amenity": "clinic",
        "damage": "No",
        "description": "Joyalvanga community clinic (1 stored)",
        "name": "Community clinic",
        "source": "survey",
        "source:date": "2018-12-25",
        "source:name": "logic_undp",
        "source_ref": "https://www.openstreetmap.org/user/aHaSaN/diary",
        "type": "institutional"
      }
    },
    {
      "type": "Feature",
      "geometry": {
        "type": "Point",
        "coordinates": [
          90.0626705,
          21.9184126
        ]
      },
      "properties": {
        "addr:district": "Barguna",
        "addr:union": "Nishanbaria",
        "addr:ward": "4",
        "amenity": "clinic",
        "description": "tatipara rakhain polli community center, 890* 35 ft , 2 stoireyed.",
        "name": "Community center",
        "source": "survey",
        "source:date": "2018-12-25",
        "source:name": "logic_undp",
        "source_ref": "https://www.openstreetmap.org/user/aHaSaN/diary",
        "type": "physical"
      }
    },
    {
      "type": "Feature",
      "geometry": {
        "type": "Point",
        "coordinates": [
          90.0759722,
          21.9541337
        ]
      },
      "properties": {
        "addr:district": "Barguna",
        "addr:union": "Nishanbaria",
        "addr:ward": "1",
        "amenity": "clinic",
        "description": "Bothipara community clinic (one stored building)",
        "name": "Bothipara Community Clinic",
        "source": "survey",
        "source:date": "2018-12-25",
        "source:name": "logic_undp",
        "source_ref": "https://www.openstreetmap.org/user/aHaSaN/diary",
        "type": "institutional"
      }
    },
    {
      "type": "Feature",
      "geometry": {
        "type": "Point",
        "coordinates": [
          90.5738946,
          24.6268335
        ]
      },
      "properties": {
        "amenity": "hospital",
        "name": "Ramchandrapur Community Clinic"
      }
    },
    {
      "type": "Feature",
      "geometry": {
        "type": "Point",
        "coordinates": [
          92.1515755,
          21.1835721
        ]
      },
      "properties": {
        "amenity": "clinic"
      }
    },
    {
      "type": "Feature",
      "geometry": {
        "type": "Point",
        "coordinates": [
          89.6843737,
          25.4711058
        ]
      },
      "properties": {
        "addr:district": "Kurigram",
        "addr:union": "Astomir Char",
        "addr:ward": "9",
        "amenity": "clinic",
        "description": "Khamar Bash Patari Community Clinic- pucca, length: 15 feet, width : 10 feet",
        "name": "Community Clinic",
        "source": "servey",
        "source:date": "2018-07-12",
        "source:name": "logic_undp",
        "source_ref": "https://www.openstreetmap.org/user/aHaSaN/diary"
      }
    },
    {
      "type": "Feature",
      "geometry": {
        "type": "Point",
        "coordinates": [
          91.3315987,
          24.7125292
        ]
      },
      "properties": {
        "addr:district": "Sunamganj",
        "addr:union": "Habibpur",
        "addr:ward": "7",
        "amenity": "clinic",
        "damage": "no",
        "description": "Length 30 feet and width 20 feet",
        "name": "Achanpur community clinic",
        "source": "survey",
        "source:date": "2018-11-21",
        "source:name": "logic_undp",
        "source_ref": "https://www.openstreetmap.org/user/aHaSaN/diary"
      }
    },
    {
      "type": "Feature",
      "geometry": {
        "type": "Point",
        "coordinates": [
          91.8165062,
          22.4088862
        ]
      },
      "properties": {
        "addr:street": "Tiger Road, Baluchara",
        "amenity": "hospital",
        "name": "Cantonment Board General Hospital, Tiger Rd, Chattogram",
        "opening_hours": "Mo-Su 06:00-18:00"
      }
    },
    {
      "type": "Feature",
      "geometry": {
        "type": "Point",
        "coordinates": [
          90.3701678,
          22.7034469
        ]
      },
      "properties": {
        "addr:street": "Sadar Road",
        "amenity": "hospital",
        "name:en": "Bell View Hospital & Diagnostic Centre"
      }
    },
    {
      "type": "Feature",
      "geometry": {
        "type": "Point",
        "coordinates": [
          90.1203359,
          23.6147161
        ]
      },
      "properties": {
        "addr:street": "\u0989\u09aa\u099c\u09c7\u09b2\u09be \u09b0\u09cb\u09a1",
        "amenity": "hospital",
        "healthcare": "hospital",
        "name": "\u09a6\u09cb\u09b9\u09be\u09b0 \u099c\u09c7\u09a8\u09be\u09b0\u09c7\u09b2 \u09b9\u09be\u09b8\u09aa\u09be\u09a4\u09be\u09b2",
        "name:bn": "\u09a6\u09cb\u09b9\u09be\u09b0 \u099c\u09c7\u09a8\u09be\u09b0\u09c7\u09b2 \u09b9\u09be\u09b8\u09aa\u09be\u09a4\u09be\u09b2",
        "name:en": "Dohar Genarel Hospital"
      }
    },
    {
      "type": "Feature",
      "geometry": {
        "type": "Point",
        "coordinates": [
          89.9155323,
          24.2538603
        ]
      },
      "properties": {
        "addr:city": "Tangail",
        "addr:district": "Tangail",
        "addr:postcode": "1900",
        "addr:province": "Dhaka",
        "addr:state": "Dhaka",
        "addr:street": "Zila Sadar Rd, Tangail",
        "addr:subdistrict": "Tangail Sadar",
        "air_conditioning": "yes",
        "amenity": "clinic",
        "ele": "4",
        "healthcare": "clinic",
        "healthcare:speciality": "general;ent;surgery;neurology;stomatology;gynaecology",
        "name": "Dhaka Clinic & Nursing Home",
        "name:bn": "\u09a2\u09be\u0995\u09be \u0995\u09cd\u09b2\u09bf\u09a8\u09bf\u0995 \u098f\u09a8\u09cd\u09a1 \u09a8\u09be\u09b0\u09cd\u09b8\u09bf\u0982\u09b9\u09cb\u09ae",
        "opening_hours": "24/7",
        "website": "http://dhakaclinic.org"
      }
    },
    {
      "type": "Feature",
      "geometry": {
        "type": "Point",
        "coordinates": [
          90.4220443,
          23.7382135
        ]
      },
      "properties": {
        "amenity": "hospital",
        "name": "\u09aa\u09cd\u09af\u09be\u09a8 \u09aa\u09cd\u09af\u09be\u09b8\u09bf\u09ab\u09bf\u0995 \u09b9\u09be\u09b8\u09aa\u09be\u09a4\u09be\u09b2"
      }
    },
    {
      "type": "Feature",
      "geometry": {
        "type": "Point",
        "coordinates": [
          90.4235877,
          23.736401
        ]
      },
      "properties": {
        "addr:street": "\u0986\u0989\u099f\u09be\u09b0 \u09b8\u09be\u09b0\u09cd\u0995\u09c1\u09b2\u09be\u09b0 \u09b0\u09cb\u09a1",
        "amenity": "hospital",
        "healthcare": "hospital",
        "name": "\u0995\u09ae\u09b2\u09be\u09aa\u09c1\u09b0 \u09b0\u09c7\u09b2\u0993\u09df\u09c7 \u09b9\u09be\u09b8\u09aa\u09be\u09a4\u09be\u09b2"
      }
    },
    {
      "type": "Feature",
      "geometry": {
        "type": "Point",
        "coordinates": [
          91.830503,
          22.3635279
        ]
      },
      "properties": {
        "amenity": "hospital",
        "name": "Belle Vue Hospital ( under construction)"
      }
    },
    {
      "type": "Feature",
      "geometry": {
        "type": "Point",
        "coordinates": [
          89.2114908,
          24.5265021
        ]
      },
      "properties": {
        "amenity": "hospital",
        "healthcare": "hospital",
        "name": "\u0987\u09a4\u09be\u09b2\u09bf \u09b9\u09c7\u09b2\u09a5\u0995\u09c7\u09df\u09be\u09b0"
      }
    },
    {
      "type": "Feature",
      "geometry": {
        "type": "Point",
        "coordinates": [
          91.139798,
          24.6886047
        ]
      },
      "properties": {
        "amenity": "hospital",
        "name": "\u0996\u09be\u09b2\u09bf\u09af\u09bc\u09be\u099c\u09c1\u09b0\u09c0 \u0989\u09aa\u099c\u09c7\u09b2\u09be \u09b8\u09cd\u09ac\u09be\u09b8\u09cd\u09a5\u09cd\u09af \u0995\u09ae\u09aa\u09cd\u09b2\u09c7\u0995\u09cd\u09b8"
      }
    },
    {
      "type": "Feature",
      "geometry": {
        "type": "Point",
        "coordinates": [
          91.0961474,
          23.9596092
        ]
      },
      "properties": {
        "amenity": "hospital",
        "healthcare": "hospital",
        "name": "ghdgn"
      }
    },
    {
      "type": "Feature",
      "geometry": {
        "type": "Point",
        "coordinates": [
          90.339758,
          22.3625054
        ]
      },
      "properties": {
        "addr:postcode": "8600",
        "amenity": "clinic",
        "internet_access": "wlan",
        "name": "\u09a8\u09cb\u09ad\u09be \u09a1\u09be\u09df\u09be\u0997\u09a8\u09b8\u09cd\u099f\u09bf\u0995 \u09b8\u09c7\u09a8\u09cd\u099f\u09be\u09b0",
        "name:en": "Nova Diagnostic Center",
        "opening_hours": "Mo-Su 08:00-21:00"
      }
    },
    {
      "type": "Feature",
      "geometry": {
        "type": "Point",
        "coordinates": [
          91.1505679,
          23.0247588
        ]
      },
      "properties": {
        "amenity": "hospital",
        "healthcare": "hospital",
        "name": "Monu Miya Hospital",
        "name:bn": "\u09ae\u09a8\u09c1 \u09ae\u09bf\u09df\u09be \u09b9\u09be\u09b8\u09aa\u09be\u09a4\u09be\u09b2",
        "name:en": "Monu Miya Hospital"
      }
    },
    {
      "type": "Feature",
      "geometry": {
        "type": "Point",
        "coordinates": [
          90.4345623,
          23.7408209
        ]
      },
      "properties": {
        "amenity": "hospital",
        "healthcare": "hospital",
        "name": "\u09b8\u09c7\u09a8\u09cd\u099f\u09cd\u09b0\u09be\u09b2 \u09ac\u09be\u09b8\u09be\u09ac\u09cb \u099c\u09c7\u09a8\u09be\u09b0\u09c7\u09b2 \u09b9\u09be\u09b8\u09aa\u09be\u09a4\u09be\u09b2",
        "name:bn": "\u09b8\u09c7\u09a8\u09cd\u099f\u09cd\u09b0\u09be\u09b2 \u09ac\u09be\u09b8\u09be\u09ac\u09cb \u099c\u09c7\u09a8\u09be\u09b0\u09c7\u09b2 \u09b9\u09be\u09b8\u09aa\u09be\u09a4\u09be\u09b2",
        "name:en": "Central Basabo General Hospital",
        "opening_hours": "24/7",
        "phone": "+8801960700603"
      }
    },
    {
      "type": "Feature",
      "geometry": {
        "type": "Point",
        "coordinates": [
          90.3244779,
          25.1451949
        ]
      },
      "properties": {
        "amenity": "hospital",
        "healthcare": "hospital",
        "healthcare:speciality": "general",
        "name": "Joyrumkura Hospital"
      }
    },
    {
      "type": "Feature",
      "geometry": {
        "type": "Point",
        "coordinates": [
          90.3710736,
          23.7446128
        ]
      },
      "properties": {
        "amenity": "hospital",
        "name:en": "Mawla Dental Care"
      }
    },
    {
      "type": "Feature",
      "geometry": {
        "type": "Point",
        "coordinates": [
          90.3744734,
          23.7389629
        ]
      },
      "properties": {
        "amenity": "hospital",
        "healthcare": "hospital",
        "name": "Bangladesh Eye Care Hospital"
      }
    },
    {
      "type": "Feature",
      "geometry": {
        "type": "Point",
        "coordinates": [
          90.093821,
          24.0974792
        ]
      },
      "properties": {
        "amenity": "hospital",
        "name": "\u0995\u09c1\u09ae\u09c1\u09a6\u09bf\u09a8\u09bf \u09b9\u09be\u09b8\u09aa\u09be\u09a4\u09be\u09b2",
        "name:en": "Kumudini Hospital"
      }
    },
    {
      "type": "Feature",
      "geometry": {
        "type": "Point",
        "coordinates": [
          88.5735114,
          24.3694803
        ]
      },
      "properties": {
        "amenity": "clinic",
        "healthcare": "clinic",
        "name": "Mohanagar Clinic"
      }
    },
    {
      "type": "Feature",
      "geometry": {
        "type": "Point",
        "coordinates": [
          91.7653307,
          24.4819785
        ]
      },
      "properties": {
        "addr:city": "Moulvibazar",
        "addr:street": "Shreemangal Road",
        "amenity": "clinic",
        "name": "Medisun Diagnostic Cente & Medical Services"
      }
    },
    {
      "type": "Feature",
      "geometry": {
        "type": "Point",
        "coordinates": [
          91.765328,
          24.4819199
        ]
      },
      "properties": {
        "addr:city": "Moulvibazar",
        "addr:street": "Shreemangal Road",
        "amenity": "clinic",
        "name": "Medicare Poly Clinic & Diagnostic Center"
      }
    },
    {
      "type": "Feature",
      "geometry": {
        "type": "Point",
        "coordinates": [
          91.7655882,
          24.481793
        ]
      },
      "properties": {
        "addr:city": "Moulvibazar",
        "addr:street": "Shreemangal Road",
        "amenity": "clinic",
        "name": "The Pulse Computerized Diagnostic Cente"
      }
    },
    {
      "type": "Feature",
      "geometry": {
        "type": "Point",
        "coordinates": [
          91.7650813,
          24.4788832
        ]
      },
      "properties": {
        "addr:city": "Moulvibazar",
        "addr:street": "Shreemangal Road",
        "amenity": "hospital",
        "name": "Life Care Pvt Hospital"
      }
    },
    {
      "type": "Feature",
      "geometry": {
        "type": "Point",
        "coordinates": [
          91.765673,
          24.4841782
        ]
      },
      "properties": {
        "addr:city": "Moulvibazar",
        "addr:street": "Shreemangal Road",
        "amenity": "hospital",
        "name": "Life Line Hospital"
      }
    },
    {
      "type": "Feature",
      "geometry": {
        "type": "Point",
        "coordinates": [
          91.7656932,
          24.4850408
        ]
      },
      "properties": {
        "addr:city": "Moulvibazar",
        "addr:street": "Shreemangal Road",
        "amenity": "clinic",
        "name": "City Diagnostics"
      }
    },
    {
      "type": "Feature",
      "geometry": {
        "type": "Point",
        "coordinates": [
          90.4223596,
          23.7487361
        ]
      },
      "properties": {
        "alt_name:en": "Hikmah Chokkhu Hospital",
        "amenity": "hospital",
        "healthcare": "hospital",
        "name": "\u09b9\u09bf\u0995\u09ae\u09be\u09b9 \u099a\u0995\u09cd\u09b7\u09c1 \u09b9\u09be\u09b8\u09aa\u09be\u09a4\u09be\u09b2",
        "name:bn": "\u09b9\u09bf\u0995\u09ae\u09be\u09b9 \u099a\u0995\u09cd\u09b7\u09c1 \u09b9\u09be\u09b8\u09aa\u09be\u09a4\u09be\u09b2",
        "name:en": "Hikmah Eye Hospital"
      }
    },
    {
      "type": "Feature",
      "geometry": {
        "type": "Point",
        "coordinates": [
          90.776871,
          24.4414016
        ]
      },
      "properties": {
        "addr:street": "Hospital Road",
        "amenity": "hospital",
        "name": "Shikha Diagnostic Center"
      }
    },
    {
      "type": "Feature",
      "geometry": {
        "type": "Point",
        "coordinates": [
          90.5986007,
          24.6869987
        ]
      },
      "properties": {
        "addr:city": "Mymensigh",
        "addr:postcode": "2280",
        "addr:street": "Mymensingh-Kishoreganj Road",
        "amenity": "hospital",
        "name": "Buda Diagnostic Centre"
      }
    },
    {
      "type": "Feature",
      "geometry": {
        "type": "Point",
        "coordinates": [
          92.1651047,
          21.2100525
        ]
      },
      "properties": {
        "amenity": "hospital",
        "name:en": "ACF Register Camp Stabilization Center (SC)",
        "opening_hours": "24/7"
      }
    },
    {
      "type": "Feature",
      "geometry": {
        "type": "Point",
        "coordinates": [
          92.146162,
          21.2151149
        ]
      },
      "properties": {
        "amenity": "hospital",
        "name:en": "ACF Camp 4 stabilization center",
        "opening_hours": "24/7"
      }
    },
    {
      "type": "Feature",
      "geometry": {
        "type": "Point",
        "coordinates": [
          92.1450815,
          21.2087129
        ]
      },
      "properties": {
        "amenity": "hospital",
        "name:en": "ACF Baby Friendly Space Camp 4"
      }
    },
    {
      "type": "Feature",
      "geometry": {
        "type": "Point",
        "coordinates": [
          92.1566837,
          21.2133468
        ]
      },
      "properties": {
        "amenity": "hospital",
        "name:en": "ACF OTP Center Camp 1W",
        "opening_hours": "Su-Th 08:30-16:30"
      }
    },
    {
      "type": "Feature",
      "geometry": {
        "type": "Point",
        "coordinates": [
          92.1476646,
          21.2061598
        ]
      },
      "properties": {
        "amenity": "hospital",
        "name:en": "ACF Camp 3 OTP Center",
        "opening_hours": "Su-Th 09:00-16:00"
      }
    },
    {
      "type": "Feature",
      "geometry": {
        "type": "Point",
        "coordinates": [
          92.1521323,
          21.2158257
        ]
      },
      "properties": {
        "amenity": "hospital",
        "name:en": "ACF Blanket Supplementary Feeding Program Camp 1E",
        "opening_hours": "Su-Th 09:00-16:00"
      }
    },
    {
      "type": "Feature",
      "geometry": {
        "type": "Point",
        "coordinates": [
          92.1615658,
          21.2194415
        ]
      },
      "properties": {
        "amenity": "hospital",
        "name:en": "ACF Kutupalong Stabilization Center (SC)",
        "opening_hours": "24/7"
      }
    },
    {
      "type": "Feature",
      "geometry": {
        "type": "Point",
        "coordinates": [
          92.1413872,
          21.1792343
        ]
      },
      "properties": {
        "amenity": "hospital",
        "name:en": "ACF Camp 13 Barmapara OTP",
        "opening_hours": "Su-Th 09:00-16:00"
      }
    },
    {
      "type": "Feature",
      "geometry": {
        "type": "Point",
        "coordinates": [
          90.9572141,
          24.7166869
        ]
      },
      "properties": {
        "amenity": "hospital",
        "name": "Madan Hospital"
      }
    },
    {
      "type": "Feature",
      "geometry": {
        "type": "Point",
        "coordinates": [
          90.9500955,
          24.7149567
        ]
      },
      "properties": {
        "amenity": "hospital",
        "name": "Hazrat Sumaiya Hospital"
      }
    },
    {
      "type": "Feature",
      "geometry": {
        "type": "Point",
        "coordinates": [
          90.9527304,
          24.7168312
        ]
      },
      "properties": {
        "amenity": "clinic",
        "name": "Surjer Hasi Clinic"
      }
    },
    {
      "type": "Feature",
      "geometry": {
        "type": "Point",
        "coordinates": [
          90.9463425,
          24.7169285
        ]
      },
      "properties": {
        "addr:street": "\u09ae\u09a6\u09a8-\u09a8\u09c7\u098f\u0995\u09cb\u09a8\u09be \u09ae\u09c7\u0987\u09a8 \u09b0\u09cb\u09a1",
        "amenity": "clinic",
        "name": "Seba Pathology",
        "name:bn": "\u09b8\u09c7\u09ac\u09be \u09aa\u09cd\u09af\u09be\u09a5\u09b2\u099c\u09bf"
      }
    },
    {
      "type": "Feature",
      "geometry": {
        "type": "Point",
        "coordinates": [
          90.9472557,
          24.7164718
        ]
      },
      "properties": {
        "addr:street": "\u099c\u09be\u09b9\u09be\u0999\u09cd\u0997\u09c0\u09b0\u09aa\u09c1\u09b0 \u09b8\u09c7\u09a8\u09cd\u099f\u09be\u09b0",
        "amenity": "clinic",
        "name": "Niramoy Diagnostic Centre",
        "name:bn": "\u09a8\u09bf\u09b0\u09be\u09ae\u09df \u09a1\u09be\u09df\u09be\u0997\u09a8\u09b8\u09cd\u099f\u09bf\u0995 \u09b8\u09c7\u09a8\u09cd\u099f\u09be\u09b0"
      }
    },
    {
      "type": "Feature",
      "geometry": {
        "type": "Point",
        "coordinates": [
          90.9462191,
          24.7169187
        ]
      },
      "properties": {
        "addr:street": "\u09ae\u09a6\u09a8-\u09a8\u09c7\u098f\u0995\u09cb\u09a8\u09be \u09ae\u09c7\u0987\u09a8 \u09b0\u09cb\u09a1",
        "amenity": "clinic",
        "name": "Morder Diogonistik Centre",
        "name:bn": "\u09ae\u09a1\u09be\u09b0\u09cd\u09a8 \u09a1\u09be\u09df\u09be\u0997\u09a8\u09b8\u09cd\u099f\u09bf\u0995 \u09b8\u09c7\u09a8\u09cd\u099f\u09be\u09b0"
      }
    },
    {
      "type": "Feature",
      "geometry": {
        "type": "Point",
        "coordinates": [
          90.9462302,
          24.716817
        ]
      },
      "properties": {
        "addr:street": "\u09ae\u09a6\u09a8-\u09a8\u09c7\u098f\u0995\u09cb\u09a8\u09be \u09ae\u09c7\u0987\u09a8 \u09b0\u09cb\u09a1",
        "amenity": "clinic",
        "name": "popular Diagnostic Centre",
        "name:bn": "\u09aa\u09aa\u09c1\u09b2\u09be\u09b0 \u09a1\u09be\u09df\u09be\u0997\u09a8\u09b8\u09cd\u099f\u09bf\u0995 \u09b8\u09c7\u09a8\u09cd\u099f\u09be\u09b0"
      }
    },
    {
      "type": "Feature",
      "geometry": {
        "type": "Point",
        "coordinates": [
          90.3576439,
          23.7746247
        ]
      },
      "properties": {
        "addr:city": "Dhaka",
        "addr:housenumber": "54/B",
        "addr:postcode": "1207",
        "addr:street": "beside central jame mosque",
        "addr:suburb": "Adabar",
        "amenity": "clinic",
        "name": "Sojib Homeo Hall"
      }
    },
    {
      "type": "Feature",
      "geometry": {
        "type": "Point",
        "coordinates": [
          90.3581325,
          23.7718135
        ]
      },
      "properties": {
        "addr:city": "Dhaka",
        "addr:postcode": "1207",
        "addr:street": "Road 3",
        "addr:suburb": "Adabar",
        "amenity": "clinic",
        "healthcare": "laboratory",
        "name": "Surjer Hasi Clinic"
      }
    },
    {
      "type": "Feature",
      "geometry": {
        "type": "Point",
        "coordinates": [
          90.3548513,
          23.7722231
        ]
      },
      "properties": {
        "addr:city": "Dhaka",
        "addr:housename": "Kranti",
        "addr:housenumber": "548",
        "addr:postcode": "1207",
        "addr:street": "Road 10",
        "addr:suburb": "Adabar",
        "amenity": "hospital",
        "healthcare": "occupational_therapist",
        "name": "Padakhep"
      }
    },
    {
      "type": "Feature",
      "geometry": {
        "type": "Point",
        "coordinates": [
          90.3580595,
          23.7695239
        ]
      },
      "properties": {
        "addr:city": "Dhaka",
        "addr:housenumber": "45",
        "addr:postcode": "1207",
        "addr:street": "Road 2",
        "addr:suburb": "Adabar",
        "amenity": "hospital",
        "name": "Aitam Metarnity and General Hospital"
      }
    },
    {
      "type": "Feature",
      "geometry": {
        "type": "Point",
        "coordinates": [
          90.3562826,
          23.7689862
        ]
      },
      "properties": {
        "addr:city": "Dhaka",
        "addr:postcode": "1207",
        "addr:street": "Road 9",
        "addr:suburb": "Adabar",
        "amenity": "hospital",
        "healthcare": "laboratory",
        "name": "Uk Physiotherapy and Rehabilitation Center"
      }
    },
    {
      "type": "Feature",
      "geometry": {
        "type": "Point",
        "coordinates": [
          90.3588456,
          23.7691218
        ]
      },
      "properties": {
        "addr:city": "Dhaka",
        "addr:housenumber": "18/7, Block # F",
        "addr:postcode": "1207",
        "addr:street": "Ring Road",
        "addr:suburb": "Adabar",
        "amenity": "hospital",
        "name": "Bangladesh Eye care and Faco Center"
      }
    },
    {
      "type": "Feature",
      "geometry": {
        "type": "Point",
        "coordinates": [
          90.3591285,
          23.7695341
        ]
      },
      "properties": {
        "addr:city": "Dhaka",
        "addr:postcode": "1207",
        "addr:suburb": "Adabar",
        "amenity": "clinic",
        "name": "The cure Physiotherapy and Peralysis Rehabilitation Center"
      }
    },
    {
      "type": "Feature",
      "geometry": {
        "type": "Point",
        "coordinates": [
          90.3594511,
          23.7702805
        ]
      },
      "properties": {
        "addr:city": "Dhaka",
        "addr:housenumber": "19-2/B-2",
        "addr:postcode": "1207",
        "addr:street": "Ring Road",
        "addr:suburb": "Adabar",
        "amenity": "clinic",
        "name": "Lucky Dental Clinic"
      }
    },
    {
      "type": "Feature",
      "geometry": {
        "type": "Point",
        "coordinates": [
          90.3638347,
          23.7745901
        ]
      },
      "properties": {
        "addr:city": "Dhaka",
        "addr:housenumber": "12/1",
        "addr:postcode": "1207",
        "addr:street": "Ring Road",
        "addr:suburb": "Shyamoli",
        "amenity": "hospital",
        "name": "DPRC Hospital & Diagnostic Lab"
      }
    },
    {
      "type": "Feature",
      "geometry": {
        "type": "Point",
        "coordinates": [
          90.3621912,
          23.7736635
        ]
      },
      "properties": {
        "addr:city": "Dhaka",
        "addr:housenumber": "5/Ka",
        "addr:postcode": "1207",
        "addr:street": "Ring Road",
        "addr:suburb": "Shyamoli",
        "amenity": "hospital",
        "name": "Dhaka Central International Nursing College & Institute"
      }
    },
    {
      "type": "Feature",
      "geometry": {
        "type": "Point",
        "coordinates": [
          90.3620238,
          23.7736377
        ]
      },
      "properties": {
        "addr:city": "Dhaka",
        "addr:housenumber": "3/Ka",
        "addr:postcode": "1207",
        "addr:street": "Ring Road",
        "addr:suburb": "Shyamoli",
        "amenity": "hospital",
        "name": "Shamoly Eye Hospital"
      }
    },
    {
      "type": "Feature",
      "geometry": {
        "type": "Point",
        "coordinates": [
          90.3615435,
          23.7736172
        ]
      },
      "properties": {
        "addr:city": "Dhaka",
        "addr:housenumber": "2/1",
        "addr:postcode": "1207",
        "addr:street": "Ring Road",
        "addr:suburb": "Shyamoli",
        "amenity": "hospital",
        "name": "Dhaka Central International Medical College & Hospital"
      }
    },
    {
      "type": "Feature",
      "geometry": {
        "type": "Point",
        "coordinates": [
          90.3681746,
          23.77419
        ]
      },
      "properties": {
        "addr:city": "Dhaka",
        "addr:postcode": "1207",
        "addr:street": "Syed Mahbub Morshed Avenue",
        "addr:suburb": "Shyamoli",
        "amenity": "hospital",
        "healthcare": "hospital",
        "name": "\u09e8\u09eb\u09e6 \u09b6\u09af\u09cd\u09af\u09be \u09ac\u09bf\u09b6\u09bf\u09b7\u09cd\u099f \u09af\u0995\u09cd\u09b7\u09be \u09b9\u09be\u09b8\u09aa\u09be\u09a4\u09be\u09b2",
        "name:en": "250 bedded Tuberculosis Hospital",
        "phone": "+880 19 699 10200",
        "start_date": "1963",
        "website": "http://tbhsd.gov.bd/"
      }
    },
    {
      "type": "Feature",
      "geometry": {
        "type": "Point",
        "coordinates": [
          90.3684336,
          23.7731471
        ]
      },
      "properties": {
        "addr:city": "Dhaka",
        "addr:housename": "Dhaka Shushu (Children) Hospital",
        "addr:postcode": "1207",
        "addr:street": "Sher E Bangla Rd",
        "addr:suburb": "Shyamoli",
        "amenity": "hospital",
        "check_date": "2024-05-11",
        "healthcare": "hospital",
        "name": "Dhaka Shushu (Children) Hospital"
      }
    },
    {
      "type": "Feature",
      "geometry": {
        "type": "Point",
        "coordinates": [
          90.3695731,
          23.7736685
        ]
      },
      "properties": {
        "addr:city": "Dhaka",
        "addr:postcode": "1207",
        "addr:street": "Sher E Bangla Rd",
        "addr:suburb": "Shyamoli",
        "amenity": "hospital",
        "check_date": "2024-05-02",
        "healthcare": "hospital",
        "name": "National Institute Of Traumtology & Orthopedic Rehabilitation"
      }
    },
    {
      "type": "Feature",
      "geometry": {
        "type": "Point",
        "coordinates": [
          90.3686927,
          23.776005
        ]
      },
      "properties": {
        "addr:city": "Dhaka",
        "addr:housenumber": "F/12",
        "addr:postcode": "1207",
        "addr:street": "Sher E Bangla Road",
        "addr:suburb": "Agargaon",
        "amenity": "hospital",
        "healthcare": "hospital",
        "name": "The ENT And Head-Neck Cancer Hospital And Institute"
      }
    },
    {
      "type": "Feature",
      "geometry": {
        "type": "Point",
        "coordinates": [
          90.3695214,
          23.7781758
        ]
      },
      "properties": {
        "addr:city": "Dhaka",
        "addr:housenumber": "26/A",
        "addr:postcode": "1207",
        "addr:street": "60 Feet Road",
        "addr:suburb": "Sher E Bangla Nagar",
        "amenity": "clinic",
        "name": "Sotota Medical Center"
      }
    },
    {
      "type": "Feature",
      "geometry": {
        "type": "Point",
        "coordinates": [
          90.3684377,
          23.7790679
        ]
      },
      "properties": {
        "addr:city": "Dhaka",
        "addr:housenumber": "105/F",
        "addr:postcode": "1207",
        "addr:street": "60 Feet Road",
        "addr:suburb": "Sher E Bangla Nagar",
        "amenity": "clinic",
        "name": "Monira General Hospital"
      }
    },
    {
      "type": "Feature",
      "geometry": {
        "type": "Point",
        "coordinates": [
          90.3710228,
          23.7761556
        ]
      },
      "properties": {
        "addr:city": "Dhaka",
        "addr:postcode": "1207",
        "addr:street": "Shahid Shahabuddin Road",
        "addr:suburb": "Sher E Bangla Nagar",
        "amenity": "hospital",
        "healthcare": "hospital",
        "healthcare:speciality": "neurology",
        "name": "\u09a8\u09cd\u09af\u09be\u09b6\u09a8\u09be\u09b2 \u0987\u09a8\u09b8\u09cd\u099f\u09bf\u099f\u09bf\u0989\u099f \u0985\u09ac \u09a8\u09bf\u0989\u09b0\u09cb \u09b8\u09be\u09af\u09bc\u09c7\u09a8\u09cd\u09b8\u09c7\u09b8 \u0993 \u09b9\u09be\u09b8\u09aa\u09be\u09a4\u09be\u09b2",
        "name:en": "National Institute of Neurosciences & Hospital"
      }
    },
    {
      "type": "Feature",
      "geometry": {
        "type": "Point",
        "coordinates": [
          90.3668296,
          23.7726837
        ]
      },
      "properties": {
        "addr:city": "Dhaka",
        "addr:housenumber": "22/13",
        "addr:postcode": "1207",
        "addr:street": "Khilji Road",
        "addr:suburb": "Shyamoli",
        "amenity": "clinic",
        "name": "Trauma Surgical"
      }
    },
    {
      "type": "Feature",
      "geometry": {
        "type": "Point",
        "coordinates": [
          90.3668833,
          23.772816
        ]
      },
      "properties": {
        "addr:city": "Dhaka",
        "addr:housenumber": "23/16",
        "addr:postcode": "1207",
        "addr:street": "Khilji Road",
        "addr:suburb": "Shyamoli",
        "amenity": "clinic",
        "name": "Analysis Physiotherapy Hospital"
      }
    },
    {
      "type": "Feature",
      "geometry": {
        "type": "Point",
        "coordinates": [
          90.3675357,
          23.7718689
        ]
      },
      "properties": {
        "addr:city": "Dhaka",
        "addr:housenumber": "22/7",
        "addr:postcode": "1207",
        "addr:street": "Mirpur Road",
        "addr:suburb": "Mohammadpur",
        "amenity": "clinic",
        "healthcare": "clinic",
        "name": "Popular Diagnostic Centre Limited",
        "opening_hours": "24/7"
      }
    },
    {
      "type": "Feature",
      "geometry": {
        "type": "Point",
        "coordinates": [
          90.3686505,
          23.7715607
        ]
      },
      "properties": {
        "addr:city": "Dhaka",
        "addr:housename": "National Institute of Kidney Diseases & Urology",
        "addr:postcode": "1207",
        "addr:street": "Mirpur Road",
        "addr:suburb": "Sher E Bangla Nagar",
        "amenity": "hospital",
        "healthcare": "hospital",
        "name": "National Institute of Kidney Diseases & Urology",
        "operator": "Government of the People's Republic of Bangladesh",
        "operator:type": "government",
        "wheelchair": "yes"
      }
    },
    {
      "type": "Feature",
      "geometry": {
        "type": "Point",
        "coordinates": [
          90.3683022,
          23.7723046
        ]
      },
      "properties": {
        "addr:city": "Dhaka",
        "addr:housename": "National Institute of Mental Health and Hospital",
        "addr:postcode": "1207",
        "addr:street": "Mirpur Road",
        "addr:suburb": "Sher E Bangla Nagar",
        "amenity": "hospital",
        "healthcare": "hospital",
        "name": "National Institute of Mental Health and Hospital",
        "wheelchair": "yes"
      }
    },
    {
      "type": "Feature",
      "geometry": {
        "type": "Point",
        "coordinates": [
          90.3692776,
          23.7704767
        ]
      },
      "properties": {
        "addr:city": "Dhaka",
        "addr:housename": "National medical Institute of Cardiovascular Diseases &Hospital",
        "addr:postcode": "1207",
        "addr:street": "Mirpur Road",
        "addr:suburb": "Sher E Bangla Nagar",
        "amenity": "hospital",
        "healthcare": "hospital",
        "name": "National medical Institute of Cardiovascular Diseases &Hospital",
        "wheelchair": "yes"
      }
    },
    {
      "type": "Feature",
      "geometry": {
        "type": "Point",
        "coordinates": [
          90.3713444,
          23.7691814
        ]
      },
      "properties": {
        "addr:city": "Dhaka",
        "addr:housename": "Shahid Sohrawardy Medical College and Hospital",
        "addr:postcode": "1207",
        "addr:street": "Mirpur Road",
        "addr:suburb": "Sher E Bangla Nagar",
        "amenity": "hospital",
        "healthcare": "hospital",
        "name": "Shahid Sohrawardy Medical College and Hospital"
      }
    },
    {
      "type": "Feature",
      "geometry": {
        "type": "Point",
        "coordinates": [
          90.370751,
          23.7683618
        ]
      },
      "properties": {
        "addr:city": "Dhaka",
        "addr:housename": "National Center For Prevention Of Rheumatic Heart Diease",
        "addr:postcode": "1207",
        "addr:street": "Mirpur Road",
        "addr:suburb": "Sher E Bangla Nagar",
        "amenity": "hospital",
        "healthcare": "hospital",
        "name": "National Center For Prevention Of Rheumatic Heart Diseases"
      }
    },
    {
      "type": "Feature",
      "geometry": {
        "type": "Point",
        "coordinates": [
          90.36888,
          23.7682851
        ]
      },
      "properties": {
        "addr:city": "Dhaka",
        "addr:housename": "Muktijuddha Tower -1",
        "addr:postcode": "1207",
        "addr:street": "Mirpur Road",
        "addr:suburb": "College Gate",
        "amenity": "clinic",
        "name": "Jamuna General Hospital"
      }
    },
    {
      "type": "Feature",
      "geometry": {
        "type": "Point",
        "coordinates": [
          90.3689035,
          23.7682315
        ]
      },
      "properties": {
        "addr:city": "Dhaka",
        "addr:housename": "Muktijuddha Tower -1",
        "addr:postcode": "1207",
        "addr:street": "Mirpur Road",
        "addr:suburb": "College Gate",
        "amenity": "clinic",
        "name": "Prime Hospital"
      }
    },
    {
      "type": "Feature",
      "geometry": {
        "type": "Point",
        "coordinates": [
          90.3689035,
          23.7682851
        ]
      },
      "properties": {
        "addr:city": "Dhaka",
        "addr:housename": "Muktijuddha Tower -1",
        "addr:postcode": "1207",
        "addr:street": "Mirpur Road",
        "addr:suburb": "College Gate",
        "amenity": "clinic",
        "name": "Royal Multispecialist Hospital &Diagnostic Centre"
      }
    },
    {
      "type": "Feature",
      "geometry": {
        "type": "Point",
        "coordinates": [
          90.3688098,
          23.7682744
        ]
      },
      "properties": {
        "addr:city": "Dhaka",
        "addr:housename": "Muktijuddha Tower -1",
        "addr:postcode": "1207",
        "addr:street": "Mirpur Road",
        "addr:suburb": "College Gate",
        "amenity": "clinic",
        "name": "Dhaka Healthcare Hospital"
      }
    },
    {
      "type": "Feature",
      "geometry": {
        "type": "Point",
        "coordinates": [
          90.3686892,
          23.7688984
        ]
      },
      "properties": {
        "addr:city": "Dhaka",
        "addr:housenumber": "1/5",
        "addr:postcode": "1207",
        "addr:street": "Mirpur Road, Block # B",
        "addr:suburb": "College Gate",
        "amenity": "hospital",
        "name": "Care Medical College Hospital Ltd"
      }
    },
    {
      "type": "Feature",
      "geometry": {
        "type": "Point",
        "coordinates": [
          90.3682725,
          23.7691361
        ]
      },
      "properties": {
        "addr:city": "Dhaka",
        "addr:housename": "College gate Diagnostic Center",
        "addr:postcode": "1207",
        "addr:street": "Mirpur Road",
        "addr:suburb": "College Gate",
        "amenity": "clinic",
        "name": "College gate Diagnostic Center"
      }
    },
    {
      "type": "Feature",
      "geometry": {
        "type": "Point",
        "coordinates": [
          90.3679317,
          23.7708146
        ]
      },
      "properties": {
        "addr:city": "Dhaka",
        "addr:housenumber": "22/2",
        "addr:postcode": "1207",
        "addr:street": "Bir Uttam ANM Nuruzzaman Sarak",
        "addr:suburb": "College Gate",
        "amenity": "clinic",
        "name": "Victoria Healthcare"
      }
    },
    {
      "type": "Feature",
      "geometry": {
        "type": "Point",
        "coordinates": [
          90.3669053,
          23.7700781
        ]
      },
      "properties": {
        "addr:city": "Dhaka",
        "addr:housenumber": "2/18",
        "addr:postcode": "1207",
        "addr:street": "Babar Road",
        "addr:suburb": "Mohammadpur",
        "amenity": "clinic",
        "name": "Ibad Medical Lab"
      }
    },
    {
      "type": "Feature",
      "geometry": {
        "type": "Point",
        "coordinates": [
          90.3554671,
          23.7734515
        ]
      },
      "properties": {
        "addr:city": "Dhaka",
        "addr:housenumber": "616",
        "addr:postcode": "1207",
        "addr:street": "6",
        "addr:suburb": "Baitul Aman Housing, Adabar",
        "amenity": "clinic",
        "name": "Clinicbari Eye Care"
      }
    },
    {
      "type": "Feature",
      "geometry": {
        "type": "Point",
        "coordinates": [
          90.36693,
          23.772583
        ]
      },
      "properties": {
        "addr:city": "Dhaka",
        "addr:housenumber": "22/12",
        "addr:postcode": "1207",
        "addr:street": "Mirpur Road",
        "addr:suburb": "Shyamoli",
        "amenity": "clinic",
        "name": "Sigma Medical Services"
      }
    },
    {
      "type": "Feature",
      "geometry": {
        "type": "Point",
        "coordinates": [
          90.3746152,
          23.7569355
        ]
      },
      "properties": {
        "addr:city": "Dhaka",
        "addr:housenumber": "3/10",
        "addr:postcode": "1207",
        "addr:street": "Mirpur Road",
        "addr:suburb": "Mohammadpur",
        "amenity": "hospital",
        "name": "Mother Care Hospital (Pvt) Ltd."
      }
    },
    {
      "type": "Feature",
      "geometry": {
        "type": "Point",
        "coordinates": [
          90.3690388,
          23.7576046
        ]
      },
      "properties": {
        "addr:city": "Dhaka",
        "addr:housenumber": "7/9",
        "addr:postcode": "1207",
        "addr:street": "Lalmatia Road",
        "addr:suburb": "Mohammadpur",
        "amenity": "clinic",
        "name": "Community Oncology Center"
      }
    },
    {
      "type": "Feature",
      "geometry": {
        "type": "Point",
        "coordinates": [
          90.3669855,
          23.7582144
        ]
      },
      "properties": {
        "addr:city": "Dhaka",
        "addr:housenumber": "B/37",
        "addr:postcode": "1207",
        "addr:street": "Block E, Jakir Hossain Road",
        "addr:suburb": "Mohammadpur",
        "amenity": "hospital",
        "name": "Sopna Pharmacy"
      }
    },
    {
      "type": "Feature",
      "geometry": {
        "type": "Point",
        "coordinates": [
          90.3593863,
          23.7635729
        ]
      },
      "properties": {
        "addr:city": "Dhaka",
        "addr:housenumber": "33/7, Block # C",
        "addr:postcode": "1207",
        "addr:street": "Tajmahal Road",
        "addr:suburb": "Mohammadpur",
        "amenity": "clinic",
        "healthcare": "laboratory",
        "name": "Dr Md Rezaul Karim"
      }
    },
    {
      "type": "Feature",
      "geometry": {
        "type": "Point",
        "coordinates": [
          90.3650944,
          23.7731502
        ]
      },
      "properties": {
        "addr:city": "Dhaka",
        "addr:housenumber": "90/Ka",
        "addr:postcode": "1207",
        "addr:street": "PC Culture Road 1",
        "addr:suburb": "Shyamoli",
        "amenity": "clinic",
        "name": "Shebika General Hospital"
      }
    },
    {
      "type": "Feature",
      "geometry": {
        "type": "Point",
        "coordinates": [
          90.3656753,
          23.7716038
        ]
      },
      "properties": {
        "addr:city": "Dhaka",
        "addr:housenumber": "16/14, Block # B",
        "addr:postcode": "1207",
        "addr:street": "Babar Road",
        "addr:suburb": "Shyamoli",
        "amenity": "clinic",
        "name": "Elite Clinic"
      }
    },
    {
      "type": "Feature",
      "geometry": {
        "type": "Point",
        "coordinates": [
          90.3648609,
          23.7713423
        ]
      },
      "properties": {
        "addr:city": "Dhaka",
        "addr:housenumber": "16/19",
        "addr:postcode": "1207",
        "addr:street": "Babar Road",
        "addr:suburb": "Shyamoli",
        "amenity": "clinic",
        "name": "Janasheba Nursing Home & Diagnostic Centre"
      }
    },
    {
      "type": "Feature",
      "geometry": {
        "type": "Point",
        "coordinates": [
          90.366216,
          23.7715641
        ]
      },
      "properties": {
        "addr:city": "Dhaka",
        "addr:housenumber": "19/9",
        "addr:postcode": "1207",
        "addr:street": "Babar Road",
        "addr:suburb": "Shyamoli",
        "amenity": "clinic",
        "name": "Physiotherapi Orthopedic and Rehabilitation"
      }
    },
    {
      "type": "Feature",
      "geometry": {
        "type": "Point",
        "coordinates": [
          90.366877,
          23.7721774
        ]
      },
      "properties": {
        "addr:city": "Dhaka",
        "addr:housenumber": "22/14",
        "addr:postcode": "1207",
        "addr:street": "Khiljee Road",
        "addr:suburb": "Shyamoli",
        "amenity": "clinic",
        "healthcare": "clinic",
        "name": "National Healthcare"
      }
    },
    {
      "type": "Feature",
      "geometry": {
        "type": "Point",
        "coordinates": [
          90.3673116,
          23.7710937
        ]
      },
      "properties": {
        "addr:city": "Dhaka",
        "addr:housenumber": "22/20",
        "addr:postcode": "1207",
        "addr:street": "Khiljee Road",
        "addr:suburb": "Mohammadpur",
        "amenity": "clinic",
        "name": "Moon Diagnostic Center"
      }
    },
    {
      "type": "Feature",
      "geometry": {
        "type": "Point",
        "coordinates": [
          90.3672029,
          23.7705867
        ]
      },
      "properties": {
        "addr:city": "Dhaka",
        "addr:housenumber": "21/2-A",
        "addr:postcode": "1207",
        "addr:street": "Khiljee Road",
        "addr:suburb": "Shyamoli",
        "amenity": "clinic",
        "name": "Shandhi Diagnostic Center"
      }
    },
    {
      "type": "Feature",
      "geometry": {
        "type": "Point",
        "coordinates": [
          90.3666758,
          23.7696424
        ]
      },
      "properties": {
        "addr:city": "Dhaka",
        "addr:housenumber": "2/13",
        "addr:postcode": "1207",
        "addr:street": "Humayun Road",
        "addr:suburb": "Mohammadpur",
        "amenity": "clinic",
        "name": "Ar Rafiyu General Hospital"
      }
    },
    {
      "type": "Feature",
      "geometry": {
        "type": "Point",
        "coordinates": [
          90.3667499,
          23.7693937
        ]
      },
      "properties": {
        "addr:city": "Dhaka",
        "addr:housenumber": "3/13",
        "addr:postcode": "1207",
        "addr:street": "Humayun Road",
        "addr:suburb": "Mohammadpur",
        "amenity": "clinic",
        "name": "National Diagnostic Complex Specialist Consultant Center"
      }
    },
    {
      "type": "Feature",
      "geometry": {
        "type": "Point",
        "coordinates": [
          90.367089,
          23.7679755
        ]
      },
      "properties": {
        "addr:city": "Dhaka",
        "addr:housename": "Shanti Cancer Foundation",
        "addr:housenumber": "5/12",
        "addr:postcode": "1207",
        "addr:street": "Humayun Road",
        "addr:suburb": "Mohammadpur",
        "amenity": "clinic"
      }
    },
    {
      "type": "Feature",
      "geometry": {
        "type": "Point",
        "coordinates": [
          90.3672761,
          23.7680359
        ]
      },
      "properties": {
        "addr:city": "Dhaka",
        "addr:housenumber": "5/13, Block # B",
        "addr:postcode": "1207",
        "addr:street": "Humayun Road",
        "addr:suburb": "Mohammadpur",
        "amenity": "clinic",
        "name": "Infertility Care and Research Centre (ICRC)"
      }
    },
    {
      "type": "Feature",
      "geometry": {
        "type": "Point",
        "coordinates": [
          90.3679923,
          23.7682547
        ]
      },
      "properties": {
        "addr:city": "Dhaka",
        "addr:housenumber": "5/17, Block # B",
        "addr:postcode": "1207",
        "addr:street": "Humayun Road",
        "addr:suburb": "Mohammadpur",
        "amenity": "clinic",
        "check_date": "2023-05-06",
        "internet_access": "no",
        "name": "BDM Hospital",
        "wheelchair": "yes"
      }
    },
    {
      "type": "Feature",
      "geometry": {
        "type": "Point",
        "coordinates": [
          90.3684338,
          23.7684568
        ]
      },
      "properties": {
        "addr:city": "Dhaka",
        "addr:housenumber": "1/20",
        "addr:postcode": "1207",
        "addr:street": "Humayun Road",
        "addr:suburb": "Mohammadpur",
        "amenity": "clinic",
        "name": "Dhaka Institute Of Medical Technology"
      }
    },
    {
      "type": "Feature",
      "geometry": {
        "type": "Point",
        "coordinates": [
          90.3620364,
          23.768055
        ]
      },
      "properties": {
        "addr:city": "Dhaka",
        "addr:housename": "Madrasa Market",
        "addr:housenumber": "21/22",
        "addr:postcode": "1207",
        "addr:street": "Hazi Chinu Mia Road",
        "addr:suburb": "Kaderia Madrasa",
        "amenity": "clinic",
        "name": "Popular Facio Dental Clinic"
      }
    },
    {
      "type": "Feature",
      "geometry": {
        "type": "Point",
        "coordinates": [
          90.362944,
          23.7620671
        ]
      },
      "properties": {
        "addr:city": "Dhaka",
        "addr:housenumber": "7/20",
        "addr:postcode": "1207",
        "addr:street": "Salimullah Road",
        "addr:suburb": "Mohammadpur",
        "amenity": "clinic",
        "name": "Sujon Homeo Clinic"
      }
    },
    {
      "type": "Feature",
      "geometry": {
        "type": "Point",
        "coordinates": [
          90.3673494,
          23.7675674
        ]
      },
      "properties": {
        "addr:city": "Dhaka",
        "addr:housenumber": "6/1",
        "addr:postcode": "1207",
        "addr:street": "Humayun Road",
        "addr:suburb": "Mohammadpur",
        "amenity": "hospital",
        "name": "Dhaka General Hospital"
      }
    },
    {
      "type": "Feature",
      "geometry": {
        "type": "Point",
        "coordinates": [
          90.3668804,
          23.7681233
        ]
      },
      "properties": {
        "addr:city": "Dhaka",
        "addr:housenumber": "6/11",
        "addr:postcode": "1207",
        "addr:street": "Humayun Road",
        "addr:suburb": "Mohammadpur",
        "amenity": "hospital",
        "name": "Mononiramoy"
      }
    },
    {
      "type": "Feature",
      "geometry": {
        "type": "Point",
        "coordinates": [
          90.3668557,
          23.768112
        ]
      },
      "properties": {
        "addr:city": "Dhaka",
        "addr:housenumber": "6/11",
        "addr:postcode": "1207",
        "addr:street": "Humayun Road",
        "addr:suburb": "Mohammadpur",
        "amenity": "clinic",
        "name": "Health Point Diagnostic"
      }
    },
    {
      "type": "Feature",
      "geometry": {
        "type": "Point",
        "coordinates": [
          90.3672004,
          23.7693062
        ]
      },
      "properties": {
        "addr:city": "Dhaka",
        "addr:housenumber": "3/6",
        "addr:postcode": "1207",
        "addr:street": "Humayun Road",
        "addr:suburb": "Mohammadpur",
        "amenity": "clinic",
        "name": "Thikana Madakashakti O Monorog Clinic"
      }
    },
    {
      "type": "Feature",
      "geometry": {
        "type": "Point",
        "coordinates": [
          90.3676436,
          23.7699484
        ]
      },
      "properties": {
        "addr:city": "Dhaka",
        "addr:housenumber": "2/4",
        "addr:postcode": "1207",
        "addr:street": "Humayun Road",
        "addr:suburb": "Mohammadpur",
        "amenity": "clinic",
        "name": "Nabab Sirajuddaula Manasik and Madakasakta Hospital"
      }
    },
    {
      "type": "Feature",
      "geometry": {
        "type": "Point",
        "coordinates": [
          90.3677421,
          23.7698244
        ]
      },
      "properties": {
        "addr:city": "Dhaka",
        "addr:housenumber": "1/11",
        "addr:postcode": "1207",
        "addr:street": "Humayun Road",
        "addr:suburb": "Mohammadpur",
        "amenity": "clinic",
        "name": "Mediprime Orthopedic & Trauma Consultant Center"
      }
    },
    {
      "type": "Feature",
      "geometry": {
        "type": "Point",
        "coordinates": [
          90.3677791,
          23.7700317
        ]
      },
      "properties": {
        "addr:city": "Dhaka",
        "addr:housenumber": "2/3",
        "addr:postcode": "1207",
        "addr:street": "Humayun Road",
        "addr:suburb": "Mohammadpur",
        "amenity": "clinic",
        "name": "Unique Medical Centre"
      }
    },
    {
      "type": "Feature",
      "geometry": {
        "type": "Point",
        "coordinates": [
          90.3673259,
          23.7698469
        ]
      },
      "properties": {
        "addr:city": "Dhaka",
        "addr:housenumber": "2/7",
        "addr:postcode": "1207",
        "addr:street": "Humayun",
        "addr:suburb": "Mohammadpur",
        "amenity": "clinic",
        "name": "Sarwars Dental Clinic"
      }
    },
    {
      "type": "Feature",
      "geometry": {
        "type": "Point",
        "coordinates": [
          90.3671144,
          23.769559
        ]
      },
      "properties": {
        "addr:city": "Dhaka",
        "addr:housenumber": "3/15",
        "addr:postcode": "1207",
        "addr:street": "Humayun Road",
        "addr:suburb": "Mohammadpur",
        "amenity": "clinic",
        "name": "Vital Diagnostic Consultant Center"
      }
    },
    {
      "type": "Feature",
      "geometry": {
        "type": "Point",
        "coordinates": [
          90.3669872,
          23.7697568
        ]
      },
      "properties": {
        "addr:city": "Dhaka",
        "addr:housenumber": "2/10",
        "addr:postcode": "1207",
        "addr:street": "Humayun Road",
        "addr:suburb": "Mohammadpur",
        "amenity": "clinic",
        "name": "Zenith Medical Services"
      }
    },
    {
      "type": "Feature",
      "geometry": {
        "type": "Point",
        "coordinates": [
          90.3667329,
          23.770711
        ]
      },
      "properties": {
        "addr:city": "Dhaka",
        "addr:housenumber": "21/18",
        "addr:postcode": "1207",
        "addr:street": "Babar Road",
        "addr:suburb": "Mohammadpur",
        "amenity": "clinic",
        "name": "Jayeeta Nir Medical Center"
      }
    },
    {
      "type": "Feature",
      "geometry": {
        "type": "Point",
        "coordinates": [
          90.3666821,
          23.7708738
        ]
      },
      "properties": {
        "addr:city": "Dhaka",
        "addr:housenumber": "21/17",
        "addr:postcode": "1207",
        "addr:street": "Babar Road",
        "addr:suburb": "Mohammadpur",
        "amenity": "hospital",
        "name": "Al Markajul Islami Hospital"
      }
    },
    {
      "type": "Feature",
      "geometry": {
        "type": "Point",
        "coordinates": [
          90.3666312,
          23.7711531
        ]
      },
      "properties": {
        "addr:city": "Dhaka",
        "addr:housenumber": "21/14",
        "addr:postcode": "1207",
        "addr:street": "Babar Road",
        "addr:suburb": "Mohammadpur",
        "amenity": "clinic",
        "name": "Makka Madina General Hospital"
      }
    },
    {
      "type": "Feature",
      "geometry": {
        "type": "Point",
        "coordinates": [
          90.3646591,
          23.7770014
        ]
      },
      "properties": {
        "addr:city": "Dhaka",
        "addr:housenumber": "32/1",
        "addr:postcode": "1207",
        "addr:street": "Road 3",
        "addr:suburb": "Shyamoli",
        "amenity": "clinic",
        "name": "Advance Healthcare For Women"
      }
    },
    {
      "type": "Feature",
      "geometry": {
        "type": "Point",
        "coordinates": [
          90.3648574,
          23.7770792
        ]
      },
      "properties": {
        "addr:city": "Dhaka",
        "addr:housenumber": "32",
        "addr:postcode": "1207",
        "addr:street": "Road 3",
        "addr:suburb": "Shyamoli",
        "amenity": "hospital",
        "name": "Center For Kidney Disease & Urology Hospital"
      }
    },
    {
      "type": "Feature",
      "geometry": {
        "type": "Point",
        "coordinates": [
          90.4160213,
          23.7177972
        ]
      },
      "properties": {
        "amenity": "hospital"
      }
    },
    {
      "type": "Feature",
      "geometry": {
        "type": "Point",
        "coordinates": [
          91.8280891,
          24.1973668
        ]
      },
      "properties": {
        "addr:district": "Dhalai",
        "addr:full": "English Midium School, Kamalpur NP Kamalpur Sub Division, Baligaon Noagaon Road",
        "addr:postcode": "799285",
        "addr:state": "Tripura",
        "addr:subdistrict": "Durga Choumuhani",
        "amenity": "hospital",
        "contact:phone": "3826262232",
        "description": "Sub-District Hospital",
        "name": "Bimal Sinha Memorial S.D. Hospital, Dhalai",
        "source": "OpenGovernmentData"
      }
    },
    {
      "type": "Feature",
      "geometry": {
        "type": "Point",
        "coordinates": [
          90.3619179,
          23.7571837
        ]
      },
      "properties": {
        "addr:city": "Dhaka",
        "addr:housenumber": "50/52-C",
        "addr:postcode": "1207",
        "addr:street": "Asad Avenue",
        "addr:suburb": "Mohammadpur",
        "amenity": "clinic",
        "max_level": "2",
        "min_level": "1",
        "name": "Dhaka Diagnostic Center"
      }
    },
    {
      "type": "Feature",
      "geometry": {
        "type": "Point",
        "coordinates": [
          90.3647402,
          23.7590272
        ]
      },
      "properties": {
        "addr:city": "Dhaka",
        "addr:housename": "City Corporation Market, Townhall",
        "addr:postcode": "1207",
        "addr:street": "Asad Avenue",
        "addr:suburb": "Mohammadpur",
        "amenity": "hospital",
        "level": "1",
        "name": "Ahammed Pharma"
      }
    },
    {
      "type": "Feature",
      "geometry": {
        "type": "Point",
        "coordinates": [
          90.3632972,
          23.7607539
        ]
      },
      "properties": {
        "addr:city": "Dhaka",
        "addr:housenumber": "778",
        "addr:postcode": "1207",
        "addr:street": "Solimulla Road",
        "addr:suburb": "Mohammadpur",
        "amenity": "hospital",
        "max_level": "3",
        "min_level": "1",
        "name": "Nagar Sastho Kendro"
      }
    },
    {
      "type": "Feature",
      "geometry": {
        "type": "Point",
        "coordinates": [
          90.3333886,
          23.005891
        ]
      },
      "properties": {
        "addr:street": "Selimpur - Alimabad Road",
        "amenity": "hospital",
        "name:en": "Alimabad Union Health Complex",
        "opening_hours": "Sa-Th 10:00-16:00"
      }
    },
    {
      "type": "Feature",
      "geometry": {
        "type": "Point",
        "coordinates": [
          90.3673685,
          23.7517112
        ]
      },
      "properties": {
        "addr:city": "Dhaka",
        "addr:postcode": "1207",
        "addr:street": "Satmasjid Road, Block D, Lalmatia,",
        "addr:suburb": "Mohammadpur",
        "amenity": "hospital",
        "full_id": "n-1906525",
        "healthcare": "hospital",
        "level": "9",
        "name": "Bangladesh Eye Hospital",
        "osm_id": "-1906525"
      }
    },
    {
      "type": "Feature",
      "geometry": {
        "type": "Point",
        "coordinates": [
          90.3689752,
          23.7515285
        ]
      },
      "properties": {
        "addr:city": "Dhaka",
        "addr:housenumber": "68",
        "addr:postcode": "1207",
        "addr:street": "Road 15/A, Dhanmondi",
        "addr:suburb": "Dhanmondhi",
        "amenity": "hospital",
        "full_id": "n-1906523",
        "level": "4",
        "name": "IBN SINA HOSPITAL",
        "osm_id": "-1906523"
      }
    },
    {
      "type": "Feature",
      "geometry": {
        "type": "Point",
        "coordinates": [
          90.3759965,
          23.7554874
        ]
      },
      "properties": {
        "addr:city": "Dhaka",
        "addr:housenumber": "4/1A",
        "addr:postcode": "1209",
        "addr:street": "Mirpur Road",
        "addr:suburb": "Mohammadpur",
        "amenity": "hospital",
        "full_id": "n-1906501",
        "max_level": "8",
        "min_level": "1",
        "name": "Bangladesh ENT Hospital",
        "osm_id": "-1906501"
      }
    },
    {
      "type": "Feature",
      "geometry": {
        "type": "Point",
        "coordinates": [
          90.3751354,
          23.7543571
        ]
      },
      "properties": {
        "addr:city": "Dhaka",
        "addr:housenumber": "8/3",
        "addr:postcode": "1209",
        "addr:street": "14",
        "addr:suburb": "Dhanmondhi",
        "amenity": "clinic",
        "full_id": "n-1906500",
        "healthcare": "clinic",
        "level": "1",
        "name": "Farabi General Hospital",
        "osm_id": "-1906500"
      }
    },
    {
      "type": "Feature",
      "geometry": {
        "type": "Point",
        "coordinates": [
          90.3747474,
          23.753098
        ]
      },
      "properties": {
        "addr:city": "Dhaka",
        "addr:housenumber": "17",
        "addr:postcode": "1209",
        "addr:street": "13",
        "addr:suburb": "Dhanmondhi",
        "amenity": "clinic",
        "full_id": "n-1906498",
        "level": "1",
        "name": "Dental Solution",
        "osm_id": "-1906498"
      }
    },
    {
      "type": "Feature",
      "geometry": {
        "type": "Point",
        "coordinates": [
          90.360352,
          23.7516088
        ]
      },
      "properties": {
        "addr:city": "Dhaka",
        "addr:postcode": "1207",
        "addr:street": "Jafrabad, Pulpar Battola",
        "addr:suburb": "Mohammadpur",
        "amenity": "clinic",
        "full_id": "n-1906475",
        "level": "1.5",
        "name": "Nagar Sastha Kendra",
        "osm_id": "-1906475"
      }
    },
    {
      "type": "Feature",
      "geometry": {
        "type": "Point",
        "coordinates": [
          90.3564436,
          23.7640576
        ]
      },
      "properties": {
        "addr:city": "Dhaka",
        "addr:housenumber": "195",
        "addr:postcode": "1207",
        "addr:street": "3",
        "addr:suburb": "Adabor",
        "amenity": "clinic",
        "full_id": "n-1906461",
        "healthcare": "laboratory",
        "level": "1",
        "name": "Pro.D. AKM Khairul Islam",
        "osm_id": "-1906461"
      }
    },
    {
      "type": "Feature",
      "geometry": {
        "type": "Point",
        "coordinates": [
          90.35478,
          23.7631355
        ]
      },
      "properties": {
        "addr:city": "Dhaka",
        "addr:housenumber": "4",
        "addr:postcode": "1207",
        "addr:street": "11",
        "addr:suburb": "Adabor",
        "amenity": "clinic",
        "full_id": "n-1906453",
        "healthcare": "laboratory",
        "level": "1",
        "name": "Dr.Md.Najim Uddin",
        "osm_id": "-1906453"
      }
    },
    {
      "type": "Feature",
      "geometry": {
        "type": "Point",
        "coordinates": [
          90.3554266,
          23.7624384
        ]
      },
      "properties": {
        "addr:city": "Dhaka",
        "addr:housenumber": "89",
        "addr:postcode": "1207",
        "addr:street": "7",
        "addr:suburb": "Adabor",
        "amenity": "clinic",
        "full_id": "n-1906452",
        "healthcare": "laboratory",
        "level": "2",
        "name": "Pro.Dr.Md. Mohsin Kawser",
        "osm_id": "-1906452"
      }
    },
    {
      "type": "Feature",
      "geometry": {
        "type": "Point",
        "coordinates": [
          90.3544283,
          23.7650097
        ]
      },
      "properties": {
        "addr:city": "Dhaka",
        "addr:housenumber": "9",
        "addr:postcode": "1207",
        "addr:street": "Block A, Nobodoy Housing Society",
        "addr:suburb": "Adabor",
        "amenity": "clinic",
        "full_id": "n-1906449",
        "healthcare": "laboratory",
        "level": "1",
        "name": "Shishu Shastho Kendro",
        "osm_id": "-1906449"
      }
    },
    {
      "type": "Feature",
      "geometry": {
        "type": "Point",
        "coordinates": [
          90.3569521,
          23.765838
        ]
      },
      "properties": {
        "addr:city": "Dhaka",
        "addr:housenumber": "13",
        "addr:postcode": "1207",
        "addr:street": "1, PC Culture Society",
        "addr:suburb": "Adabor",
        "amenity": "clinic",
        "full_id": "n-1906446",
        "level": "1",
        "name": "Mom's Care",
        "osm_id": "-1906446"
      }
    },
    {
      "type": "Feature",
      "geometry": {
        "type": "Point",
        "coordinates": [
          90.3580087,
          23.7662354
        ]
      },
      "properties": {
        "addr:city": "Dhaka",
        "addr:housenumber": "1",
        "addr:postcode": "1207",
        "addr:street": "2, Shekhertek, PC Cultural Houshing society",
        "addr:suburb": "Adabor",
        "amenity": "clinic",
        "full_id": "n-1906443",
        "healthcare": "laboratory",
        "level": "1",
        "name": "Maa Life Care",
        "osm_id": "-1906443"
      }
    },
    {
      "type": "Feature",
      "geometry": {
        "type": "Point",
        "coordinates": [
          90.358059,
          23.7666636
        ]
      },
      "properties": {
        "addr:city": "Dhaka",
        "addr:housenumber": "9",
        "addr:postcode": "1207",
        "addr:street": "2",
        "addr:suburb": "Adabor",
        "amenity": "clinic",
        "full_id": "n-1906438",
        "healthcare": "laboratory",
        "level": "1",
        "name": "Dr.Md.Iqbal Hamid",
        "osm_id": "-1906438"
      }
    },
    {
      "type": "Feature",
      "geometry": {
        "type": "Point",
        "coordinates": [
          90.3587636,
          23.7659391
        ]
      },
      "properties": {
        "addr:city": "Dhaka",
        "addr:housenumber": "193",
        "addr:postcode": "1207",
        "addr:street": "Ring Road",
        "addr:suburb": "Mohammadpur",
        "amenity": "clinic",
        "full_id": "n-1906418",
        "healthcare": "laboratory",
        "level": "3",
        "name": "Japan City Dental",
        "osm_id": "-1906418"
      }
    },
    {
      "type": "Feature",
      "geometry": {
        "type": "Point",
        "coordinates": [
          90.4152783,
          23.7537554
        ]
      },
      "properties": {
        "amenity": "hospital",
        "name": "\u09b2\u09cd\u09af\u09be\u09ac \u098f\u0987\u09a1 \u09b9\u09b8\u09aa\u09bf\u099f\u09be\u09b2 \u09b2\u09bf\u09ae\u09bf\u099f\u09c7\u09a1",
        "name:bn": "\u09b2\u09cd\u09af\u09be\u09ac \u098f\u0987\u09a1 \u09b9\u09b8\u09aa\u09bf\u099f\u09be\u09b2 \u09b2\u09bf\u09ae\u09bf\u099f\u09c7\u09a1",
        "name:en": "Lab Aid Hospital Limited"
      }
    },
    {
      "type": "Feature",
      "geometry": {
        "type": "Point",
        "coordinates": [
          90.4173443,
          23.7579478
        ]
      },
      "properties": {
        "amenity": "hospital",
        "healthcare": "hospital",
        "name": "\u0986\u0987\u09b8\u09bf\u09a1\u09bf\u09a1\u09bf\u0986\u09b0\u09ac\u09bf \u09af\u0995\u09cd\u09b7\u09cd\u09ae\u09be \u09a8\u09bf\u09b0\u09cd\u09a3\u09af\u09bc \u0993 \u099a\u09bf\u0995\u09bf\u09ce\u09b8\u09be \u0995\u09c7\u09a8\u09cd\u09a6\u09cd\u09b0",
        "name:bn": "\u0986\u0987\u09b8\u09bf\u09a1\u09bf\u09a1\u09bf\u0986\u09b0\u09ac\u09bf \u09af\u0995\u09cd\u09b7\u09cd\u09ae\u09be \u09a8\u09bf\u09b0\u09cd\u09a3\u09af\u09bc \u0993 \u099a\u09bf\u0995\u09bf\u09ce\u09b8\u09be \u0995\u09c7\u09a8\u09cd\u09a6\u09cd\u09b0",
        "name:en": "ICDDRB Tuberculosis Screening and Treatment Centre",
        "operator": "ICDDRB"
      }
    },
    {
      "type": "Feature",
      "geometry": {
        "type": "Point",
        "coordinates": [
          90.4674835,
          23.5123019
        ]
      },
      "properties": {
        "addr:city": "Tongibari",
        "addr:country": "BD",
        "addr:district": "Munshiganj",
        "addr:place": "Tongibari",
        "addr:postcode": "1520",
        "addr:street": "Tongibari Bazar",
        "amenity": "hospital",
        "name": "Tongibari upazila health complex",
        "office": "government"
      }
    },
    {
      "type": "Feature",
      "geometry": {
        "type": "Point",
        "coordinates": [
          90.3571635,
          23.840309
        ]
      },
      "properties": {
        "amenity": "hospital",
        "healthcare": "hospital",
        "name": "CPC"
      }
    },
    {
      "type": "Feature",
      "geometry": {
        "type": "Point",
        "coordinates": [
          91.0070997,
          24.0296206
        ]
      },
      "properties": {
        "amenity": "hospital",
        "name": "Ashuganj Upozila Hospital"
      }
    },
    {
      "type": "Feature",
      "geometry": {
        "type": "Point",
        "coordinates": [
          90.3647679,
          23.8166648
        ]
      },
      "properties": {
        "addr:housenumber": "179/180",
        "addr:postcode": "1216",
        "addr:street": "Road 4",
        "amenity": "clinic",
        "name:en": "Dr. Abdullah al Mamun",
        "opening_hours": "Mo-Su 19:00-23:55",
        "phone": "+8801711267053"
      }
    },
    {
      "type": "Feature",
      "geometry": {
        "type": "Point",
        "coordinates": [
          92.3098,
          24.883091
        ]
      },
      "properties": {
        "addr:district": "Karimganj",
        "addr:full": "Vill & PO Nayagram, Near Girishganj Bazar",
        "addr:postcode": "788709",
        "addr:state": "Assam",
        "addr:subdistrict": "Karimganj",
        "amenity": "hospital",
        "name": "Girishganj Model Hospital",
        "source": "OpenGovernmentData"
      }
    },
    {
      "type": "Feature",
      "geometry": {
        "type": "Point",
        "coordinates": [
          92.476133,
          24.8649571
        ]
      },
      "properties": {
        "addr:district": "Karimganj",
        "addr:full": "Viii- MASLY, Near BSF Camp & Bhanga bazar",
        "addr:state": "Assam",
        "addr:subdistrict": "Badarpur",
        "amenity": "clinic",
        "contact:phone": "3843252053",
        "description": "Primary Health Centre",
        "healthcare": "centre",
        "name": "Bhanga Health centre",
        "source": "OpenGovernmentData"
      }
    },
    {
      "type": "Feature",
      "geometry": {
        "type": "Point",
        "coordinates": [
          88.6551191,
          25.6093137
        ]
      },
      "properties": {
        "amenity": "hospital"
      }
    },
    {
      "type": "Feature",
      "geometry": {
        "type": "Point",
        "coordinates": [
          88.9918818,
          25.2792681
        ]
      },
      "properties": {
        "addr:district": "Dakhshin Dinajpur",
        "addr:full": "Near Hili B.D.O. Office, Hili, Purba Rainagar",
        "addr:postcode": "733126",
        "addr:state": "West Bengal",
        "addr:subdistrict": "Hilli",
        "amenity": "hospital",
        "name": "Hili Rural Hospital",
        "source": "OpenGovernmentData"
      }
    },
    {
      "type": "Feature",
      "geometry": {
        "type": "Point",
        "coordinates": [
          88.907731,
          26.3599411
        ]
      },
      "properties": {
        "addr:district": "Cooch Behar",
        "addr:full": "Uttarpara Road, Opp. Electricity Office, Mekhliganj",
        "addr:postcode": "735304",
        "addr:state": "West Bengal",
        "amenity": "hospital",
        "description": "Sub-District Hospital",
        "healthcare": "hospital",
        "name": "Mekhliganj Sub Divisional Hospital",
        "source": "OpenGovernmentData"
      }
    },
    {
      "type": "Feature",
      "geometry": {
        "type": "Point",
        "coordinates": [
          91.7478988,
          22.4298442
        ]
      },
      "properties": {
        "amenity": "hospital",
        "emergency": "yes",
        "healthcare": "hospital",
        "healthcare:speciality": "general;gynaecology;emergency",
        "name": "BSBA",
        "operator": "Bhatiary Hospital",
        "operator:type": "private"
      }
    },
    {
      "type": "Feature",
      "geometry": {
        "type": "Point",
        "coordinates": [
          90.3533419,
          23.7943396
        ]
      },
      "properties": {
        "amenity": "hospital",
        "healthcare": "hospital",
        "name:en": "Alok Hospital"
      }
    },
    {
      "type": "Feature",
      "geometry": {
        "type": "Point",
        "coordinates": [
          92.1591782,
          21.2099054
        ]
      },
      "properties": {
        "amenity": "clinic",
        "name:en": "ACF Camp 2W D4 Extention OTP",
        "phone": "01610717373"
      }
    },
    {
      "type": "Feature",
      "geometry": {
        "type": "Point",
        "coordinates": [
          92.137818,
          21.2039385
        ]
      },
      "properties": {
        "amenity": "clinic",
        "name:en": "ACF Camp 4 Ext OTP",
        "phone": "01610717373"
      }
    },
    {
      "type": "Feature",
      "geometry": {
        "type": "Point",
        "coordinates": [
          90.4218973,
          23.7662764
        ]
      },
      "properties": {
        "addr:city": "Rampura, Dhaka",
        "addr:housenumber": "464",
        "addr:postcode": "1219",
        "addr:street": "DIT Road",
        "addr:unit": "4",
        "amenity": "clinic",
        "building": "commercial",
        "building:material": "brick",
        "healthcare": "clinic",
        "name": "Digilab Medical Services Limited"
      }
    },
    {
      "type": "Feature",
      "geometry": {
        "type": "Point",
        "coordinates": [
          90.4255434,
          23.7874682
        ]
      },
      "properties": {
        "addr:city": "North Badda, Dhaka",
        "addr:housenumber": "Cha-88/1",
        "addr:postcode": "1212",
        "addr:street": "Progoti Sharani",
        "amenity": "clinic",
        "healthcare": "clinic",
        "name": "Dogma Hospital Limited"
      }
    },
    {
      "type": "Feature",
      "geometry": {
        "type": "Point",
        "coordinates": [
          90.425671,
          23.7844845
        ]
      },
      "properties": {
        "addr:city": "North Badda, Dhaka",
        "addr:housenumber": "107/2",
        "addr:postcode": "1212",
        "addr:street": "Progoti Sharani",
        "amenity": "hospital",
        "healthcare": "hospital",
        "name": "Badda General Hospital"
      }
    },
    {
      "type": "Feature",
      "geometry": {
        "type": "Point",
        "coordinates": [
          90.425988,
          23.7834751
        ]
      },
      "properties": {
        "amenity": "clinic",
        "healthcare": "clinic",
        "name": "Sun Health Care Diagnostic and Consultation Center"
      }
    },
    {
      "type": "Feature",
      "geometry": {
        "type": "Point",
        "coordinates": [
          91.8074065,
          22.4977735
        ]
      },
      "properties": {
        "amenity": "clinic",
        "contact:phone": "01819603404",
        "health_amenity:type": "dialysis;x_ray",
        "healthcare": "blood_donation;clinic;doctor;hospital;laboratory",
        "healthcare:speciality": "blood_check",
        "name": "Hathazari Adhunik Hospital",
        "operator:type": "private"
      }
    },
    {
      "type": "Feature",
      "geometry": {
        "type": "Point",
        "coordinates": [
          90.4258623,
          23.7733799
        ]
      },
      "properties": {
        "addr:city": "Dhaka",
        "addr:postcode": "1212",
        "addr:street": "Road # 11, DIT Project",
        "amenity": "hospital",
        "building": "hospital",
        "healthcare": "hospital",
        "name": "AIMS Hospital"
      }
    },
    {
      "type": "Feature",
      "geometry": {
        "type": "Point",
        "coordinates": [
          89.6326952,
          23.0412614
        ]
      },
      "properties": {
        "addr:street": "Hospital Rd",
        "amenity": "clinic",
        "name": "Rajjak Dental Surgery",
        "name:en": "Dental Care",
        "opening_hours": "Mo-Su,PH 09:00-09:00",
        "wheelchair": "yes"
      }
    },
    {
      "type": "Feature",
      "geometry": {
        "type": "Point",
        "coordinates": [
          90.9863187,
          24.0470909
        ]
      },
      "properties": {
        "addr:city": "Bhairab Bazar",
        "addr:postcode": "2350",
        "addr:street": "Bangabandhu Sharani",
        "amenity": "hospital",
        "emergency": "yes",
        "healthcare": "hospital",
        "healthcare:speciality": "general;clinic",
        "name": "Anuwara General Hospital",
        "name:bn": "\u0986\u09a8\u09cb\u09df\u09be\u09b0\u09be \u099c\u09c7\u09a8\u09be\u09b0\u09c7\u09b2 \u09b9\u09be\u09b8\u09aa\u09be\u09a4\u09be\u09b2"
      }
    },
    {
      "type": "Feature",
      "geometry": {
        "type": "Point",
        "coordinates": [
          91.7337185,
          24.310831
        ]
      },
      "properties": {
        "amenity": "hospital",
        "name": "Mazumder Nursing Clinic",
        "source": "Survey"
      }
    },
    {
      "type": "Feature",
      "geometry": {
        "type": "Point",
        "coordinates": [
          91.7335547,
          24.3107297
        ]
      },
      "properties": {
        "amenity": "hospital",
        "emergency": "no",
        "name": "Dipshikha Infertility Center",
        "source": "Field Survey"
      }
    },
    {
      "type": "Feature",
      "geometry": {
        "type": "Point",
        "coordinates": [
          89.9784919,
          24.222101
        ]
      },
      "properties": {
        "addr:city": "Karatia",
        "addr:postcode": "1903",
        "addr:street": "Karatia Road",
        "amenity": "hospital",
        "healthcare": "hospital",
        "healthcare:speciality": "general;child_psychiatry",
        "name": "Govment Hospital"
      }
    },
    {
      "type": "Feature",
      "geometry": {
        "type": "Point",
        "coordinates": [
          90.9747936,
          24.0557715
        ]
      },
      "properties": {
        "addr:city": "Jogonnath Pur, Bhairab, Kishoregonj",
        "addr:postcode": "2350",
        "addr:street": "Dhaka - Sylhet Hwy",
        "amenity": "hospital",
        "healthcare": "hospital",
        "name": "Abedin Hospital (Pvt.)",
        "name:bn": "\u0986\u09ac\u09c7\u09a6\u09c0\u09a8 \u09b9\u09be\u09b8\u09aa\u09be\u09a4\u09be\u09b2 (\u09aa\u09cd\u09b0\u09be\u0983)"
      }
    },
    {
      "type": "Feature",
      "geometry": {
        "type": "Point",
        "coordinates": [
          90.9775375,
          24.0550343
        ]
      },
      "properties": {
        "addr:city": "New Town, Komolpur, Bhairab, Kishoregonj",
        "addr:postcode": "2350",
        "addr:street": "Dhaka - Sylhet Highway",
        "amenity": "hospital",
        "emergency": "no",
        "healthcare": "hospital",
        "name": "Al-Shefa Hospital",
        "name:bn": "\u0986\u09b2-\u09b6\u09c7\u09ab\u09be \u09b9\u09be\u09b8\u09aa\u09be\u09a4\u09be\u09b2",
        "operator": "A.B Siddik",
        "operator:type": "private"
      }
    },
    {
      "type": "Feature",
      "geometry": {
        "type": "Point",
        "coordinates": [
          92.2095287,
          22.5028239
        ]
      },
      "properties": {
        "addr:city": "Rangamati",
        "addr:housenumber": "Log gate",
        "addr:postcode": "4533",
        "addr:street": "log gate hospital road",
        "amenity": "hospital",
        "healthcare": "hospital",
        "healthcare:speciality": "general",
        "internet_access": "no",
        "name": "\u09b2\u0997 \u0997\u09c7\u0987\u099f \u09b8\u09b0\u0995\u09be\u09b0\u09bf \u09b9\u09be\u09b8\u09aa\u09be\u09a4\u09be\u09b2",
        "operator": "Government",
        "source": "local knowledge;survey"
      }
    },
    {
      "type": "Feature",
      "geometry": {
        "type": "Point",
        "coordinates": [
          89.5683381,
          22.8068356
        ]
      },
      "properties": {
        "addr:city": "Khulna",
        "addr:postcode": "9100",
        "addr:street": "Khan Jahan Ali Rd",
        "amenity": "clinic",
        "healthcare": "clinic",
        "name": "Ankur Diagonastic",
        "opening_hours": "Sa-Th 09:00-21:00",
        "operator": "Privet",
        "operator:type": "private"
      }
    },
    {
      "type": "Feature",
      "geometry": {
        "type": "Point",
        "coordinates": [
          89.5681803,
          22.8066214
        ]
      },
      "properties": {
        "addr:city": "Khulna",
        "addr:postcode": "9100",
        "addr:street": "Khan Jahan Ali Rd",
        "amenity": "clinic",
        "healthcare": "clinic",
        "healthcare:speciality": "general",
        "name": "National Diagonistic & Hospital",
        "note": "Pharmacy Abilavil",
        "opening_hours": "24/7",
        "operator": "Privet",
        "operator:type": "private"
      }
    },
    {
      "type": "Feature",
      "geometry": {
        "type": "Point",
        "coordinates": [
          89.5559857,
          22.8089985
        ]
      },
      "properties": {
        "addr:city": "Khulna",
        "addr:housenumber": "308",
        "addr:postcode": "9100",
        "addr:street": "Sher-E-Bangla Road",
        "amenity": "hospital",
        "description": "The first International Standard Homeopathic Clinic in Bangladesh",
        "email": "consultation.drhf@gmail.co",
        "healthcare": "hospital",
        "healthcare:speciality": "Classical_Homeopathy",
        "name": "DR. RAHIM HOMEOPATHY FOUNDATION",
        "operator": "DRHF",
        "operator:type": "private_non_profit",
        "website": "https://www.facebook.com/DRHF.KHULNA.BANGLADESH"
      }
    },
    {
      "type": "Feature",
      "geometry": {
        "type": "Point",
        "coordinates": [
          88.9937418,
          25.3931068
        ]
      },
      "properties": {
        "amenity": "hospital",
        "name": "America Australia Bangladesh Friendship Hospital"
      }
    },
    {
      "type": "Feature",
      "geometry": {
        "type": "Point",
        "coordinates": [
          88.9886865,
          25.3852995
        ]
      },
      "properties": {
        "amenity": "hospital"
      }
    },
    {
      "type": "Feature",
      "geometry": {
        "type": "Point",
        "coordinates": [
          90.5081042,
          24.7371926
        ]
      },
      "properties": {
        "addr:city": "Dowhakhala",
        "addr:housenumber": "Muktijoddha Market",
        "addr:postcode": "2270",
        "addr:street": "Gazipur Bus Stand",
        "amenity": "hospital",
        "emergency": "yes",
        "healthcare": "hospital",
        "healthcare:speciality": "general;neurology;clinic;gynaecology;orthopaedics;urology;community",
        "name": "Medilab Diagnostic & Consultation Ltd.",
        "operator": "Diagnostic Centre",
        "operator:type": "private_for_profit"
      }
    },
    {
      "type": "Feature",
      "geometry": {
        "type": "Point",
        "coordinates": [
          90.4167955,
          24.7520522
        ]
      },
      "properties": {
        "addr:city": "Mymensingh",
        "addr:street": "Kali Bari Road",
        "amenity": "hospital",
        "healthcare": "hospital",
        "name": "SK Hospital"
      }
    },
    {
      "type": "Feature",
      "geometry": {
        "type": "Point",
        "coordinates": [
          90.4172124,
          24.7517295
        ]
      },
      "properties": {
        "addr:city": "Mymensingh",
        "addr:street": "Kali Bari Road",
        "amenity": "hospital",
        "healthcare": "hospital",
        "name": "Civil Surgeon Office, Mymensingh"
      }
    },
    {
      "type": "Feature",
      "geometry": {
        "type": "Point",
        "coordinates": [
          90.4154493,
          23.8548229
        ]
      },
      "properties": {
        "addr:city": "Dhaka",
        "addr:country": "BD",
        "amenity": "hospital",
        "name": "Ashkona Medical Center"
      }
    },
    {
      "type": "Feature",
      "geometry": {
        "type": "Point",
        "coordinates": [
          89.4176203,
          24.6658982
        ]
      },
      "properties": {
        "amenity": "clinic",
        "healthcare": "clinic",
        "name": "Advance Clinic and Diagnostic Centre"
      }
    },
    {
      "type": "Feature",
      "geometry": {
        "type": "Point",
        "coordinates": [
          91.834121,
          22.3646754
        ]
      },
      "properties": {
        "addr:city": "Chattogram (Chittagong)",
        "addr:housenumber": "28",
        "addr:postcode": "4203",
        "addr:street": "Katalganj Road",
        "amenity": "hospital",
        "emergency": "yes",
        "healthcare": "hospital",
        "healthcare:speciality": "clinic;general;orthopaedics",
        "name": "Delta Health Care Chattogram Ltd",
        "phone": "+880312550005",
        "wheelchair": "yes"
      }
    },
    {
      "type": "Feature",
      "geometry": {
        "type": "Point",
        "coordinates": [
          90.4158603,
          23.7197592
        ]
      },
      "properties": {
        "addr:city": "Dhaka",
        "addr:postcode": "1203",
        "addr:street": "\u09af\u09c1\u0997\u09c0\u09a8\u0997\u09b0 \u09b8\u09dc\u0995",
        "amenity": "hospital",
        "description": "Local Knowledge",
        "healthcare": "hospital",
        "healthcare:speciality": "community",
        "name": "Suborna Phermacy"
      }
    },
    {
      "type": "Feature",
      "geometry": {
        "type": "Point",
        "coordinates": [
          90.4229603,
          23.8607043
        ]
      },
      "properties": {
        "addr:city": "Dhaka",
        "addr:country": "BD",
        "amenity": "hospital",
        "name": "KC Hospital"
      }
    },
    {
      "type": "Feature",
      "geometry": {
        "type": "Point",
        "coordinates": [
          90.7586064,
          24.2240301
        ]
      },
      "properties": {
        "amenity": "hospital",
        "healthcare": "hospital",
        "name": "Family Development Center"
      }
    },
    {
      "type": "Feature",
      "geometry": {
        "type": "Point",
        "coordinates": [
          90.0521672,
          24.2294045
        ]
      },
      "properties": {
        "addr:city": "Basail,Tangail.",
        "addr:postcode": "1920",
        "addr:street": "Bus stand road",
        "amenity": "clinic",
        "healthcare": "clinic",
        "healthcare:speciality": "general;dentist;clinic",
        "name": "\u09ae\u09a8\u09bf \u0995\u09cd\u09b2\u09bf\u09a8\u09bf\u0995-Moni clinic",
        "operator": "Private",
        "operator:type": "private"
      }
    },
    {
      "type": "Feature",
      "geometry": {
        "type": "Point",
        "coordinates": [
          90.4021776,
          23.8575609
        ]
      },
      "properties": {
        "addr:city": "Dhaka",
        "addr:country": "BD",
        "amenity": "hospital",
        "name": "Uttara Central Hospital"
      }
    },
    {
      "type": "Feature",
      "geometry": {
        "type": "Point",
        "coordinates": [
          90.4030896,
          23.8560463
        ]
      },
      "properties": {
        "addr:city": "Dhaka",
        "addr:country": "BD",
        "amenity": "hospital",
        "name": "\u09ae\u0995\u09cd\u0995\u09be \u099a\u0995\u09cd\u09b7\u09c1 \u09b9\u09be\u09b8\u09aa\u09be\u09a4\u09be\u09b2",
        "name:en": "Makkah Eye Hospital"
      }
    },
    {
      "type": "Feature",
      "geometry": {
        "type": "Point",
        "coordinates": [
          90.4039789,
          23.8554418
        ]
      },
      "properties": {
        "addr:city": "Dhaka",
        "addr:country": "BD",
        "amenity": "hospital",
        "name": "Jahan Ara Clinic"
      }
    },
    {
      "type": "Feature",
      "geometry": {
        "type": "Point",
        "coordinates": [
          90.0520232,
          24.2300677
        ]
      },
      "properties": {
        "amenity": "clinic",
        "healthcare": "clinic",
        "name": "\u098f\u0995\u09a4\u09be \u0995\u09cd\u09b2\u09bf\u09a8\u09bf\u0995"
      }
    },
    {
      "type": "Feature",
      "geometry": {
        "type": "Point",
        "coordinates": [
          90.4261015,
          23.8686911
        ]
      },
      "properties": {
        "addr:city": "Dhaka",
        "addr:country": "BD",
        "amenity": "hospital",
        "healthcare": "hospital",
        "name": "\u0989\u09a4\u09cd\u09a4\u09b0\u0996\u09be\u09a8 \u099c\u09c7\u09a8\u09be\u09b0\u09c7\u09b2 \u09b9\u09be\u09b8\u09aa\u09be\u09a4\u09be\u09b2",
        "name:en": "Uttar Khan General Hospitl"
      }
    },
    {
      "type": "Feature",
      "geometry": {
        "type": "Point",
        "coordinates": [
          90.4223667,
          23.7075573
        ]
      },
      "properties": {
        "addr:city": "Gandaria, Dhaka",
        "addr:housenumber": "111",
        "addr:postcode": "1204",
        "addr:street": "Distilary Road",
        "amenity": "clinic",
        "healthcare": "clinic",
        "healthcare:speciality": "health_Complex",
        "name": "Surjer Hashi Clinic",
        "opening_hours": "Mo-Su 09:00-17:00 (Friday Closed)"
      }
    },
    {
      "type": "Feature",
      "geometry": {
        "type": "Point",
        "coordinates": [
          92.1733986,
          22.6577767
        ]
      },
      "properties": {
        "addr:city": "4500, Rangamati 4500",
        "addr:housenumber": "North Kalindipur",
        "addr:postcode": "0351",
        "addr:street": "Chittagong - Rangamati Rd",
        "amenity": "hospital",
        "emergency": "no",
        "healthcare": "hospital",
        "healthcare:speciality": "radiology",
        "name": "BRAC TB Diagnostic Center Rangamati"
      }
    },
    {
      "type": "Feature",
      "geometry": {
        "type": "Point",
        "coordinates": [
          88.8432331,
          25.0785964
        ]
      },
      "properties": {
        "amenity": "hospital",
        "healthcare": "hospital",
        "name": "\u0987\u0989\u09a8\u09bf\u09af\u09bc\u09a8 \u09b8\u09cd\u09ac\u09be\u09b8\u09cd\u09a5\u09cd\u09af \u0993 \u09aa\u09b0\u09bf\u09ac\u09be\u09b0 \u0995\u09b2\u09cd\u09af\u09be\u09a3 \u0995\u09c7\u09a8\u09cd\u09a6\u09cd\u09b0",
        "name:en": "Union Health and Family Welfare Center"
      }
    },
    {
      "type": "Feature",
      "geometry": {
        "type": "Point",
        "coordinates": [
          89.6175507,
          24.0774652
        ]
      },
      "properties": {
        "addr:city": "Bera",
        "addr:postcode": "6680",
        "addr:street": "Haspital Road",
        "amenity": "clinic",
        "healthcare": "clinic",
        "healthcare:speciality": "general;internal;dentist;surgery",
        "name": "Chowdhury Clinic",
        "opening_hours": "24/7"
      }
    },
    {
      "type": "Feature",
      "geometry": {
        "type": "Point",
        "coordinates": [
          89.6153469,
          24.0758947
        ]
      },
      "properties": {
        "addr:city": "Bera",
        "addr:postcode": "6680",
        "addr:street": "Haspital Road",
        "amenity": "clinic",
        "healthcare": "clinic",
        "healthcare:speciality": "general;surgery;orthopaedics",
        "name": "Al Arabi General Hospital",
        "opening_hours": "24/7"
      }
    },
    {
      "type": "Feature",
      "geometry": {
        "type": "Point",
        "coordinates": [
          89.6153093,
          24.0755295
        ]
      },
      "properties": {
        "addr:city": "Bera",
        "addr:postcode": "6680",
        "addr:street": "Haspital Road",
        "amenity": "clinic",
        "healthcare": "clinic",
        "healthcare:speciality": "general;orthopaedics;surgery",
        "name": "Mridula Clinic",
        "opening_hours": "24/7"
      }
    },
    {
      "type": "Feature",
      "geometry": {
        "type": "Point",
        "coordinates": [
          89.6165461,
          24.0774824
        ]
      },
      "properties": {
        "addr:city": "Bera",
        "addr:postcode": "6680",
        "addr:street": "Haspital Road",
        "amenity": "clinic",
        "healthcare": "clinic",
        "healthcare:speciality": "general;urology",
        "name": "The Popular Diagonostic center and clinic",
        "opening_hours": "24/7"
      }
    },
    {
      "type": "Feature",
      "geometry": {
        "type": "Point",
        "coordinates": [
          89.6101082,
          24.0750985
        ]
      },
      "properties": {
        "addr:city": "Bera",
        "addr:postcode": "6680",
        "addr:street": "Dhaka - Pabna Hwy",
        "amenity": "clinic",
        "healthcare": "clinic",
        "healthcare:speciality": "general;orthopaedics;dentist;x-ray;ultrasonography",
        "name": "Nurunnahar Diogonostic Center",
        "opening_hours": "24/7"
      }
    },
    {
      "type": "Feature",
      "geometry": {
        "type": "Point",
        "coordinates": [
          88.7599456,
          25.0400989
        ]
      },
      "properties": {
        "addr:city": "Nazipur, Patnitala, Naogaon",
        "addr:postcode": "6540",
        "amenity": "clinic",
        "healthcare": "clinic",
        "healthcare:speciality": "general;clinic",
        "name": "\u09aa\u09a6\u09cd\u09ae\u09be \u0995\u09cd\u09b2\u09bf\u09a8\u09bf\u0995 \u098f\u09a8\u09cd\u09a1 \u09aa\u09a6\u09cd\u09ae\u09be \u09a1\u09be\u09af\u09bc\u09be\u0997\u09a8\u09b8\u09cd\u099f\u09bf\u0995 \u09b8\u09c7\u09a8\u09cd\u099f\u09be\u09b0",
        "name:en": "Padma Clinic and Padma Diagnostic Center"
      }
    },
    {
      "type": "Feature",
      "geometry": {
        "type": "Point",
        "coordinates": [
          88.760964,
          25.0412078
        ]
      },
      "properties": {
        "addr:city": "Nazipur, Patnitala, Naogaon",
        "addr:postcode": "6540",
        "amenity": "clinic",
        "healthcare": "clinic",
        "healthcare:speciality": "general",
        "name": "The Square Diagnostic Center",
        "name:bn": "\u09a6\u09bf \u09b8\u09cd\u0995\u09df\u09be\u09b0 \u09a1\u09be\u09df\u09be\u0997\u09a8\u09b8\u09cd\u099f\u09bf\u0995 \u09b8\u09c7\u09a8\u09cd\u099f\u09be\u09b0"
      }
    },
    {
      "type": "Feature",
      "geometry": {
        "type": "Point",
        "coordinates": [
          88.7599962,
          25.0402418
        ]
      },
      "properties": {
        "addr:city": "Nazipur, Patnitala, Naogaon",
        "addr:postcode": "6540",
        "amenity": "clinic",
        "healthcare": "clinic",
        "healthcare:speciality": "general",
        "name": "Holy Diagnostic Center"
      }
    },
    {
      "type": "Feature",
      "geometry": {
        "type": "Point",
        "coordinates": [
          88.7599653,
          25.0407818
        ]
      },
      "properties": {
        "addr:city": "Nazipur, Patnitala, Naogaon",
        "addr:postcode": "6540",
        "amenity": "clinic",
        "healthcare": "clinic",
        "healthcare:speciality": "general",
        "name": "\u09aa\u09aa\u09c1\u09b2\u09be\u09b0 \u09a1\u09be\u09af\u09bc\u09be\u0997\u09a8\u09b8\u09cd\u099f\u09bf\u0995 \u098f\u09a8\u09cd\u09a1 \u0995\u09a8\u09b8\u09be\u09b2\u099f\u09c7\u09b6\u09a8 \u09b8\u09c7\u09a8\u09cd\u099f\u09be\u09b0"
      }
    },
    {
      "type": "Feature",
      "geometry": {
        "type": "Point",
        "coordinates": [
          90.7031207,
          24.1401563
        ]
      },
      "properties": {
        "amenity": "hospital",
        "name": "Taj Hospital"
      }
    },
    {
      "type": "Feature",
      "geometry": {
        "type": "Point",
        "coordinates": [
          90.4191119,
          23.7023917
        ]
      },
      "properties": {
        "amenity": "hospital",
        "name:en": "Capital General Hospital"
      }
    },
    {
      "type": "Feature",
      "geometry": {
        "type": "Point",
        "coordinates": [
          92.3706032,
          24.8607814
        ]
      },
      "properties": {
        "addr:district": "Karimganj",
        "addr:full": "Railway Colony",
        "addr:postcode": "788710",
        "addr:state": "Assam",
        "amenity": "hospital",
        "name": "Railway Hospital",
        "source": "Local Knowledge"
      }
    },
    {
      "type": "Feature",
      "geometry": {
        "type": "Point",
        "coordinates": [
          92.3629,
          24.869115
        ]
      },
      "properties": {
        "addr:district": "Karimganj",
        "addr:full": "Main Road, Karimganj",
        "addr:postcode": "788710",
        "addr:state": "Assam",
        "amenity": "clinic",
        "name": "Arogya Niketan",
        "source": "Local Knowledge"
      }
    },
    {
      "type": "Feature",
      "geometry": {
        "type": "Point",
        "coordinates": [
          92.368921,
          24.8573379
        ]
      },
      "properties": {
        "addr:district": "Karimganj",
        "addr:full": "Kanishail",
        "addr:postcode": "788710",
        "addr:state": "Assam",
        "amenity": "hospital",
        "name": "New Life Line Hospital",
        "source": "Local Knowledge"
      }
    },
    {
      "type": "Feature",
      "geometry": {
        "type": "Point",
        "coordinates": [
          92.3649507,
          24.8680157
        ]
      },
      "properties": {
        "addr:district": "Karimganj",
        "addr:full": "Rc Das Road, Karimganj",
        "addr:postcode": "788710",
        "addr:state": "Assam",
        "amenity": "clinic",
        "name": "Dr. Subhasish's Diabetes Clinic",
        "source": "Local Knowledge"
      }
    },
    {
      "type": "Feature",
      "geometry": {
        "type": "Point",
        "coordinates": [
          92.3591784,
          24.8649516
        ]
      },
      "properties": {
        "addr:district": "Karimganj",
        "addr:full": "Hospital Road, W/No-17, H No-164, Gauhati, Karimganj",
        "addr:postcode": "788710",
        "addr:state": "Assam",
        "amenity": "clinic",
        "name": "Apollo Diagnostics",
        "source": "Local Knowledge"
      }
    },
    {
      "type": "Feature",
      "geometry": {
        "type": "Point",
        "coordinates": [
          92.3699007,
          24.8620579
        ]
      },
      "properties": {
        "addr:district": "Karimganj",
        "addr:full": "Shillong - Agartala - Sabrum Road, Karimganj",
        "addr:postcode": "788710",
        "addr:state": "Assam",
        "amenity": "hospital",
        "name": "Ashirwad Hospital",
        "source": "Local Knowledge"
      }
    },
    {
      "type": "Feature",
      "geometry": {
        "type": "Point",
        "coordinates": [
          92.3679055,
          24.864506
        ]
      },
      "properties": {
        "addr:district": "Karimganj",
        "addr:full": "Subhash Nagar Road, Karimganj",
        "addr:postcode": "788710",
        "addr:state": "Assam",
        "amenity": "clinic",
        "name": "Joy Bijoy Diagnostics",
        "source": "Local Knowledge"
      }
    },
    {
      "type": "Feature",
      "geometry": {
        "type": "Point",
        "coordinates": [
          92.3632535,
          24.8674243
        ]
      },
      "properties": {
        "addr:district": "Karimganj",
        "addr:full": "Karimganj",
        "addr:postcode": "788710",
        "addr:state": "Assam",
        "amenity": "clinic",
        "name": "Shovana Clinic",
        "source": "Local Knowledge"
      }
    },
    {
      "type": "Feature",
      "geometry": {
        "type": "Point",
        "coordinates": [
          92.371854,
          24.871633
        ]
      },
      "properties": {
        "addr:district": "Karimganj",
        "addr:full": "Charbazar Police Station, Das Patty, Karimganj",
        "addr:postcode": "788710",
        "addr:state": "Assam",
        "amenity": "hospital",
        "name": "Urban Hospital",
        "source": "Local Knowledge"
      }
    },
    {
      "type": "Feature",
      "geometry": {
        "type": "Point",
        "coordinates": [
          92.3599259,
          24.871251
        ]
      },
      "properties": {
        "addr:district": "Karimganj",
        "addr:full": "Shahid Sarani, Settlement Road",
        "addr:postcode": "788710",
        "addr:state": "Assam",
        "amenity": "hospital",
        "name": "IMS Hospital",
        "source": "Local Knowledge"
      }
    },
    {
      "type": "Feature",
      "geometry": {
        "type": "Point",
        "coordinates": [
          92.362293,
          24.8680876
        ]
      },
      "properties": {
        "addr:district": "Karimganj",
        "addr:full": "Hospital Road, Karimganj",
        "addr:postcode": "788710",
        "addr:state": "Assam",
        "amenity": "hospital",
        "name": "Mother & Child Health Wing,Civil Hospital",
        "source": "Local Knowledge"
      }
    },
    {
      "type": "Feature",
      "geometry": {
        "type": "Point",
        "coordinates": [
          92.361076,
          24.8702
        ]
      },
      "properties": {
        "addr:district": "Karimganj",
        "addr:full": "Shambhu Sagar Road, Karimganj",
        "addr:postcode": "788710",
        "addr:state": "Assam",
        "amenity": "clinic",
        "name": "North East Diagnostic & Research Centre",
        "source": "Local Knowledge"
      }
    },
    {
      "type": "Feature",
      "geometry": {
        "type": "Point",
        "coordinates": [
          92.3583703,
          24.8694259
        ]
      },
      "properties": {
        "addr:district": "Karimganj",
        "addr:full": "Karimganj Town",
        "addr:postcode": "788710",
        "addr:state": "Assam",
        "amenity": "hospital",
        "name": "Red Cross Hospital, Karimganj",
        "source": "Local Knowledge"
      }
    },
    {
      "type": "Feature",
      "geometry": {
        "type": "Point",
        "coordinates": [
          92.3624667,
          24.8677918
        ]
      },
      "properties": {
        "addr:district": "Karimganj",
        "addr:full": "Hospital Road, Karimganj",
        "addr:postcode": "788710",
        "addr:state": "Assam",
        "amenity": "hospital",
        "name": "North Karimganj New Hospital",
        "source": "Local Knowledge"
      }
    },
    {
      "type": "Feature",
      "geometry": {
        "type": "Point",
        "coordinates": [
          92.3558281,
          24.8723472
        ]
      },
      "properties": {
        "addr:district": "Karimganj",
        "addr:full": "Lokkhi Bazar Road, Karimganj",
        "addr:postcode": "788710",
        "addr:state": "Assam",
        "amenity": "clinic",
        "name": "Dr. N Chackraborty' S Clinic",
        "source": "Local Knowledge"
      }
    },
    {
      "type": "Feature",
      "geometry": {
        "type": "Point",
        "coordinates": [
          92.3499353,
          24.8668952
        ]
      },
      "properties": {
        "addr:district": "Karimganj",
        "addr:full": "NH37, Karimganj",
        "addr:postcode": "788710",
        "addr:state": "Assam",
        "amenity": "clinic",
        "name": "Ankur Diagnostics",
        "source": "Local Knowledge"
      }
    },
    {
      "type": "Feature",
      "geometry": {
        "type": "Point",
        "coordinates": [
          90.7325735,
          24.0372456
        ]
      },
      "properties": {
        "addr:postcode": "1620",
        "amenity": "hospital",
        "emergency": "yes",
        "healthcare": "hospital",
        "healthcare:speciality": "general",
        "name": "Shibpur Upazila Health Complex",
        "name:bn": "\u09b6\u09bf\u09ac\u09aa\u09c1\u09b0 \u09b8\u09b0\u0995\u09be\u09b0\u09bf \u09b9\u09be\u09b8\u09aa\u09be\u09a4\u09be\u09b2",
        "phone": "+8801730324538",
        "source": "local knowledge",
        "website": "https://dghs.gov.bd/"
      }
    },
    {
      "type": "Feature",
      "geometry": {
        "type": "Point",
        "coordinates": [
          88.9384476,
          24.8229356
        ]
      },
      "properties": {
        "amenity": "hospital",
        "emergency": "yes",
        "healthcare": "hospital",
        "name": "Adhunik Sadar Hospital Naogaon"
      }
    },
    {
      "type": "Feature",
      "geometry": {
        "type": "Point",
        "coordinates": [
          91.1987344,
          23.1257718
        ]
      },
      "properties": {
        "amenity": "clinic",
        "healthcare": "clinic",
        "name": "Shreehashy Community Clinic"
      }
    },
    {
      "type": "Feature",
      "geometry": {
        "type": "Point",
        "coordinates": [
          90.4488605,
          23.7025742
        ]
      },
      "properties": {
        "addr:city": "Dhaka",
        "addr:postcode": "1236",
        "addr:street": "\u09a6\u09a8\u09bf\u09af\u09bc\u09be \u09b0\u09cb\u09a1",
        "amenity": "hospital",
        "healthcare": "hospital",
        "healthcare:speciality": "general",
        "name": "\u09a6\u09c7\u09b6\u09ac\u09be\u0982\u09b2\u09be \u09b9\u09b8\u09aa\u09bf\u099f\u09be\u09b2 \u0985\u09cd\u09af\u09be\u09a8\u09cd\u09a1 \u09a1\u09be\u09af\u09bc\u09be\u0997\u09a8\u09cb\u09b7\u09cd\u099f\u09bf\u0995 \u09b8\u09c7\u09a8\u09cd\u099f\u09be\u09b0",
        "name:en": "Deshbangla Hospital and Diagnostic Centre"
      }
    },
    {
      "type": "Feature",
      "geometry": {
        "type": "Point",
        "coordinates": [
          90.4251382,
          23.7882314
        ]
      },
      "properties": {
        "amenity": "clinic",
        "healthcare": "clinic",
        "name": "Popular Diagnostic Center Ltd."
      }
    },
    {
      "type": "Feature",
      "geometry": {
        "type": "Point",
        "coordinates": [
          91.8627785,
          24.8955822
        ]
      },
      "properties": {
        "amenity": "clinic",
        "healthcare": "clinic",
        "name": "Aysha Medicare"
      }
    },
    {
      "type": "Feature",
      "geometry": {
        "type": "Point",
        "coordinates": [
          89.6895087,
          25.9647602
        ]
      },
      "properties": {
        "addr:city": "Nageswari,Kurigram",
        "addr:housenumber": "04 no. word",
        "addr:postcode": "5660",
        "addr:street": "Nageswari to Newashi Road",
        "amenity": "hospital",
        "emergency": "yes",
        "healthcare": "hospital",
        "healthcare:speciality": "general;clinic",
        "name": "Nageswari Upazila Health Complex",
        "operator": "Bangladesh Government",
        "operator:type": "government"
      }
    },
    {
      "type": "Feature",
      "geometry": {
        "type": "Point",
        "coordinates": [
          89.7228389,
          23.2378003
        ]
      },
      "properties": {
        "addr:street": "Kashiani Hospital Road",
        "amenity": "hospital",
        "name": "\u0995\u09be\u09b6\u09bf\u09df\u09be\u09a8\u09c0 \u09e7\u09e6\u09e6 \u09b6\u09af\u09cd\u09af\u09be \u09b9\u09be\u09b8\u09aa\u09be\u09a4\u09be\u09b2"
      }
    },
    {
      "type": "Feature",
      "geometry": {
        "type": "Point",
        "coordinates": [
          89.9449522,
          24.9198859
        ]
      },
      "properties": {
        "addr:city": "Jamalpur Sadar (\u099c\u09be\u09ae\u09be\u09b2\u09aa\u09c1\u09b0 \u09b8\u09a6\u09b0)",
        "addr:housenumber": "South Kacharipara (\u09a6\u0995\u09cd\u09b7\u09bf\u09a3 \u0995\u09be\u099a\u09be\u09b0\u09c0\u09aa\u09be\u09a1\u09bc\u09be)",
        "addr:postcode": "2000 (\u09e8\u09e6\u09e6\u09e6)",
        "addr:street": "New College Road (\u09a8\u09bf\u0989 \u0995\u09b2\u09c7\u099c \u09b0\u09cb\u09a1)",
        "amenity": "clinic",
        "emergency": "no",
        "healthcare": "clinic",
        "healthcare:speciality": "dentist",
        "name": "Ruma Dental Care (\u09b0\u09c1\u09ae\u09be \u09a1\u09c7\u09a8\u09cd\u099f\u09be\u09b2 \u0995\u09c7\u09af\u09bc\u09be\u09b0)",
        "operator": "Dr. MD. Jaman (\u09a1\u09be\u0983 \u09ae\u09cb\u0983 \u099c\u09be\u09ae\u09be\u09a8)",
        "operator:type": "private"
      }
    },
    {
      "type": "Feature",
      "geometry": {
        "type": "Point",
        "coordinates": [
          91.7656209,
          24.4770905
        ]
      },
      "properties": {
        "addr:city": "Moulvibazar",
        "addr:postcode": "3200",
        "addr:street": "Dhaka - Moulvibazar Highway",
        "amenity": "hospital",
        "emergency": "yes",
        "healthcare": "hospital",
        "healthcare:speciality": "general;blood_check",
        "name": "Mamun Private Hospital"
      }
    },
    {
      "type": "Feature",
      "geometry": {
        "type": "Point",
        "coordinates": [
          88.581049,
          24.3719485
        ]
      },
      "properties": {
        "amenity": "hospital",
        "name:en": "Royal digonestice"
      }
    },
    {
      "type": "Feature",
      "geometry": {
        "type": "Point",
        "coordinates": [
          90.9823766,
          23.3447744
        ]
      },
      "properties": {
        "amenity": "hospital",
        "healthcare": "hospital",
        "name": "Gausia Medical Center"
      }
    },
    {
      "type": "Feature",
      "geometry": {
        "type": "Point",
        "coordinates": [
          91.0627069,
          23.3746983
        ]
      },
      "properties": {
        "amenity": "hospital",
        "healthcare": "hospital",
        "name": "Fair Hospital"
      }
    },
    {
      "type": "Feature",
      "geometry": {
        "type": "Point",
        "coordinates": [
          88.8595025,
          25.9306588
        ]
      },
      "properties": {
        "addr:city": "Nilphamari",
        "addr:street": "Dewan Alamgir Marshal Sarani",
        "amenity": "hospital",
        "health_facility:type": "office",
        "healthcare": "hospital",
        "name": "Nilphamari Diabetes Hospital"
      }
    },
    {
      "type": "Feature",
      "geometry": {
        "type": "Point",
        "coordinates": [
          91.4137366,
          24.3723066
        ]
      },
      "properties": {
        "addr:street": "Court Station Road",
        "amenity": "hospital",
        "name": "The Lab Aid  Hospital",
        "phone": "01710662996"
      }
    },
    {
      "type": "Feature",
      "geometry": {
        "type": "Point",
        "coordinates": [
          91.41222,
          24.3705763
        ]
      },
      "properties": {
        "addr:street": "Court Station Rd.",
        "amenity": "hospital",
        "name": "Jaspus Habiganj Adhunik Eye Hospital"
      }
    },
    {
      "type": "Feature",
      "geometry": {
        "type": "Point",
        "coordinates": [
          91.4123932,
          24.371135
        ]
      },
      "properties": {
        "addr:street": "Court Station Rd.",
        "amenity": "hospital",
        "name": "Habiganj Hospital Pvt. Ltd."
      }
    },
    {
      "type": "Feature",
      "geometry": {
        "type": "Point",
        "coordinates": [
          91.4129221,
          24.3809267
        ]
      },
      "properties": {
        "addr:street": "Tinkuna Pukur Par Rd.",
        "amenity": "clinic",
        "name": "Central Hospital & Diagnostic Centre"
      }
    },
    {
      "type": "Feature",
      "geometry": {
        "type": "Point",
        "coordinates": [
          91.4156923,
          24.3765644
        ]
      },
      "properties": {
        "addr:street": "Old Hospital Rd.",
        "amenity": "clinic",
        "name": "The National Diagnostic Center",
        "phone": "+8801754844429"
      }
    },
    {
      "type": "Feature",
      "geometry": {
        "type": "Point",
        "coordinates": [
          91.4156182,
          24.3766937
        ]
      },
      "properties": {
        "addr:street": "Old Hospital Rd.",
        "amenity": "clinic",
        "name": "Moon Diagnostic Centre"
      }
    },
    {
      "type": "Feature",
      "geometry": {
        "type": "Point",
        "coordinates": [
          88.8511916,
          25.9360085
        ]
      },
      "properties": {
        "addr:city": "Nilphamari",
        "addr:street": "\u09a8\u09c0\u09b2\u09ab\u09be\u09ae\u09be\u09b0\u09c0 - \u09a1\u09cb\u09ae\u09be\u09b0 \u09ae\u09b9\u09be\u09b8\u09a1\u09bc\u0995",
        "amenity": "hospital",
        "healthcare": "hospital",
        "name": "Nagorik Hospital"
      }
    },
    {
      "type": "Feature",
      "geometry": {
        "type": "Point",
        "coordinates": [
          90.3657785,
          23.8182925
        ]
      },
      "properties": {
        "addr:city": "Dhaka",
        "addr:housenumber": "Plot-23",
        "addr:postcode": "1216",
        "addr:street": "Road 3",
        "amenity": "hospital",
        "description": "Unique Pain and Paralysis Centre (UPPC), the centre of excellence in neuro-musculoskeletal pain management and rehabilitation to child and adult at all ages group. UPPC has established by a group of the world renowned CRP\u2019s (Centre for the Rehabilitation",
        "email": "uppc.bd@gmail.com",
        "emergency": "yes",
        "healthcare": "hospital",
        "healthcare:speciality": "physiotherapy",
        "image": "https://www.uppc-bd.org/wp-content/uploads/2019/08/12.jpg",
        "name": "Unique Pain & Paralysis Centre",
        "operator": "Dr.Faruqul Islam, Dr. Mukhlesur Rahman(Mukul), Dr. A.K.M Minarul Tawhid",
        "operator:type": "private",
        "phone": "+8801768377442",
        "source": "Physio Therapy;Pain Releif Center;Physio Therapist",
        "website": "https://www.uppc-bd.org",
        "wheelchair": "yes"
      }
    },
    {
      "type": "Feature",
      "geometry": {
        "type": "Point",
        "coordinates": [
          90.3681971,
          23.8093239
        ]
      },
      "properties": {
        "amenity": "hospital",
        "healthcare": "hospital",
        "name": "Mirpur Eye Hospital"
      }
    },
    {
      "type": "Feature",
      "geometry": {
        "type": "Point",
        "coordinates": [
          90.368216,
          23.8093315
        ]
      },
      "properties": {
        "amenity": "clinic",
        "name": "Al Hera Diagnostic Pvt. Ltd"
      }
    },
    {
      "type": "Feature",
      "geometry": {
        "type": "Point",
        "coordinates": [
          90.3712722,
          23.8067582
        ]
      },
      "properties": {
        "amenity": "hospital",
        "healthcare": "hospital",
        "name": "Save on Healthcare"
      }
    },
    {
      "type": "Feature",
      "geometry": {
        "type": "Point",
        "coordinates": [
          90.4302238,
          23.8128942
        ]
      },
      "properties": {
        "addr:city": "Dhaka",
        "addr:housenumber": "25",
        "addr:postcode": "1229",
        "addr:street": "\u0986\u09b2 \u09b9\u09be\u099c\u09cd\u099c \u0986\u09ac\u09a6\u09c1\u09b8 \u09b8\u09cb\u09ac\u09b9\u09be\u09a8 \u09b8\u09a1\u09bc\u0995",
        "amenity": "hospital",
        "description": "Dentist's Office",
        "email": "24x7@toothfairybd.org",
        "emergency": "yes",
        "healthcare": "hospital",
        "healthcare:speciality": "dentist;dental_oral_maxillo_facial_surgery;dentistry;paediatric_dentistry",
        "internet_access": "wlan",
        "name": "Tooth Fairy",
        "operator": "Dr. Alvee Rahman",
        "operator:type": "private"
      }
    },
    {
      "type": "Feature",
      "geometry": {
        "type": "Point",
        "coordinates": [
          90.4247477,
          23.7103834
        ]
      },
      "properties": {
        "amenity": "hospital",
        "healthcare": "hospital",
        "name:en": "Ibn Sina Diagnostic Lab and Consultation Centre"
      }
    },
    {
      "type": "Feature",
      "geometry": {
        "type": "Point",
        "coordinates": [
          88.6293333,
          25.6284712
        ]
      },
      "properties": {
        "addr:city": "Dinajpur",
        "addr:housenumber": "Life Care Hospital, Paharpur, Dinajpur Sadar",
        "addr:postcode": "5200",
        "addr:street": "paharpur",
        "amenity": "hospital",
        "description": "Life Care Hospital, Paharpur, Dinajpur Maternity Clinic Dr. Momtaz Begum Poly",
        "emergency": "yes",
        "healthcare": "hospital",
        "healthcare:speciality": "gynaecology;Obstetrics;general;surgery",
        "name": "Life Care Hospital",
        "operator": "Life Care Hospital",
        "operator:type": "private"
      }
    },
    {
      "type": "Feature",
      "geometry": {
        "type": "Point",
        "coordinates": [
          91.0971362,
          22.875434
        ]
      },
      "properties": {
        "addr:city": "Maijdee, Noakhali",
        "addr:postcode": "3800",
        "addr:street": "Anowar tower, Near Notun bus stand, Mail road",
        "amenity": "hospital",
        "healthcare": "hospital",
        "healthcare:speciality": "general;endocrinology;diabetes;ophthalmology;dermatology;orthopaedics;paediatrics;gynaecology;otolaryngology;internal;radiology;urology;surgery;cardiology;neurology;plastic_surgery;nephrology;gastroenterology;Hepatology",
        "name": "Popular Diagnostic center",
        "operator": "Popular",
        "operator:type": "private"
      }
    },
    {
      "type": "Feature",
      "geometry": {
        "type": "Point",
        "coordinates": [
          91.0894675,
          22.8715571
        ]
      },
      "properties": {
        "addr:city": "Noakhali",
        "addr:postcode": "3800",
        "addr:street": "Central road, Housing estate, Maijdee",
        "amenity": "hospital",
        "healthcare": "hospital",
        "healthcare:speciality": "general;gynaecology;ophthalmology;paediatrics;dentist;endocrinology;diabetes;neurology;urology;surgery;gastroenterology;hepatology;cardiology;internal",
        "name": "Maa O Shishu Hospital Pvt."
      }
    },
    {
      "type": "Feature",
      "geometry": {
        "type": "Point",
        "coordinates": [
          90.4362531,
          23.7625549
        ]
      },
      "properties": {
        "addr:city": "Dhaka",
        "addr:housenumber": "15-19, Block-E",
        "addr:postcode": "1219",
        "addr:street": "Rampura-Banasree Road",
        "amenity": "hospital",
        "email": "farazyhospital@gmail.com",
        "healthcare": "hospital",
        "healthcare:speciality": "general",
        "name": "Farazy Hospital Ltd",
        "name:bn": "\u09ab\u09b0\u09be\u099c\u09c0 \u09b9\u09b8\u09aa\u09bf\u099f\u09be\u09b2 \u09b2\u09bf\u0983",
        "name:en": "Farazy Hospital Ltd"
      }
    },
    {
      "type": "Feature",
      "geometry": {
        "type": "Point",
        "coordinates": [
          90.4121591,
          23.7864509
        ]
      },
      "properties": {
        "amenity": "clinic",
        "health_facility:type": "clinic",
        "healthcare": "clinic",
        "name": "Banggobondu Community Clinic/Autisom Centre"
      }
    },
    {
      "type": "Feature",
      "geometry": {
        "type": "Point",
        "coordinates": [
          90.4094727,
          23.7836038
        ]
      },
      "properties": {
        "amenity": "clinic",
        "health_facility:type": "clinic",
        "healthcare": "clinic",
        "name": "MomotWorldwide Hospice Palliative Care Alliance (WHPCA)"
      }
    },
    {
      "type": "Feature",
      "geometry": {
        "type": "Point",
        "coordinates": [
          89.8363497,
          23.2725528
        ]
      },
      "properties": {
        "addr:city": "Muksudpur",
        "addr:postcode": "8140",
        "addr:street": "\u09ac\u099f\u09a4\u09b2\u09be - \u09b2\u09b8\u09cd\u0995\u09b0 \u09a6\u09bf\u0998\u09c0\u09b0\u09aa\u09be\u09a1\u09bc",
        "amenity": "clinic",
        "healthcare": "clinic",
        "healthcare:speciality": "general",
        "name": "Laskar Dighirpar Community Clinic"
      }
    },
    {
      "type": "Feature",
      "geometry": {
        "type": "Point",
        "coordinates": [
          90.2065303,
          23.1701964
        ]
      },
      "properties": {
        "amenity": "hospital",
        "emergency": "yes",
        "healthcare": "hospital",
        "name": "Niramoy Hospital \u09a8\u09bf\u09b0\u09be\u09ae\u09af\u09bc \u09b9\u09be\u09b8\u09aa\u09be\u09a4\u09be\u09b2"
      }
    },
    {
      "type": "Feature",
      "geometry": {
        "type": "Point",
        "coordinates": [
          90.2100596,
          23.1650997
        ]
      },
      "properties": {
        "amenity": "hospital",
        "emergency": "yes",
        "healthcare": "hospital",
        "name": "Chowdhury Clinic \u099a\u09cc\u09a7\u09c1\u09b0\u09bf \u0995\u09cd\u09b2\u09bf\u09a8\u09bf\u0995"
      }
    },
    {
      "type": "Feature",
      "geometry": {
        "type": "Point",
        "coordinates": [
          91.0725332,
          22.1884251
        ]
      },
      "properties": {
        "amenity": "clinic",
        "name": "\u0995\u09ae\u09bf\u0989\u09a8\u09bf\u099f\u09bf \u0995\u09cd\u09b2\u09bf\u09a8\u09bf\u0995"
      }
    },
    {
      "type": "Feature",
      "geometry": {
        "type": "Point",
        "coordinates": [
          91.141475,
          22.3001375
        ]
      },
      "properties": {
        "amenity": "clinic",
        "name": "Haji Abdul Latif Community Clinic"
      }
    },
    {
      "type": "Feature",
      "geometry": {
        "type": "Point",
        "coordinates": [
          90.7018419,
          23.9277422
        ]
      },
      "properties": {
        "addr:city": "Narsingdi",
        "addr:housenumber": "254 Humayun Kabir Tower",
        "addr:postcode": "1600",
        "addr:street": "Dhaka-Sylhet Highway",
        "amenity": "hospital",
        "email": "holly.d.care@gmail.com",
        "healthcare": "hospital",
        "healthcare:speciality": "dentist",
        "internet_access": "wlan",
        "internet_access:fee": "customers",
        "name": "Holly Dental Care",
        "operator": "Tawhidul Islam Tawhid",
        "operator:type": "private",
        "phone": "+8801971844267",
        "start_date": "2018-01-01"
      }
    },
    {
      "type": "Feature",
      "geometry": {
        "type": "Point",
        "coordinates": [
          90.7018607,
          23.9278126
        ]
      },
      "properties": {
        "addr:city": "Narsingdi",
        "addr:postcode": "1600",
        "addr:street": "Dhaka-Sylhet Highway",
        "amenity": "hospital",
        "healthcare": "hospital",
        "healthcare:speciality": "general;gynaecology;paediatrics;orthopaedics;dermatology;radiology;surgery;cardiology;internal",
        "name": "Hazrat Sahjalal General Hospital",
        "phone": "+8801712849124"
      }
    },
    {
      "type": "Feature",
      "geometry": {
        "type": "Point",
        "coordinates": [
          88.990497,
          25.3900955
        ]
      },
      "properties": {
        "amenity": "clinic",
        "opening_hours": "Sa-Fr 08:00-20:00"
      }
    },
    {
      "type": "Feature",
      "geometry": {
        "type": "Point",
        "coordinates": [
          88.9905594,
          25.3893783
        ]
      },
      "properties": {
        "amenity": "clinic"
      }
    },
    {
      "type": "Feature",
      "geometry": {
        "type": "Point",
        "coordinates": [
          88.9894281,
          25.3882182
        ]
      },
      "properties": {
        "amenity": "clinic",
        "name": "Diabetes Hospital"
      }
    },
    {
      "type": "Feature",
      "geometry": {
        "type": "Point",
        "coordinates": [
          88.9886389,
          25.3852606
        ]
      },
      "properties": {
        "amenity": "clinic",
        "name:bn": "\u09a1\u09be\u0983 \u0987\u09ae\u09be\u09b0 \u0989\u09a6\u09cd\u09a6\u09bf\u09a8 \u0995\u09ae\u09bf\u0989\u09a8\u09bf\u099f\u09bf \u09b9\u09be\u09b8\u09aa\u09be\u09a4\u09be\u09b2 \u0993 \u09a1\u09be\u09af\u09bc\u09be\u0997\u09a8\u09b7\u09cd\u099f\u09bf\u0995 \u09b8\u09c7\u09a8\u09cd\u099f\u09be\u09b0"
      }
    },
    {
      "type": "Feature",
      "geometry": {
        "type": "Point",
        "coordinates": [
          90.2576966,
          23.838888
        ]
      },
      "properties": {
        "amenity": "clinic",
        "healthcare": "clinic",
        "name": "Savar Specialized Hospital"
      }
    },
    {
      "type": "Feature",
      "geometry": {
        "type": "Point",
        "coordinates": [
          88.988826,
          25.3961708
        ]
      },
      "properties": {
        "amenity": "clinic"
      }
    },
    {
      "type": "Feature",
      "geometry": {
        "type": "Point",
        "coordinates": [
          88.9893571,
          25.3949205
        ]
      },
      "properties": {
        "amenity": "clinic"
      }
    },
    {
      "type": "Feature",
      "geometry": {
        "type": "Point",
        "coordinates": [
          90.4156462,
          23.7336486
        ]
      },
      "properties": {
        "addr:street": "Fakirapool Road",
        "amenity": "clinic",
        "name": "Al Maha Diagnostic Center & Medical Center",
        "opening_hours": "24/7"
      }
    },
    {
      "type": "Feature",
      "geometry": {
        "type": "Point",
        "coordinates": [
          90.4158501,
          23.7339946
        ]
      },
      "properties": {
        "addr:street": "Fakirapool Road",
        "amenity": "clinic",
        "name": "Best Diagnostic & Medical Center",
        "opening_hours": "24/7"
      }
    },
    {
      "type": "Feature",
      "geometry": {
        "type": "Point",
        "coordinates": [
          90.4154924,
          23.7334441
        ]
      },
      "properties": {
        "addr:street": "Fakirapool Road",
        "amenity": "clinic",
        "name": "Desh Diagnostic & Medical Centre",
        "opening_hours": "Mo-Su 08:00-22:00"
      }
    },
    {
      "type": "Feature",
      "geometry": {
        "type": "Point",
        "coordinates": [
          90.4158859,
          23.7340986
        ]
      },
      "properties": {
        "addr:street": "Fakirapool Road",
        "amenity": "clinic",
        "name": "The Ideal Diagnostic & Medical",
        "opening_hours": "24/7"
      }
    },
    {
      "type": "Feature",
      "geometry": {
        "type": "Point",
        "coordinates": [
          90.412971,
          23.7325875
        ]
      },
      "properties": {
        "addr:street": "Naya Paltan Box Culvert Road",
        "amenity": "clinic",
        "name": "Bangladesh Diagnostic & Medical Centre",
        "opening_hours": "Mo-Su 07:00-12:00"
      }
    },
    {
      "type": "Feature",
      "geometry": {
        "type": "Point",
        "coordinates": [
          90.4142554,
          23.7320559
        ]
      },
      "properties": {
        "addr:street": "Fakirapool Road",
        "amenity": "clinic",
        "name": "Medi Care Diagnostic & Consultations Centre",
        "opening_hours": "Mo-Su 07:00-12:00"
      }
    },
    {
      "type": "Feature",
      "geometry": {
        "type": "Point",
        "coordinates": [
          90.4150876,
          23.7324822
        ]
      },
      "properties": {
        "addr:street": "Fakirapool Road",
        "amenity": "clinic",
        "name": "Modern Diagnostic Centre Ltd",
        "opening_hours": "Mo-Su 07:00-23:00"
      }
    },
    {
      "type": "Feature",
      "geometry": {
        "type": "Point",
        "coordinates": [
          90.415065,
          23.7323036
        ]
      },
      "properties": {
        "addr:street": "Fakirapool Road",
        "amenity": "clinic",
        "name": "Euro Asia Diagnostic & Medical Centre",
        "opening_hours": "Mo-Su 07:00-23:00"
      }
    },
    {
      "type": "Feature",
      "geometry": {
        "type": "Point",
        "coordinates": [
          90.4171429,
          23.7348539
        ]
      },
      "properties": {
        "addr:housenumber": "1",
        "addr:street": "Outer Circular Road",
        "amenity": "clinic",
        "name": "Medicus Diagnostic & Medical Centre;Rahat Trade International",
        "shop": "trade"
      }
    },
    {
      "type": "Feature",
      "geometry": {
        "type": "Point",
        "coordinates": [
          90.4174311,
          23.7347592
        ]
      },
      "properties": {
        "addr:street": "Outer Circular Road",
        "amenity": "clinic",
        "name": "Asia Diagnostic & Medical Centre",
        "opening_hours": "Mo-Su 07:00-12:00"
      }
    },
    {
      "type": "Feature",
      "geometry": {
        "type": "Point",
        "coordinates": [
          90.4207383,
          23.7315753
        ]
      },
      "properties": {
        "addr:street": "Outer Circular Road",
        "amenity": "clinic",
        "name": "Ras Health Care",
        "opening_hours": "Mo-Su 09:00-22:00"
      }
    },
    {
      "type": "Feature",
      "geometry": {
        "type": "Point",
        "coordinates": [
          88.6458358,
          25.6194982
        ]
      },
      "properties": {
        "amenity": "clinic",
        "name:bn": "\u09ac\u09c7\u09b8\u09cd\u099f \u0995\u09c7\u09df\u09be\u09b0 \u09a1\u09be\u09df\u09be\u0997\u09a8\u09b8\u09cd\u099f\u09bf\u0995 \u09b8\u09c7\u09a8\u09cd\u099f\u09be\u09b0 \u098f\u09a8\u09cd\u09a1 \u09b9\u09b8\u09aa\u09bf\u099f\u09be\u09b2 \u09b2\u09bf\u0983"
      }
    },
    {
      "type": "Feature",
      "geometry": {
        "type": "Point",
        "coordinates": [
          88.6462516,
          25.6197522
        ]
      },
      "properties": {
        "addr:city": "dinajpur",
        "addr:postcode": "5200",
        "addr:street": "Bypass Rd",
        "amenity": "hospital",
        "emergency": "yes",
        "name": "Zia Heart Foundation Hospital & Recharch Institute",
        "operator": "Zia Heart Foundation",
        "phone": "+88053165735"
      }
    },
    {
      "type": "Feature",
      "geometry": {
        "type": "Point",
        "coordinates": [
          88.6483021,
          25.618607
        ]
      },
      "properties": {
        "amenity": "hospital",
        "name": "Health Care Pvt. Hospital"
      }
    },
    {
      "type": "Feature",
      "geometry": {
        "type": "Point",
        "coordinates": [
          88.6489995,
          25.6172393
        ]
      },
      "properties": {
        "amenity": "hospital",
        "name": "Islami Bank Community Hospital"
      }
    },
    {
      "type": "Feature",
      "geometry": {
        "type": "Point",
        "coordinates": [
          88.6414611,
          25.5818089
        ]
      },
      "properties": {
        "amenity": "clinic",
        "name": "Horihorpur Community Clinic"
      }
    },
    {
      "type": "Feature",
      "geometry": {
        "type": "Point",
        "coordinates": [
          89.7891834,
          22.6676906
        ]
      },
      "properties": {
        "amenity": "hospital",
        "healthcare": "hospital",
        "name": "Bokkhabadhi Hospital"
      }
    },
    {
      "type": "Feature",
      "geometry": {
        "type": "Point",
        "coordinates": [
          89.7909208,
          22.666195
        ]
      },
      "properties": {
        "amenity": "hospital",
        "healthcare": "hospital",
        "name": "Medimax diagnostic and consultation center"
      }
    },
    {
      "type": "Feature",
      "geometry": {
        "type": "Point",
        "coordinates": [
          89.7915184,
          22.6661849
        ]
      },
      "properties": {
        "amenity": "hospital",
        "healthcare": "hospital",
        "name": "Upazila Sastho Complex, Bagerhat"
      }
    },
    {
      "type": "Feature",
      "geometry": {
        "type": "Point",
        "coordinates": [
          89.7915818,
          22.6658579
        ]
      },
      "properties": {
        "amenity": "clinic",
        "healthcare": "clinic",
        "name": "Poli Clinic, Bagerhat"
      }
    },
    {
      "type": "Feature",
      "geometry": {
        "type": "Point",
        "coordinates": [
          89.7909345,
          22.6667772
        ]
      },
      "properties": {
        "amenity": "clinic",
        "healthcare": "clinic",
        "name": "Maxi Clinic, Bagerhat"
      }
    },
    {
      "type": "Feature",
      "geometry": {
        "type": "Point",
        "coordinates": [
          89.7885435,
          22.6643445
        ]
      },
      "properties": {
        "amenity": "hospital",
        "healthcare": "hospital",
        "name": "Syria Memorial Ma o Sisu General Hospital, Bagerhat"
      }
    },
    {
      "type": "Feature",
      "geometry": {
        "type": "Point",
        "coordinates": [
          89.7863465,
          22.6644208
        ]
      },
      "properties": {
        "amenity": "clinic",
        "healthcare": "alternative",
        "name": "Ramakrishna Mission Medical Center, Bagerhat"
      }
    },
    {
      "type": "Feature",
      "geometry": {
        "type": "Point",
        "coordinates": [
          89.7910761,
          22.6611643
        ]
      },
      "properties": {
        "amenity": "clinic",
        "healthcare": "clinic",
        "name": "Sirajul Islam Memorial Clinic, Bagerhat"
      }
    },
    {
      "type": "Feature",
      "geometry": {
        "type": "Point",
        "coordinates": [
          89.7949074,
          22.6606977
        ]
      },
      "properties": {
        "amenity": "hospital",
        "healthcare": "hospital",
        "name": "City Lab diagnostic and specialized consultation center"
      }
    },
    {
      "type": "Feature",
      "geometry": {
        "type": "Point",
        "coordinates": [
          89.2899597,
          22.3445557
        ]
      },
      "properties": {
        "amenity": "clinic",
        "healthcare": "clinic",
        "name": "Sundarban Nursing Home"
      }
    },
    {
      "type": "Feature",
      "geometry": {
        "type": "Point",
        "coordinates": [
          89.1002502,
          22.3439878
        ]
      },
      "properties": {
        "amenity": "clinic",
        "healthcare": "clinic",
        "name": "Modan Clinic"
      }
    },
    {
      "type": "Feature",
      "geometry": {
        "type": "Point",
        "coordinates": [
          89.7936137,
          22.6532018
        ]
      },
      "properties": {
        "amenity": "clinic",
        "healthcare": "clinic",
        "name": "Multi Clinic, Bagerhat"
      }
    },
    {
      "type": "Feature",
      "geometry": {
        "type": "Point",
        "coordinates": [
          89.7790949,
          22.6561557
        ]
      },
      "properties": {
        "amenity": "clinic",
        "healthcare": "clinic"
      }
    },
    {
      "type": "Feature",
      "geometry": {
        "type": "Point",
        "coordinates": [
          89.7775095,
          22.6555584
        ]
      },
      "properties": {
        "amenity": "hospital",
        "healthcare": "hospital",
        "name": "Bagerhat Eye Hospital, Bagerhat"
      }
    },
    {
      "type": "Feature",
      "geometry": {
        "type": "Point",
        "coordinates": [
          89.7802014,
          22.6466939
        ]
      },
      "properties": {
        "amenity": "clinic",
        "healthcare": "clinic",
        "name": "Swastha Kendral"
      }
    },
    {
      "type": "Feature",
      "geometry": {
        "type": "Point",
        "coordinates": [
          89.7666914,
          22.6847124
        ]
      },
      "properties": {
        "amenity": "clinic",
        "healthcare": "clinic"
      }
    },
    {
      "type": "Feature",
      "geometry": {
        "type": "Point",
        "coordinates": [
          89.7534725,
          22.6867613
        ]
      },
      "properties": {
        "amenity": "clinic",
        "healthcare": "clinic"
      }
    },
    {
      "type": "Feature",
      "geometry": {
        "type": "Point",
        "coordinates": [
          89.7624282,
          22.6985714
        ]
      },
      "properties": {
        "amenity": "clinic",
        "healthcare": "clinic",
        "name": "Community Clinic"
      }
    },
    {
      "type": "Feature",
      "geometry": {
        "type": "Point",
        "coordinates": [
          89.8173195,
          22.6679334
        ]
      },
      "properties": {
        "amenity": "clinic",
        "healthcare": "clinic"
      }
    },
    {
      "type": "Feature",
      "geometry": {
        "type": "Point",
        "coordinates": [
          89.8653441,
          22.6463014
        ]
      },
      "properties": {
        "amenity": "clinic",
        "healthcare": "clinic"
      }
    },
    {
      "type": "Feature",
      "geometry": {
        "type": "Point",
        "coordinates": [
          89.8896507,
          22.6546136
        ]
      },
      "properties": {
        "amenity": "hospital",
        "healthcare": "hospital",
        "name": "Upazila Sastho Complex, Kachua."
      }
    },
    {
      "type": "Feature",
      "geometry": {
        "type": "Point",
        "coordinates": [
          89.9070759,
          22.6366134
        ]
      },
      "properties": {
        "amenity": "clinic",
        "healthcare": "clinic"
      }
    },
    {
      "type": "Feature",
      "geometry": {
        "type": "Point",
        "coordinates": [
          89.0631241,
          22.7302094
        ]
      },
      "properties": {
        "amenity": "hospital",
        "healthcare": "hospital",
        "name": "Taj Diagonetic Center"
      }
    },
    {
      "type": "Feature",
      "geometry": {
        "type": "Point",
        "coordinates": [
          89.0653542,
          22.7262258
        ]
      },
      "properties": {
        "amenity": "clinic",
        "healthcare": "clinic",
        "name": "Sangana Nursing home and Clinic"
      }
    },
    {
      "type": "Feature",
      "geometry": {
        "type": "Point",
        "coordinates": [
          89.0672653,
          22.7232927
        ]
      },
      "properties": {
        "amenity": "hospital",
        "healthcare": "hospital",
        "name": "Al Noor Hospital"
      }
    },
    {
      "type": "Feature",
      "geometry": {
        "type": "Point",
        "coordinates": [
          89.0677328,
          22.7224881
        ]
      },
      "properties": {
        "amenity": "clinic",
        "healthcare": "clinic",
        "name": "Fahim Diagonestic Center"
      }
    },
    {
      "type": "Feature",
      "geometry": {
        "type": "Point",
        "coordinates": [
          89.0682389,
          22.7218469
        ]
      },
      "properties": {
        "amenity": "clinic",
        "healthcare": "clinic",
        "name": "Sundarban Clinic"
      }
    },
    {
      "type": "Feature",
      "geometry": {
        "type": "Point",
        "coordinates": [
          89.0684467,
          22.7215747
        ]
      },
      "properties": {
        "amenity": "clinic",
        "healthcare": "clinic",
        "name": "Crital Diagonestic Center"
      }
    },
    {
      "type": "Feature",
      "geometry": {
        "type": "Point",
        "coordinates": [
          89.0679167,
          22.7219986
        ]
      },
      "properties": {
        "amenity": "clinic",
        "healthcare": "clinic",
        "name": "Satkhira diagonstic complex"
      }
    },
    {
      "type": "Feature",
      "geometry": {
        "type": "Point",
        "coordinates": [
          89.0687838,
          22.7204665
        ]
      },
      "properties": {
        "amenity": "clinic",
        "healthcare": "clinic",
        "name": "Care Digonosis Center and Clinic"
      }
    },
    {
      "type": "Feature",
      "geometry": {
        "type": "Point",
        "coordinates": [
          89.0692384,
          22.7199187
        ]
      },
      "properties": {
        "amenity": "hospital",
        "healthcare": "hospital",
        "name": "Sangram Hospital"
      }
    },
    {
      "type": "Feature",
      "geometry": {
        "type": "Point",
        "coordinates": [
          89.0695196,
          22.7194886
        ]
      },
      "properties": {
        "amenity": "clinic",
        "healthcare": "clinic"
      }
    },
    {
      "type": "Feature",
      "geometry": {
        "type": "Point",
        "coordinates": [
          89.069521,
          22.719306
        ]
      },
      "properties": {
        "amenity": "clinic",
        "healthcare": "clinic",
        "level": "3",
        "name": "Nirmoy Clinic"
      }
    },
    {
      "type": "Feature",
      "geometry": {
        "type": "Point",
        "coordinates": [
          89.0702929,
          22.7177099
        ]
      },
      "properties": {
        "amenity": "hospital",
        "healthcare": "hospital",
        "name": "Al-Aksha Hospital"
      }
    },
    {
      "type": "Feature",
      "geometry": {
        "type": "Point",
        "coordinates": [
          89.0707379,
          22.7112941
        ]
      },
      "properties": {
        "amenity": "clinic",
        "healthcare": "clinic",
        "name": "Tufan Dental Clinic"
      }
    },
    {
      "type": "Feature",
      "geometry": {
        "type": "Point",
        "coordinates": [
          89.1745877,
          22.5452572
        ]
      },
      "properties": {
        "amenity": "clinic",
        "healthcare": "clinic",
        "name": "Unnayon Clinic"
      }
    },
    {
      "type": "Feature",
      "geometry": {
        "type": "Point",
        "coordinates": [
          89.0378981,
          22.4485096
        ]
      },
      "properties": {
        "amenity": "hospital",
        "healthcare": "hospital",
        "name": "Life care Digital Lab & Hospital"
      }
    },
    {
      "type": "Feature",
      "geometry": {
        "type": "Point",
        "coordinates": [
          89.0353585,
          22.4525995
        ]
      },
      "properties": {
        "amenity": "clinic",
        "healthcare": "clinic",
        "name": "Jhorna Clinic"
      }
    },
    {
      "type": "Feature",
      "geometry": {
        "type": "Point",
        "coordinates": [
          89.0370682,
          22.860773
        ]
      },
      "properties": {
        "amenity": "clinic",
        "healthcare": "clinic",
        "name": "Star Pathology"
      }
    },
    {
      "type": "Feature",
      "geometry": {
        "type": "Point",
        "coordinates": [
          89.038721,
          22.8602417
        ]
      },
      "properties": {
        "amenity": "clinic",
        "healthcare": "clinic",
        "name": "Hakim Center"
      }
    },
    {
      "type": "Feature",
      "geometry": {
        "type": "Point",
        "coordinates": [
          89.0405521,
          22.8592736
        ]
      },
      "properties": {
        "amenity": "clinic",
        "healthcare": "clinic",
        "name": "Rido Dental Clinic"
      }
    },
    {
      "type": "Feature",
      "geometry": {
        "type": "Point",
        "coordinates": [
          89.0406442,
          22.8592846
        ]
      },
      "properties": {
        "amenity": "hospital",
        "healthcare": "hospital",
        "name": "Rido Shastho Kendro"
      }
    },
    {
      "type": "Feature",
      "geometry": {
        "type": "Point",
        "coordinates": [
          89.0413197,
          22.8580015
        ]
      },
      "properties": {
        "amenity": "clinic",
        "healthcare": "clinic",
        "name": "Monira Dental Care"
      }
    },
    {
      "type": "Feature",
      "geometry": {
        "type": "Point",
        "coordinates": [
          89.0407481,
          22.8615514
        ]
      },
      "properties": {
        "amenity": "clinic",
        "healthcare": "clinic",
        "name": "Green Homio Hall"
      }
    },
    {
      "type": "Feature",
      "geometry": {
        "type": "Point",
        "coordinates": [
          89.2591233,
          22.7503844
        ]
      },
      "properties": {
        "amenity": "clinic",
        "healthcare": "clinic",
        "name": "Life Care Clinic"
      }
    },
    {
      "type": "Feature",
      "geometry": {
        "type": "Point",
        "coordinates": [
          89.259356,
          22.7503148
        ]
      },
      "properties": {
        "amenity": "hospital",
        "healthcare": "hospital",
        "name": "Jhohora Dedicine"
      }
    },
    {
      "type": "Feature",
      "geometry": {
        "type": "Point",
        "coordinates": [
          89.513766,
          22.7394785
        ]
      },
      "properties": {
        "amenity": "clinic",
        "healthcare": "clinic",
        "name": "Sonali Clinic"
      }
    },
    {
      "type": "Feature",
      "geometry": {
        "type": "Point",
        "coordinates": [
          89.5185791,
          22.5993318
        ]
      },
      "properties": {
        "amenity": "clinic",
        "healthcare": "clinic",
        "name": "Chalna digital Diagnostic Centre"
      }
    },
    {
      "type": "Feature",
      "geometry": {
        "type": "Point",
        "coordinates": [
          89.5193391,
          22.6018829
        ]
      },
      "properties": {
        "amenity": "clinic",
        "healthcare": "clinic",
        "name": "Quick Care Clinic Diagnostic Centre"
      }
    },
    {
      "type": "Feature",
      "geometry": {
        "type": "Point",
        "coordinates": [
          89.3159075,
          22.5917019
        ]
      },
      "properties": {
        "amenity": "clinic",
        "healthcare": "clinic",
        "name": "Rasel Clinic",
        "opening_hours:covid19": "24/7"
      }
    },
    {
      "type": "Feature",
      "geometry": {
        "type": "Point",
        "coordinates": [
          89.3165665,
          22.5925176
        ]
      },
      "properties": {
        "amenity": "clinic",
        "healthcare": "clinic",
        "name": "Nurjahan memorial clinic and Diagnostic Centre"
      }
    },
    {
      "type": "Feature",
      "geometry": {
        "type": "Point",
        "coordinates": [
          89.3182432,
          22.5943451
        ]
      },
      "properties": {
        "amenity": "hospital",
        "healthcare": "hospital",
        "name": "Upazila health complex Paikgacha"
      }
    },
    {
      "type": "Feature",
      "geometry": {
        "type": "Point",
        "coordinates": [
          88.9253267,
          23.2566797
        ]
      },
      "properties": {
        "amenity": "clinic",
        "healthcare": "clinic",
        "name": "Ramkrishnapur Community Clinic"
      }
    },
    {
      "type": "Feature",
      "geometry": {
        "type": "Point",
        "coordinates": [
          89.8482213,
          22.3123748
        ]
      },
      "properties": {
        "amenity": "clinic",
        "healthcare": "clinic",
        "name": "Shapla Clinic and Diagnostic Centre"
      }
    },
    {
      "type": "Feature",
      "geometry": {
        "type": "Point",
        "coordinates": [
          89.8487016,
          22.3134636
        ]
      },
      "properties": {
        "amenity": "clinic",
        "healthcare": "clinic",
        "name": "Ma O Shichu Shabe Kendra and Diagnostic Centre"
      }
    },
    {
      "type": "Feature",
      "geometry": {
        "type": "Point",
        "coordinates": [
          89.8508868,
          22.3133338
        ]
      },
      "properties": {
        "amenity": "clinic",
        "healthcare": "clinic",
        "name": "Modina Diagnostic and Consultation Centre"
      }
    },
    {
      "type": "Feature",
      "geometry": {
        "type": "Point",
        "coordinates": [
          89.8537293,
          22.3140647
        ]
      },
      "properties": {
        "amenity": "clinic",
        "healthcare": "clinic",
        "name": "New Sundarban Clinic"
      }
    },
    {
      "type": "Feature",
      "geometry": {
        "type": "Point",
        "coordinates": [
          89.8235369,
          22.3698533
        ]
      },
      "properties": {
        "amenity": "clinic",
        "healthcare": "clinic",
        "name": "Dhansagor Community Clinic"
      }
    },
    {
      "type": "Feature",
      "geometry": {
        "type": "Point",
        "coordinates": [
          89.7777332,
          22.3369779
        ]
      },
      "properties": {
        "amenity": "clinic",
        "healthcare": "clinic",
        "name": "Razapur Community Clinic"
      }
    },
    {
      "type": "Feature",
      "geometry": {
        "type": "Point",
        "coordinates": [
          89.7900611,
          22.3827387
        ]
      },
      "properties": {
        "amenity": "clinic",
        "healthcare": "clinic",
        "name": "Enatia Community Clinic"
      }
    },
    {
      "type": "Feature",
      "geometry": {
        "type": "Point",
        "coordinates": [
          89.0703267,
          22.7223475
        ]
      },
      "properties": {
        "amenity": "clinic",
        "healthcare": "clinic",
        "level": "5",
        "name": "Anwar Memorial Clinic"
      }
    },
    {
      "type": "Feature",
      "geometry": {
        "type": "Point",
        "coordinates": [
          89.0703106,
          22.7228682
        ]
      },
      "properties": {
        "amenity": "clinic",
        "healthcare": "clinic",
        "name": "Nahar Diagnostic Centre"
      }
    },
    {
      "type": "Feature",
      "geometry": {
        "type": "Point",
        "coordinates": [
          89.0703646,
          22.7225547
        ]
      },
      "properties": {
        "amenity": "clinic",
        "healthcare": "clinic",
        "name": "Satkhira Health care"
      }
    },
    {
      "type": "Feature",
      "geometry": {
        "type": "Point",
        "coordinates": [
          89.0705949,
          22.7223216
        ]
      },
      "properties": {
        "amenity": "clinic",
        "healthcare": "clinic",
        "name": "Satkhira Surgical Clinic"
      }
    },
    {
      "type": "Feature",
      "geometry": {
        "type": "Point",
        "coordinates": [
          89.0707358,
          22.722328
        ]
      },
      "properties": {
        "amenity": "clinic",
        "healthcare": "clinic",
        "name": "Mother Teresa Diagnostic Centre"
      }
    },
    {
      "type": "Feature",
      "geometry": {
        "type": "Point",
        "coordinates": [
          89.0709553,
          22.7224004
        ]
      },
      "properties": {
        "amenity": "clinic",
        "healthcare": "clinic",
        "name": "Satkhira Clinic and Diagnostic Centre"
      }
    },
    {
      "type": "Feature",
      "geometry": {
        "type": "Point",
        "coordinates": [
          89.4566378,
          22.9832063
        ]
      },
      "properties": {
        "amenity": "clinic",
        "healthcare": "clinic",
        "name": "Bajerdanga Community Clinic"
      }
    },
    {
      "type": "Feature",
      "geometry": {
        "type": "Point",
        "coordinates": [
          89.5854057,
          22.8035356
        ]
      },
      "properties": {
        "amenity": "clinic",
        "healthcare": "clinic",
        "name": "Rupsha Ferighat Community Clinic"
      }
    },
    {
      "type": "Feature",
      "geometry": {
        "type": "Point",
        "coordinates": [
          89.5619584,
          22.8106567
        ]
      },
      "properties": {
        "amenity": "clinic",
        "healthcare": "clinic",
        "name": "Fatima hospital and Diagnostic Center"
      }
    },
    {
      "type": "Feature",
      "geometry": {
        "type": "Point",
        "coordinates": [
          89.5552888,
          22.8142642
        ]
      },
      "properties": {
        "amenity": "clinic",
        "healthcare": "clinic",
        "name": "Fatima Diagonestic Center"
      }
    },
    {
      "type": "Feature",
      "geometry": {
        "type": "Point",
        "coordinates": [
          89.5566337,
          22.8120189
        ]
      },
      "properties": {
        "amenity": "clinic",
        "healthcare": "clinic",
        "name": "Shikdar Dental Home"
      }
    },
    {
      "type": "Feature",
      "geometry": {
        "type": "Point",
        "coordinates": [
          89.5569618,
          22.8123231
        ]
      },
      "properties": {
        "amenity": "clinic",
        "healthcare": "clinic",
        "name": "Rayan Clinic and Diagonestic Center"
      }
    },
    {
      "type": "Feature",
      "geometry": {
        "type": "Point",
        "coordinates": [
          89.5571515,
          22.8140305
        ]
      },
      "properties": {
        "amenity": "clinic",
        "healthcare": "clinic",
        "name": "Shapla Clinic"
      }
    },
    {
      "type": "Feature",
      "geometry": {
        "type": "Point",
        "coordinates": [
          89.5571503,
          22.8140915
        ]
      },
      "properties": {
        "amenity": "clinic",
        "healthcare": "clinic",
        "name": "S Habibur Chamber"
      }
    },
    {
      "type": "Feature",
      "geometry": {
        "type": "Point",
        "coordinates": [
          89.5574587,
          22.8165835
        ]
      },
      "properties": {
        "amenity": "clinic",
        "healthcare": "clinic",
        "name": "Nagar shastha bhobon"
      }
    },
    {
      "type": "Feature",
      "geometry": {
        "type": "Point",
        "coordinates": [
          89.5435517,
          22.8160292
        ]
      },
      "properties": {
        "amenity": "hospital",
        "healthcare": "hospital",
        "name": "Khulna health care hospital"
      }
    },
    {
      "type": "Feature",
      "geometry": {
        "type": "Point",
        "coordinates": [
          89.7017437,
          22.7783481
        ]
      },
      "properties": {
        "amenity": "clinic",
        "healthcare": "clinic",
        "name": "Health cure hospital, fakirhat"
      }
    },
    {
      "type": "Feature",
      "geometry": {
        "type": "Point",
        "coordinates": [
          89.710065,
          22.7749189
        ]
      },
      "properties": {
        "amenity": "clinic",
        "healthcare": "clinic",
        "name": "Shikdar clinic,Fakirhat"
      }
    },
    {
      "type": "Feature",
      "geometry": {
        "type": "Point",
        "coordinates": [
          89.7098283,
          22.7751451
        ]
      },
      "properties": {
        "amenity": "clinic",
        "healthcare": "clinic",
        "name": "Naim Medical Hall, Fakirhat"
      }
    },
    {
      "type": "Feature",
      "geometry": {
        "type": "Point",
        "coordinates": [
          89.8725709,
          22.7953168
        ]
      },
      "properties": {
        "amenity": "clinic",
        "healthcare": "clinic",
        "name": "Kalpana Diagnostic center, Chitalmari"
      }
    },
    {
      "type": "Feature",
      "geometry": {
        "type": "Point",
        "coordinates": [
          89.872638,
          22.7954161
        ]
      },
      "properties": {
        "amenity": "clinic",
        "healthcare": "clinic",
        "name": "Sahad diagnostic and consultant center"
      }
    },
    {
      "type": "Feature",
      "geometry": {
        "type": "Point",
        "coordinates": [
          89.8738029,
          22.7948173
        ]
      },
      "properties": {
        "amenity": "hospital",
        "healthcare": "hospital",
        "name": "Upazila Veterinary Hospital"
      }
    },
    {
      "type": "Feature",
      "geometry": {
        "type": "Point",
        "coordinates": [
          89.8755297,
          22.7955548
        ]
      },
      "properties": {
        "amenity": "clinic",
        "healthcare": "clinic",
        "name": "Shanti Sheba Sadan"
      }
    },
    {
      "type": "Feature",
      "geometry": {
        "type": "Point",
        "coordinates": [
          89.875828,
          22.795194
        ]
      },
      "properties": {
        "amenity": "clinic",
        "healthcare": "clinic",
        "name": "Janani Digital Diagnostic center"
      }
    },
    {
      "type": "Feature",
      "geometry": {
        "type": "Point",
        "coordinates": [
          89.8759521,
          22.7930251
        ]
      },
      "properties": {
        "amenity": "clinic",
        "healthcare": "clinic",
        "name": "Medicare Clinic"
      }
    },
    {
      "type": "Feature",
      "geometry": {
        "type": "Point",
        "coordinates": [
          89.6096925,
          22.4672327
        ]
      },
      "properties": {
        "amenity": "hospital",
        "healthcare": "hospital",
        "name": "ST. Pauls Hospital"
      }
    },
    {
      "type": "Feature",
      "geometry": {
        "type": "Point",
        "coordinates": [
          89.6499933,
          22.587958
        ]
      },
      "properties": {
        "amenity": "hospital",
        "healthcare": "hospital",
        "name": "Upazila Health Complex, Rampal"
      }
    },
    {
      "type": "Feature",
      "geometry": {
        "type": "Point",
        "coordinates": [
          89.6453194,
          22.6104595
        ]
      },
      "properties": {
        "amenity": "clinic",
        "healthcare": "clinic",
        "name": "Seba clinic and consultation center"
      }
    },
    {
      "type": "Feature",
      "geometry": {
        "type": "Point",
        "coordinates": [
          88.9435701,
          23.2536108
        ]
      },
      "properties": {
        "amenity": "clinic",
        "healthcare": "clinic",
        "name": "Sukpukuria Helth Center"
      }
    },
    {
      "type": "Feature",
      "geometry": {
        "type": "Point",
        "coordinates": [
          89.4115551,
          22.810157
        ]
      },
      "properties": {
        "amenity": "clinic",
        "healthcare": "clinic",
        "name": "Fatema clinic and Diagnostic Centre"
      }
    },
    {
      "type": "Feature",
      "geometry": {
        "type": "Point",
        "coordinates": [
          89.4181814,
          22.8075199
        ]
      },
      "properties": {
        "amenity": "hospital",
        "healthcare": "hospital",
        "name": "Dumuria Janata Hospital"
      }
    },
    {
      "type": "Feature",
      "geometry": {
        "type": "Point",
        "coordinates": [
          89.4212395,
          22.8173736
        ]
      },
      "properties": {
        "amenity": "clinic",
        "healthcare": "clinic",
        "name": "Community Clinic"
      }
    },
    {
      "type": "Feature",
      "geometry": {
        "type": "Point",
        "coordinates": [
          89.5273307,
          22.8023734
        ]
      },
      "properties": {
        "amenity": "hospital",
        "healthcare": "hospital",
        "name": "Daps Hospital"
      }
    },
    {
      "type": "Feature",
      "geometry": {
        "type": "Point",
        "coordinates": [
          89.5963107,
          22.76725
        ]
      },
      "properties": {
        "amenity": "clinic",
        "healthcare": "clinic",
        "name": "Community Clinic"
      }
    },
    {
      "type": "Feature",
      "geometry": {
        "type": "Point",
        "coordinates": [
          88.9540875,
          23.2939654
        ]
      },
      "properties": {
        "amenity": "clinic",
        "healthcare": "clinic",
        "name": "Mandarbaia Community Clinic"
      }
    },
    {
      "type": "Feature",
      "geometry": {
        "type": "Point",
        "coordinates": [
          90.3534827,
          23.7887947
        ]
      },
      "properties": {
        "addr:street": "26 \u09a6\u09be\u09b0\u09c1\u09b8 \u09b8\u09be\u09b2\u09be\u09ae \u09b0\u09cb\u09a1, \u09a2\u09be\u0995\u09be 1216",
        "amenity": "hospital",
        "description": "Open 24 hours",
        "name": "National Heart Foundation Research \u09a8\u09cd\u09af\u09be\u09b6\u09a8\u09be\u09b2 \u09b9\u09be\u09b0\u09cd\u099f \u09ab\u09be\u0989\u09a8\u09cd\u09a1\u09c7\u09b6\u09a8 \u09b9\u09b8\u09aa\u09bf\u099f\u09be\u09b2",
        "phone": "02-58054708",
        "website": "https://nhf.org.bd",
        "wheelchair": "yes"
      }
    },
    {
      "type": "Feature",
      "geometry": {
        "type": "Point",
        "coordinates": [
          89.2091763,
          23.1681465
        ]
      },
      "properties": {
        "amenity": "clinic",
        "healthcare": "clinic",
        "name": "Modern Diagonestic Center"
      }
    },
    {
      "type": "Feature",
      "geometry": {
        "type": "Point",
        "coordinates": [
          89.2096765,
          23.1682226
        ]
      },
      "properties": {
        "amenity": "hospital",
        "healthcare": "hospital",
        "name": "Life Care Hospital"
      }
    },
    {
      "type": "Feature",
      "geometry": {
        "type": "Point",
        "coordinates": [
          89.2096844,
          23.1674774
        ]
      },
      "properties": {
        "amenity": "hospital",
        "healthcare": "hospital",
        "name": "Daratana Hospital"
      }
    },
    {
      "type": "Feature",
      "geometry": {
        "type": "Point",
        "coordinates": [
          89.2097074,
          23.1675547
        ]
      },
      "properties": {
        "amenity": "hospital",
        "healthcare": "hospital",
        "name": "Prime Hospital"
      }
    },
    {
      "type": "Feature",
      "geometry": {
        "type": "Point",
        "coordinates": [
          89.2097587,
          23.1677239
        ]
      },
      "properties": {
        "amenity": "hospital",
        "healthcare": "hospital",
        "name": "Green Hert Diagonestic and Consaltant"
      }
    },
    {
      "type": "Feature",
      "geometry": {
        "type": "Point",
        "coordinates": [
          89.2100374,
          23.1680192
        ]
      },
      "properties": {
        "amenity": "clinic",
        "healthcare": "clinic",
        "name": "Sunrise Diagonestic Center"
      }
    },
    {
      "type": "Feature",
      "geometry": {
        "type": "Point",
        "coordinates": [
          89.1716348,
          23.5298997
        ]
      },
      "properties": {
        "amenity": "hospital",
        "healthcare": "hospital",
        "name": "Prince Hospital"
      }
    },
    {
      "type": "Feature",
      "geometry": {
        "type": "Point",
        "coordinates": [
          90.3733623,
          23.7415663
        ]
      },
      "properties": {
        "addr:city": "Dhaka",
        "addr:housenumber": "75/A",
        "addr:postcode": "1209",
        "addr:street": "5/A",
        "amenity": "hospital",
        "email": "brgewa@gmail.com",
        "emergency": "no",
        "healthcare": "hospital",
        "healthcare:speciality": "general",
        "name": "Oboshorprapto Govt. Employees Hospital",
        "operator": "Bangladesh Retired Government Employees Welfare Association",
        "operator:type": "community",
        "phone": "+880222240144",
        "wheelchair": "limited"
      }
    },
    {
      "type": "Feature",
      "geometry": {
        "type": "Point",
        "coordinates": [
          89.6307896,
          23.0408504
        ]
      },
      "properties": {
        "amenity": "clinic",
        "name": "Khadija Clinic"
      }
    },
    {
      "type": "Feature",
      "geometry": {
        "type": "Point",
        "coordinates": [
          89.1196306,
          23.9046073
        ]
      },
      "properties": {
        "amenity": "clinic",
        "healthcare": "clinic",
        "name": "New Appollo Diagonestic Center"
      }
    },
    {
      "type": "Feature",
      "geometry": {
        "type": "Point",
        "coordinates": [
          89.633825,
          23.0407719
        ]
      },
      "properties": {
        "addr:street": "Kalia Bazar Road",
        "amenity": "clinic",
        "name": "Kalia Surgical Clinic"
      }
    },
    {
      "type": "Feature",
      "geometry": {
        "type": "Point",
        "coordinates": [
          89.6326591,
          23.0411816
        ]
      },
      "properties": {
        "addr:street": "Kalia Bazar Road",
        "amenity": "clinic",
        "name": "Muktijoddha Omor Faruk Clinic"
      }
    },
    {
      "type": "Feature",
      "geometry": {
        "type": "Point",
        "coordinates": [
          89.4217539,
          23.4860235
        ]
      },
      "properties": {
        "amenity": "clinic",
        "healthcare": "clinic",
        "name": "Nova Medical and Diagonestic Center"
      }
    },
    {
      "type": "Feature",
      "geometry": {
        "type": "Point",
        "coordinates": [
          89.4229268,
          23.4860212
        ]
      },
      "properties": {
        "amenity": "clinic",
        "healthcare": "clinic",
        "name": "Aroggo Clinic"
      }
    },
    {
      "type": "Feature",
      "geometry": {
        "type": "Point",
        "coordinates": [
          89.4231573,
          23.4860307
        ]
      },
      "properties": {
        "amenity": "clinic",
        "healthcare": "clinic",
        "name": "Altra Lab Medical Services"
      }
    },
    {
      "type": "Feature",
      "geometry": {
        "type": "Point",
        "coordinates": [
          89.4216232,
          23.4859543
        ]
      },
      "properties": {
        "amenity": "clinic",
        "healthcare": "clinic",
        "name": "Confort Medical Center"
      }
    },
    {
      "type": "Feature",
      "geometry": {
        "type": "Point",
        "coordinates": [
          89.4215746,
          23.4859442
        ]
      },
      "properties": {
        "amenity": "clinic",
        "healthcare": "clinic",
        "name": "Shopna Diagonestic Center"
      }
    },
    {
      "type": "Feature",
      "geometry": {
        "type": "Point",
        "coordinates": [
          89.4214042,
          23.4859462
        ]
      },
      "properties": {
        "amenity": "clinic",
        "healthcare": "clinic",
        "name": "Magura Pathology Center"
      }
    },
    {
      "type": "Feature",
      "geometry": {
        "type": "Point",
        "coordinates": [
          89.4210415,
          23.4859157
        ]
      },
      "properties": {
        "amenity": "clinic",
        "healthcare": "clinic",
        "name": "Green View Diagonestic Center"
      }
    },
    {
      "type": "Feature",
      "geometry": {
        "type": "Point",
        "coordinates": [
          89.0994833,
          23.1005449
        ]
      },
      "properties": {
        "amenity": "clinic",
        "healthcare": "clinic",
        "name": "Aesha Memorial Hospital"
      }
    },
    {
      "type": "Feature",
      "geometry": {
        "type": "Point",
        "coordinates": [
          88.5829562,
          24.3716317
        ]
      },
      "properties": {
        "amenity": "hospital",
        "healthcare": "hospital",
        "name": "Islami Bank Hospital"
      }
    },
    {
      "type": "Feature",
      "geometry": {
        "type": "Point",
        "coordinates": [
          88.5830929,
          24.3715913
        ]
      },
      "properties": {
        "amenity": "hospital",
        "healthcare": "hospital",
        "name": "Mukti Clinic"
      }
    },
    {
      "type": "Feature",
      "geometry": {
        "type": "Point",
        "coordinates": [
          88.5831642,
          24.3715685
        ]
      },
      "properties": {
        "amenity": "clinic",
        "healthcare": "clinic",
        "name": "Micropath Zone"
      }
    },
    {
      "type": "Feature",
      "geometry": {
        "type": "Point",
        "coordinates": [
          88.5834598,
          24.3714761
        ]
      },
      "properties": {
        "amenity": "clinic",
        "healthcare": "clinic",
        "name": "Medicson Diagonestic Center"
      }
    },
    {
      "type": "Feature",
      "geometry": {
        "type": "Point",
        "coordinates": [
          88.5835449,
          24.3713025
        ]
      },
      "properties": {
        "amenity": "clinic",
        "healthcare": "clinic",
        "name": "Green Diagonestic Center"
      }
    },
    {
      "type": "Feature",
      "geometry": {
        "type": "Point",
        "coordinates": [
          88.5835639,
          24.371297
        ]
      },
      "properties": {
        "amenity": "clinic",
        "healthcare": "clinic",
        "name": "Tropical Clinic"
      }
    },
    {
      "type": "Feature",
      "geometry": {
        "type": "Point",
        "coordinates": [
          88.583588,
          24.371297
        ]
      },
      "properties": {
        "amenity": "clinic",
        "healthcare": "clinic",
        "name": "Mukti Clinic"
      }
    },
    {
      "type": "Feature",
      "geometry": {
        "type": "Point",
        "coordinates": [
          88.5826075,
          24.3722339
        ]
      },
      "properties": {
        "amenity": "clinic",
        "healthcare": "clinic",
        "name": "Shapla Diagonestic Center"
      }
    },
    {
      "type": "Feature",
      "geometry": {
        "type": "Point",
        "coordinates": [
          88.5827969,
          24.372608
        ]
      },
      "properties": {
        "amenity": "clinic",
        "healthcare": "clinic",
        "name": "Lifeline Diagonestic Center"
      }
    },
    {
      "type": "Feature",
      "geometry": {
        "type": "Point",
        "coordinates": [
          88.5828506,
          24.3726965
        ]
      },
      "properties": {
        "amenity": "clinic",
        "healthcare": "clinic",
        "name": "City Diagonestic Center"
      }
    },
    {
      "type": "Feature",
      "geometry": {
        "type": "Point",
        "coordinates": [
          88.5829311,
          24.3728309
        ]
      },
      "properties": {
        "amenity": "clinic",
        "healthcare": "clinic",
        "name": "Rafi Hospital"
      }
    },
    {
      "type": "Feature",
      "geometry": {
        "type": "Point",
        "coordinates": [
          88.5831892,
          24.372837
        ]
      },
      "properties": {
        "amenity": "hospital",
        "healthcare": "alternative",
        "name": "SPRC Center"
      }
    },
    {
      "type": "Feature",
      "geometry": {
        "type": "Point",
        "coordinates": [
          88.5831657,
          24.3728034
        ]
      },
      "properties": {
        "amenity": "clinic",
        "healthcare": "clinic",
        "name": "Bengle City Scan"
      }
    },
    {
      "type": "Feature",
      "geometry": {
        "type": "Point",
        "coordinates": [
          88.582973,
          24.3724018
        ]
      },
      "properties": {
        "amenity": "clinic",
        "healthcare": "clinic",
        "name": "Rajshahi Diagonestic Center"
      }
    },
    {
      "type": "Feature",
      "geometry": {
        "type": "Point",
        "coordinates": [
          88.5828556,
          24.3722201
        ]
      },
      "properties": {
        "amenity": "clinic",
        "healthcare": "clinic",
        "name": "Boikali Medical Center"
      }
    },
    {
      "type": "Feature",
      "geometry": {
        "type": "Point",
        "coordinates": [
          88.5821429,
          24.371903
        ]
      },
      "properties": {
        "amenity": "clinic",
        "healthcare": "clinic",
        "name": "Moon Diagonestics"
      }
    },
    {
      "type": "Feature",
      "geometry": {
        "type": "Point",
        "coordinates": [
          88.5820794,
          24.3719123
        ]
      },
      "properties": {
        "amenity": "clinic",
        "healthcare": "clinic",
        "name": "Human Care"
      }
    },
    {
      "type": "Feature",
      "geometry": {
        "type": "Point",
        "coordinates": [
          88.5818647,
          24.3718602
        ]
      },
      "properties": {
        "amenity": "clinic",
        "healthcare": "clinic",
        "name": "The Pathology"
      }
    },
    {
      "type": "Feature",
      "geometry": {
        "type": "Point",
        "coordinates": [
          88.5817313,
          24.3718984
        ]
      },
      "properties": {
        "amenity": "clinic",
        "healthcare": "clinic",
        "name": "Dina Dent 2"
      }
    },
    {
      "type": "Feature",
      "geometry": {
        "type": "Point",
        "coordinates": [
          88.581824,
          24.3719679
        ]
      },
      "properties": {
        "amenity": "hospital",
        "emergency": "no",
        "healthcare": "hospital",
        "name": "CDM Hospital"
      }
    },
    {
      "type": "Feature",
      "geometry": {
        "type": "Point",
        "coordinates": [
          88.5817872,
          24.3719794
        ]
      },
      "properties": {
        "amenity": "hospital",
        "healthcare": "hospital",
        "name": "CDM Dental"
      }
    },
    {
      "type": "Feature",
      "geometry": {
        "type": "Point",
        "coordinates": [
          88.5815738,
          24.3720442
        ]
      },
      "properties": {
        "amenity": "hospital",
        "healthcare": "hospital",
        "name": "Popular Diagonestics"
      }
    },
    {
      "type": "Feature",
      "geometry": {
        "type": "Point",
        "coordinates": [
          88.581528,
          24.3719077
        ]
      },
      "properties": {
        "amenity": "hospital",
        "healthcare": "hospital",
        "name": "Rajshahi Diagonestics"
      }
    },
    {
      "type": "Feature",
      "geometry": {
        "type": "Point",
        "coordinates": [
          88.580955,
          24.3720546
        ]
      },
      "properties": {
        "amenity": "hospital",
        "healthcare": "hospital",
        "name": "Prime Diagonestics"
      }
    },
    {
      "type": "Feature",
      "geometry": {
        "type": "Point",
        "coordinates": [
          88.580828,
          24.3721391
        ]
      },
      "properties": {
        "amenity": "clinic",
        "healthcare": "clinic",
        "name": "One Lab Diagonestics"
      }
    },
    {
      "type": "Feature",
      "geometry": {
        "type": "Point",
        "coordinates": [
          88.5806196,
          24.372315
        ]
      },
      "properties": {
        "amenity": "clinic",
        "healthcare": "clinic",
        "name": "Jamuna Clinic"
      }
    },
    {
      "type": "Feature",
      "geometry": {
        "type": "Point",
        "coordinates": [
          88.580564,
          24.3722275
        ]
      },
      "properties": {
        "amenity": "clinic",
        "healthcare": "clinic",
        "name": "Al Barak Diagonestics"
      }
    },
    {
      "type": "Feature",
      "geometry": {
        "type": "Point",
        "coordinates": [
          88.5804985,
          24.3722564
        ]
      },
      "properties": {
        "amenity": "clinic",
        "healthcare": "clinic",
        "name": "Holy Crecent Diagonetics"
      }
    },
    {
      "type": "Feature",
      "geometry": {
        "type": "Point",
        "coordinates": [
          88.5803608,
          24.3723064
        ]
      },
      "properties": {
        "amenity": "clinic",
        "healthcare": "clinic",
        "name": "Medinova Diagonetics Center"
      }
    },
    {
      "type": "Feature",
      "geometry": {
        "type": "Point",
        "coordinates": [
          88.5804995,
          24.3723406
        ]
      },
      "properties": {
        "amenity": "hospital",
        "healthcare": "hospital",
        "name": "Square Hospital"
      }
    },
    {
      "type": "Feature",
      "geometry": {
        "type": "Point",
        "coordinates": [
          88.5803666,
          24.3723608
        ]
      },
      "properties": {
        "amenity": "hospital",
        "healthcare": "hospital",
        "name": "Graduate Hospital"
      }
    },
    {
      "type": "Feature",
      "geometry": {
        "type": "Point",
        "coordinates": [
          88.580252,
          24.3723178
        ]
      },
      "properties": {
        "amenity": "hospital",
        "healthcare": "hospital",
        "name": "North Bengal Hospital"
      }
    },
    {
      "type": "Feature",
      "geometry": {
        "type": "Point",
        "coordinates": [
          88.5801143,
          24.3723634
        ]
      },
      "properties": {
        "amenity": "hospital",
        "healthcare": "hospital",
        "name": "Fare Hospital"
      }
    },
    {
      "type": "Feature",
      "geometry": {
        "type": "Point",
        "coordinates": [
          89.3757393,
          24.832115
        ]
      },
      "properties": {
        "amenity": "clinic",
        "healthcare": "clinic",
        "name": "\u09b6\u09be\u09ae\u09b8\u09c1\u09a8 \u09a8\u09be\u09b9\u09be\u09b0 \u0995\u09cd\u09b2\u09bf\u09a8\u09bf\u0995",
        "name:bn": "\u09b6\u09be\u09ae\u09b8\u09c1\u09a8 \u09a8\u09be\u09b9\u09be\u09b0 \u0995\u09cd\u09b2\u09bf\u09a8\u09bf\u0995",
        "name:en": "Shamsun Nahar Clinic"
      }
    },
    {
      "type": "Feature",
      "geometry": {
        "type": "Point",
        "coordinates": [
          89.375983,
          24.8335803
        ]
      },
      "properties": {
        "addr:city": "Bogra",
        "addr:street": "\u09b6\u09c7\u09b0\u09aa\u09c1\u09b0 \u09b8\u09a1\u09bc\u0995",
        "amenity": "clinic",
        "healthcare": "clinic",
        "name": "\u09a1\u0995\u09cd\u099f\u09b0'\u09b8 \u0995\u09cd\u09b2\u09bf\u09a8\u09bf\u0995 \u0987\u0989\u09a8\u09bf\u099f-\u09e8",
        "name:bn": "\u09a1\u0995\u09cd\u099f\u09b0'\u09b8 \u0995\u09cd\u09b2\u09bf\u09a8\u09bf\u0995 \u0987\u0989\u09a8\u09bf\u099f-\u09e8",
        "name:en": "Doctor's Clinic Unit-2",
        "opening_hours": "24/7"
      }
    },
    {
      "type": "Feature",
      "geometry": {
        "type": "Point",
        "coordinates": [
          88.5816359,
          24.3707549
        ]
      },
      "properties": {
        "amenity": "clinic",
        "healthcare": "clinic",
        "name": "Nima Fatima Diagonestic Center"
      }
    },
    {
      "type": "Feature",
      "geometry": {
        "type": "Point",
        "coordinates": [
          88.5816462,
          24.3704561
        ]
      },
      "properties": {
        "amenity": "hospital",
        "healthcare": "hospital",
        "name": "Jamjam Islami Hospital"
      }
    },
    {
      "type": "Feature",
      "geometry": {
        "type": "Point",
        "coordinates": [
          88.5816231,
          24.370036
        ]
      },
      "properties": {
        "amenity": "clinic",
        "healthcare": "clinic",
        "name": "Raj Pathology"
      }
    },
    {
      "type": "Feature",
      "geometry": {
        "type": "Point",
        "coordinates": [
          88.5813246,
          24.369915
        ]
      },
      "properties": {
        "amenity": "clinic",
        "healthcare": "clinic",
        "name": "B N Institute Medical"
      }
    },
    {
      "type": "Feature",
      "geometry": {
        "type": "Point",
        "coordinates": [
          88.581289,
          24.3698018
        ]
      },
      "properties": {
        "amenity": "clinic",
        "healthcare": "clinic",
        "name": "Life Gard Institute Medical"
      }
    },
    {
      "type": "Feature",
      "geometry": {
        "type": "Point",
        "coordinates": [
          88.5812196,
          24.3696834
        ]
      },
      "properties": {
        "amenity": "clinic",
        "healthcare": "clinic",
        "name": "Lab Med"
      }
    },
    {
      "type": "Feature",
      "geometry": {
        "type": "Point",
        "coordinates": [
          88.5810983,
          24.3693773
        ]
      },
      "properties": {
        "amenity": "hospital",
        "healthcare": "hospital",
        "name": "Comfort Pheotheraphy"
      }
    },
    {
      "type": "Feature",
      "geometry": {
        "type": "Point",
        "coordinates": [
          88.581002,
          24.3688765
        ]
      },
      "properties": {
        "amenity": "clinic",
        "healthcare": "clinic",
        "name": "Bangladesh Private Clinic Association"
      }
    },
    {
      "type": "Feature",
      "geometry": {
        "type": "Point",
        "coordinates": [
          88.5809741,
          24.3685845
        ]
      },
      "properties": {
        "amenity": "hospital",
        "healthcare": "hospital",
        "name": "Rajshahi Metropalitan Hospital"
      }
    },
    {
      "type": "Feature",
      "geometry": {
        "type": "Point",
        "coordinates": [
          88.5785242,
          24.372735
        ]
      },
      "properties": {
        "amenity": "hospital",
        "healthcare": "hospital",
        "name": "Amana Hospital"
      }
    },
    {
      "type": "Feature",
      "geometry": {
        "type": "Point",
        "coordinates": [
          88.6242573,
          24.3604558
        ]
      },
      "properties": {
        "amenity": "hospital",
        "healthcare": "hospital",
        "name": "Prime Medical Technology"
      }
    },
    {
      "type": "Feature",
      "geometry": {
        "type": "Point",
        "coordinates": [
          89.0237074,
          23.2607133
        ]
      },
      "properties": {
        "amenity": "hospital",
        "healthcare": "hospital",
        "name": "Pallabi Hospital"
      }
    },
    {
      "type": "Feature",
      "geometry": {
        "type": "Point",
        "coordinates": [
          89.0239847,
          23.2605121
        ]
      },
      "properties": {
        "amenity": "hospital",
        "healthcare": "hospital",
        "name": "Madhumati Hospital"
      }
    },
    {
      "type": "Feature",
      "geometry": {
        "type": "Point",
        "coordinates": [
          89.2087458,
          23.16828
        ]
      },
      "properties": {
        "amenity": "hospital",
        "healthcare": "hospital",
        "name": "Unique Hospital"
      }
    },
    {
      "type": "Feature",
      "geometry": {
        "type": "Point",
        "coordinates": [
          89.2086704,
          23.1683177
        ]
      },
      "properties": {
        "amenity": "hospital",
        "healthcare": "hospital",
        "name": "Scan Hospital"
      }
    },
    {
      "type": "Feature",
      "geometry": {
        "type": "Point",
        "coordinates": [
          89.2090693,
          23.1678854
        ]
      },
      "properties": {
        "amenity": "hospital",
        "healthcare": "hospital",
        "name": "Ashim Hospital"
      }
    },
    {
      "type": "Feature",
      "geometry": {
        "type": "Point",
        "coordinates": [
          89.2093694,
          23.1677768
        ]
      },
      "properties": {
        "amenity": "hospital",
        "healthcare": "hospital",
        "name": "Renesha Hospital"
      }
    },
    {
      "type": "Feature",
      "geometry": {
        "type": "Point",
        "coordinates": [
          89.2113023,
          23.1685173
        ]
      },
      "properties": {
        "amenity": "hospital",
        "healthcare": "hospital",
        "name": "Quence Hospital"
      }
    },
    {
      "type": "Feature",
      "geometry": {
        "type": "Point",
        "coordinates": [
          89.2104867,
          23.1682492
        ]
      },
      "properties": {
        "amenity": "hospital",
        "healthcare": "hospital",
        "name": "Ibn Sina Hospital"
      }
    },
    {
      "type": "Feature",
      "geometry": {
        "type": "Point",
        "coordinates": [
          89.2117088,
          23.1685821
        ]
      },
      "properties": {
        "amenity": "hospital",
        "healthcare": "hospital",
        "name": "United Hospital"
      }
    },
    {
      "type": "Feature",
      "geometry": {
        "type": "Point",
        "coordinates": [
          89.2119376,
          23.1686291
        ]
      },
      "properties": {
        "amenity": "hospital",
        "healthcare": "hospital",
        "name": "Uttara Hospital"
      }
    },
    {
      "type": "Feature",
      "geometry": {
        "type": "Point",
        "coordinates": [
          89.2122209,
          23.1687994
        ]
      },
      "properties": {
        "amenity": "hospital",
        "healthcare": "hospital",
        "name": "Janata Hospital"
      }
    },
    {
      "type": "Feature",
      "geometry": {
        "type": "Point",
        "coordinates": [
          89.2053373,
          23.1568699
        ]
      },
      "properties": {
        "amenity": "hospital",
        "healthcare": "hospital",
        "name": "Pongu Hospital"
      }
    },
    {
      "type": "Feature",
      "geometry": {
        "type": "Point",
        "coordinates": [
          89.2046712,
          23.1691866
        ]
      },
      "properties": {
        "amenity": "hospital",
        "healthcare": "hospital",
        "name": "Fatema Hospital"
      }
    },
    {
      "type": "Feature",
      "geometry": {
        "type": "Point",
        "coordinates": [
          89.2047078,
          23.1694061
        ]
      },
      "properties": {
        "amenity": "hospital",
        "healthcare": "hospital",
        "name": "Genesis Hospital"
      }
    },
    {
      "type": "Feature",
      "geometry": {
        "type": "Point",
        "coordinates": [
          89.1970088,
          23.1711715
        ]
      },
      "properties": {
        "amenity": "hospital",
        "healthcare": "hospital",
        "name": "Police Line Hospital"
      }
    },
    {
      "type": "Feature",
      "geometry": {
        "type": "Point",
        "coordinates": [
          89.0681076,
          22.7216515
        ]
      },
      "properties": {
        "amenity": "clinic",
        "healthcare": "clinic",
        "name": "Masanger Diagonestic Center"
      }
    },
    {
      "type": "Feature",
      "geometry": {
        "type": "Point",
        "coordinates": [
          89.0692134,
          22.7218663
        ]
      },
      "properties": {
        "amenity": "clinic",
        "healthcare": "clinic",
        "name": "Swapna Clinic"
      }
    },
    {
      "type": "Feature",
      "geometry": {
        "type": "Point",
        "coordinates": [
          89.0692673,
          22.7218835
        ]
      },
      "properties": {
        "amenity": "clinic",
        "healthcare": "clinic",
        "name": "Satkhira Diagonestics Center"
      }
    },
    {
      "type": "Feature",
      "geometry": {
        "type": "Point",
        "coordinates": [
          89.0695825,
          22.7219454
        ]
      },
      "properties": {
        "amenity": "clinic",
        "healthcare": "clinic",
        "name": "Digital Diagonestics Center"
      }
    },
    {
      "type": "Feature",
      "geometry": {
        "type": "Point",
        "coordinates": [
          89.0718064,
          22.7224107
        ]
      },
      "properties": {
        "amenity": "hospital",
        "healthcare": "hospital",
        "name": "Bushra Hospital"
      }
    },
    {
      "type": "Feature",
      "geometry": {
        "type": "Point",
        "coordinates": [
          92.4081618,
          22.0478322
        ]
      },
      "properties": {
        "amenity": "hospital",
        "healthcare": "hospital",
        "name": "Ruma Health Complex"
      }
    },
    {
      "type": "Feature",
      "geometry": {
        "type": "Point",
        "coordinates": [
          90.3547914,
          23.7993093
        ]
      },
      "properties": {
        "amenity": "clinic",
        "name": "Saik Digital Diagnostic Lab",
        "opening_hours": "Sa-Th 10:00-21:00; Fr 10:00-20:00"
      }
    },
    {
      "type": "Feature",
      "geometry": {
        "type": "Point",
        "coordinates": [
          90.3548709,
          23.7993593
        ]
      },
      "properties": {
        "amenity": "clinic",
        "name": "Medinet Health Care",
        "opening_hours": "Sa-Th 09:00-17:00",
        "wheelchair": "no"
      }
    },
    {
      "type": "Feature",
      "geometry": {
        "type": "Point",
        "coordinates": [
          88.5554524,
          26.337441
        ]
      },
      "properties": {
        "amenity": "hospital",
        "healthcare": "hospital",
        "name": "City General Hospital"
      }
    },
    {
      "type": "Feature",
      "geometry": {
        "type": "Point",
        "coordinates": [
          88.5554862,
          26.3375442
        ]
      },
      "properties": {
        "amenity": "clinic",
        "healthcare": "clinic",
        "name": "Alif Dental Clinic"
      }
    },
    {
      "type": "Feature",
      "geometry": {
        "type": "Point",
        "coordinates": [
          88.5554908,
          26.3376353
        ]
      },
      "properties": {
        "amenity": "clinic",
        "healthcare": "clinic",
        "name": "Desh Clinic"
      }
    },
    {
      "type": "Feature",
      "geometry": {
        "type": "Point",
        "coordinates": [
          88.555288,
          26.3377275
        ]
      },
      "properties": {
        "amenity": "clinic",
        "healthcare": "clinic",
        "name": "Meri Stap Clinic"
      }
    },
    {
      "type": "Feature",
      "geometry": {
        "type": "Point",
        "coordinates": [
          88.5559822,
          26.338919
        ]
      },
      "properties": {
        "amenity": "clinic",
        "healthcare": "clinic",
        "name": "Sono LAB"
      }
    },
    {
      "type": "Feature",
      "geometry": {
        "type": "Point",
        "coordinates": [
          88.5560005,
          26.3392066
        ]
      },
      "properties": {
        "amenity": "clinic",
        "healthcare": "clinic",
        "name": "Digi Care"
      }
    },
    {
      "type": "Feature",
      "geometry": {
        "type": "Point",
        "coordinates": [
          88.5563418,
          26.3398041
        ]
      },
      "properties": {
        "amenity": "hospital",
        "healthcare": "hospital",
        "name": "Digital General Hospital Panchagar"
      }
    },
    {
      "type": "Feature",
      "geometry": {
        "type": "Point",
        "coordinates": [
          89.231751,
          25.764691
        ]
      },
      "properties": {
        "amenity": "clinic",
        "healthcare": "clinic",
        "name": "Appollo Diagonestics Center"
      }
    },
    {
      "type": "Feature",
      "geometry": {
        "type": "Point",
        "coordinates": [
          89.2320903,
          25.7644748
        ]
      },
      "properties": {
        "amenity": "clinic",
        "healthcare": "clinic",
        "name": "Central Clinic and Diagonestics Centr"
      }
    },
    {
      "type": "Feature",
      "geometry": {
        "type": "Point",
        "coordinates": [
          89.2321506,
          25.7644253
        ]
      },
      "properties": {
        "amenity": "clinic",
        "healthcare": "clinic",
        "name": "Anex Diagonestics Center"
      }
    },
    {
      "type": "Feature",
      "geometry": {
        "type": "Point",
        "coordinates": [
          89.2324159,
          25.7642844
        ]
      },
      "properties": {
        "amenity": "clinic",
        "healthcare": "clinic",
        "name": "New Patgram Diagonestics Center"
      }
    },
    {
      "type": "Feature",
      "geometry": {
        "type": "Point",
        "coordinates": [
          89.2324425,
          25.764266
        ]
      },
      "properties": {
        "amenity": "clinic",
        "healthcare": "clinic",
        "name": "Ahmed Dental Care"
      }
    },
    {
      "type": "Feature",
      "geometry": {
        "type": "Point",
        "coordinates": [
          89.2324667,
          25.7642511
        ]
      },
      "properties": {
        "amenity": "clinic",
        "healthcare": "clinic",
        "name": "Appollo Diagonestics Center"
      }
    },
    {
      "type": "Feature",
      "geometry": {
        "type": "Point",
        "coordinates": [
          89.2325457,
          25.7642014
        ]
      },
      "properties": {
        "amenity": "hospital",
        "healthcare": "hospital",
        "name": "Sheba Hospital"
      }
    },
    {
      "type": "Feature",
      "geometry": {
        "type": "Point",
        "coordinates": [
          89.232456,
          25.7645183
        ]
      },
      "properties": {
        "amenity": "clinic",
        "healthcare": "clinic",
        "name": "Appex Dental Care"
      }
    },
    {
      "type": "Feature",
      "geometry": {
        "type": "Point",
        "coordinates": [
          89.2323159,
          25.7647334
        ]
      },
      "properties": {
        "amenity": "clinic",
        "healthcare": "clinic",
        "name": "Ekota Diagonestics Center"
      }
    },
    {
      "type": "Feature",
      "geometry": {
        "type": "Point",
        "coordinates": [
          89.2326621,
          25.7640959
        ]
      },
      "properties": {
        "amenity": "clinic",
        "healthcare": "clinic",
        "name": "Sun Diagonestics Center"
      }
    },
    {
      "type": "Feature",
      "geometry": {
        "type": "Point",
        "coordinates": [
          89.2328337,
          25.7639184
        ]
      },
      "properties": {
        "amenity": "clinic",
        "healthcare": "clinic",
        "name": "Sondhani Clinic"
      }
    },
    {
      "type": "Feature",
      "geometry": {
        "type": "Point",
        "coordinates": [
          89.2336659,
          25.7633519
        ]
      },
      "properties": {
        "amenity": "clinic",
        "healthcare": "clinic",
        "name": "Sheba Vaccine Center"
      }
    },
    {
      "type": "Feature",
      "geometry": {
        "type": "Point",
        "coordinates": [
          89.2337191,
          25.7633304
        ]
      },
      "properties": {
        "amenity": "clinic",
        "healthcare": "clinic",
        "name": "pathology Center"
      }
    },
    {
      "type": "Feature",
      "geometry": {
        "type": "Point",
        "coordinates": [
          89.2338569,
          25.7632367
        ]
      },
      "properties": {
        "amenity": "clinic",
        "healthcare": "clinic",
        "name": "Fare Diagonestics"
      }
    },
    {
      "type": "Feature",
      "geometry": {
        "type": "Point",
        "coordinates": [
          89.2338962,
          25.7632132
        ]
      },
      "properties": {
        "amenity": "clinic",
        "healthcare": "clinic",
        "name": "Anko Pathology"
      }
    },
    {
      "type": "Feature",
      "geometry": {
        "type": "Point",
        "coordinates": [
          89.2340295,
          25.7628497
        ]
      },
      "properties": {
        "amenity": "clinic",
        "healthcare": "clinic",
        "name": "The New Pathology"
      }
    },
    {
      "type": "Feature",
      "geometry": {
        "type": "Point",
        "coordinates": [
          89.234219,
          25.7632062
        ]
      },
      "properties": {
        "amenity": "clinic",
        "healthcare": "clinic",
        "name": "Tech Care Lab"
      }
    },
    {
      "type": "Feature",
      "geometry": {
        "type": "Point",
        "coordinates": [
          89.234363,
          25.7628497
        ]
      },
      "properties": {
        "amenity": "clinic",
        "healthcare": "clinic",
        "name": "Classic Diagonestics"
      }
    },
    {
      "type": "Feature",
      "geometry": {
        "type": "Point",
        "coordinates": [
          89.2343938,
          25.7628309
        ]
      },
      "properties": {
        "amenity": "clinic",
        "healthcare": "clinic",
        "name": "Alam Ex Re Diagonestics"
      }
    },
    {
      "type": "Feature",
      "geometry": {
        "type": "Point",
        "coordinates": [
          89.2345887,
          25.7628441
        ]
      },
      "properties": {
        "amenity": "clinic",
        "healthcare": "clinic",
        "name": "Royal Diagonestics"
      }
    },
    {
      "type": "Feature",
      "geometry": {
        "type": "Point",
        "coordinates": [
          89.2346118,
          25.7628288
        ]
      },
      "properties": {
        "amenity": "clinic",
        "healthcare": "clinic",
        "name": "Metro Dental Care"
      }
    },
    {
      "type": "Feature",
      "geometry": {
        "type": "Point",
        "coordinates": [
          89.2346973,
          25.7627831
        ]
      },
      "properties": {
        "amenity": "clinic",
        "healthcare": "clinic",
        "name": "Brothers Lab"
      }
    },
    {
      "type": "Feature",
      "geometry": {
        "type": "Point",
        "coordinates": [
          89.2347577,
          25.7622969
        ]
      },
      "properties": {
        "amenity": "hospital",
        "healthcare": "hospital",
        "name": "Uttam Sheba Hospital"
      }
    },
    {
      "type": "Feature",
      "geometry": {
        "type": "Point",
        "coordinates": [
          89.2347472,
          25.7624736
        ]
      },
      "properties": {
        "amenity": "clinic",
        "healthcare": "clinic",
        "name": "Prime Diagonestics"
      }
    },
    {
      "type": "Feature",
      "geometry": {
        "type": "Point",
        "coordinates": [
          89.2348429,
          25.7624357
        ]
      },
      "properties": {
        "amenity": "clinic",
        "healthcare": "clinic",
        "name": "Health Care Hospital"
      }
    },
    {
      "type": "Feature",
      "geometry": {
        "type": "Point",
        "coordinates": [
          89.2349445,
          25.762626
        ]
      },
      "properties": {
        "amenity": "clinic",
        "healthcare": "clinic",
        "name": "Recent Diagonestics"
      }
    },
    {
      "type": "Feature",
      "geometry": {
        "type": "Point",
        "coordinates": [
          89.235039,
          25.7624904
        ]
      },
      "properties": {
        "amenity": "clinic",
        "healthcare": "clinic",
        "name": "Mohammadi Diagonestics"
      }
    },
    {
      "type": "Feature",
      "geometry": {
        "type": "Point",
        "coordinates": [
          89.2351126,
          25.7620614
        ]
      },
      "properties": {
        "amenity": "clinic",
        "healthcare": "clinic",
        "name": "Delta Dagonestics Center"
      }
    },
    {
      "type": "Feature",
      "geometry": {
        "type": "Point",
        "coordinates": [
          89.2350026,
          25.7618482
        ]
      },
      "properties": {
        "amenity": "hospital",
        "healthcare": "hospital",
        "name": "Islami Bank Community Hospital"
      }
    },
    {
      "type": "Feature",
      "geometry": {
        "type": "Point",
        "coordinates": [
          89.2354474,
          25.7619001
        ]
      },
      "properties": {
        "amenity": "hospital",
        "healthcare": "hospital",
        "name": "Dhap Bio Lab"
      }
    },
    {
      "type": "Feature",
      "geometry": {
        "type": "Point",
        "coordinates": [
          89.2356799,
          25.7616004
        ]
      },
      "properties": {
        "amenity": "clinic",
        "healthcare": "clinic",
        "name": "Crecent Dental Center"
      }
    },
    {
      "type": "Feature",
      "geometry": {
        "type": "Point",
        "coordinates": [
          89.2362535,
          25.7612985
        ]
      },
      "properties": {
        "amenity": "clinic",
        "healthcare": "clinic",
        "name": "Jhorna Altrasnowgram"
      }
    },
    {
      "type": "Feature",
      "geometry": {
        "type": "Point",
        "coordinates": [
          89.2364104,
          25.7612163
        ]
      },
      "properties": {
        "amenity": "clinic",
        "healthcare": "clinic",
        "name": "Dentist Point"
      }
    },
    {
      "type": "Feature",
      "geometry": {
        "type": "Point",
        "coordinates": [
          89.2365123,
          25.7611789
        ]
      },
      "properties": {
        "amenity": "clinic",
        "healthcare": "clinic",
        "name": "Comfort Dental Care"
      }
    },
    {
      "type": "Feature",
      "geometry": {
        "type": "Point",
        "coordinates": [
          89.2366504,
          25.761104
        ]
      },
      "properties": {
        "amenity": "clinic",
        "healthcare": "clinic",
        "name": "Bright Dental Care"
      }
    },
    {
      "type": "Feature",
      "geometry": {
        "type": "Point",
        "coordinates": [
          89.2396858,
          25.7611578
        ]
      },
      "properties": {
        "amenity": "hospital",
        "healthcare": "hospital",
        "name": "Kabir Uddin Memorial College Hospital"
      }
    },
    {
      "type": "Feature",
      "geometry": {
        "type": "Point",
        "coordinates": [
          89.2393685,
          25.7611217
        ]
      },
      "properties": {
        "amenity": "hospital",
        "healthcare": "hospital",
        "name": "Lifeline Community Hospital"
      }
    },
    {
      "type": "Feature",
      "geometry": {
        "type": "Point",
        "coordinates": [
          91.8257291,
          22.3589673
        ]
      },
      "properties": {
        "amenity": "clinic",
        "healthcare": "clinic",
        "name": "Jahangir Dental"
      }
    },
    {
      "type": "Feature",
      "geometry": {
        "type": "Point",
        "coordinates": [
          91.8264175,
          22.3591342
        ]
      },
      "properties": {
        "amenity": "clinic",
        "healthcare": "clinic",
        "name": "Creative Dental"
      }
    },
    {
      "type": "Feature",
      "geometry": {
        "type": "Point",
        "coordinates": [
          91.8270804,
          22.3596146
        ]
      },
      "properties": {
        "amenity": "clinic",
        "healthcare": "clinic",
        "name": "Meristop Clinic"
      }
    },
    {
      "type": "Feature",
      "geometry": {
        "type": "Point",
        "coordinates": [
          91.8277582,
          22.3600101
        ]
      },
      "properties": {
        "amenity": "hospital",
        "healthcare": "hospital",
        "name": "Premier Hospital"
      }
    },
    {
      "type": "Feature",
      "geometry": {
        "type": "Point",
        "coordinates": [
          91.8297078,
          22.3607873
        ]
      },
      "properties": {
        "amenity": "clinic",
        "healthcare": "clinic",
        "name": "Central Lab"
      }
    },
    {
      "type": "Feature",
      "geometry": {
        "type": "Point",
        "coordinates": [
          91.8801888,
          24.8878229
        ]
      },
      "properties": {
        "addr:city": "Sylhet",
        "addr:street": "Shahjalal Uposhahar Main Road",
        "amenity": "hospital",
        "emergency": "yes",
        "healthcare": "hospital",
        "name": "Oyesis Hospital"
      }
    },
    {
      "type": "Feature",
      "geometry": {
        "type": "Point",
        "coordinates": [
          89.8364233,
          23.6047645
        ]
      },
      "properties": {
        "amenity": "hospital",
        "healthcare": "hospital",
        "name": "Samorita Hospital"
      }
    },
    {
      "type": "Feature",
      "geometry": {
        "type": "Point",
        "coordinates": [
          89.8365442,
          23.6047008
        ]
      },
      "properties": {
        "amenity": "hospital",
        "healthcare": "hospital",
        "name": "kollann Diagonestics Center"
      }
    },
    {
      "type": "Feature",
      "geometry": {
        "type": "Point",
        "coordinates": [
          89.8366717,
          23.6049881
        ]
      },
      "properties": {
        "amenity": "hospital",
        "healthcare": "hospital",
        "name": "Shefa Diagonestics Center"
      }
    },
    {
      "type": "Feature",
      "geometry": {
        "type": "Point",
        "coordinates": [
          89.8367287,
          23.6048573
        ]
      },
      "properties": {
        "amenity": "hospital",
        "healthcare": "hospital",
        "name": "Clasic Dental"
      }
    },
    {
      "type": "Feature",
      "geometry": {
        "type": "Point",
        "coordinates": [
          89.8368058,
          23.6049201
        ]
      },
      "properties": {
        "amenity": "hospital",
        "healthcare": "hospital",
        "name": "Monika Hospital"
      }
    },
    {
      "type": "Feature",
      "geometry": {
        "type": "Point",
        "coordinates": [
          89.8368973,
          23.6051591
        ]
      },
      "properties": {
        "amenity": "hospital",
        "healthcare": "hospital",
        "name": "Aftab DIgital Diagonestcis Center"
      }
    },
    {
      "type": "Feature",
      "geometry": {
        "type": "Point",
        "coordinates": [
          89.8371981,
          23.6052963
        ]
      },
      "properties": {
        "amenity": "hospital",
        "healthcare": "hospital",
        "name": "Janani D Lab"
      }
    },
    {
      "type": "Feature",
      "geometry": {
        "type": "Point",
        "coordinates": [
          89.8332342,
          23.5890281
        ]
      },
      "properties": {
        "amenity": "hospital",
        "healthcare": "hospital",
        "name": "Ma Moni Digital Diagonestics Center"
      }
    },
    {
      "type": "Feature",
      "geometry": {
        "type": "Point",
        "coordinates": [
          89.8331285,
          23.5891141
        ]
      },
      "properties": {
        "amenity": "hospital",
        "healthcare": "hospital",
        "name": "Faridpur Al Madina Hospital"
      }
    },
    {
      "type": "Feature",
      "geometry": {
        "type": "Point",
        "coordinates": [
          89.8328376,
          23.5895035
        ]
      },
      "properties": {
        "amenity": "hospital",
        "healthcare": "hospital",
        "name": "Provati Private Hospital"
      }
    },
    {
      "type": "Feature",
      "geometry": {
        "type": "Point",
        "coordinates": [
          89.9188991,
          24.2529084
        ]
      },
      "properties": {
        "amenity": "hospital",
        "healthcare": "hospital",
        "name": "Comfort Dental"
      }
    },
    {
      "type": "Feature",
      "geometry": {
        "type": "Point",
        "coordinates": [
          89.9223756,
          24.2608099
        ]
      },
      "properties": {
        "amenity": "hospital",
        "healthcare": "hospital",
        "name": "Sarkar Hospital"
      }
    },
    {
      "type": "Feature",
      "geometry": {
        "type": "Point",
        "coordinates": [
          89.9223481,
          24.2609856
        ]
      },
      "properties": {
        "amenity": "hospital",
        "healthcare": "hospital",
        "name": "N I Jakir Hospital"
      }
    },
    {
      "type": "Feature",
      "geometry": {
        "type": "Point",
        "coordinates": [
          89.9223599,
          24.2614481
        ]
      },
      "properties": {
        "amenity": "hospital",
        "healthcare": "hospital",
        "name": "Comfort Hospital"
      }
    },
    {
      "type": "Feature",
      "geometry": {
        "type": "Point",
        "coordinates": [
          89.9224149,
          24.261699
        ]
      },
      "properties": {
        "amenity": "hospital",
        "healthcare": "hospital",
        "name": "Asia Hospital"
      }
    },
    {
      "type": "Feature",
      "geometry": {
        "type": "Point",
        "coordinates": [
          89.9224779,
          24.2618855
        ]
      },
      "properties": {
        "amenity": "hospital",
        "healthcare": "hospital",
        "name": "Amena Dental"
      }
    },
    {
      "type": "Feature",
      "geometry": {
        "type": "Point",
        "coordinates": [
          89.9225093,
          24.2620181
        ]
      },
      "properties": {
        "amenity": "hospital",
        "healthcare": "hospital",
        "name": "Desh Bondhu Hospital"
      }
    },
    {
      "type": "Feature",
      "geometry": {
        "type": "Point",
        "coordinates": [
          89.9225722,
          24.2622225
        ]
      },
      "properties": {
        "amenity": "hospital",
        "healthcare": "hospital",
        "name": "Tangail Model Pharam"
      }
    },
    {
      "type": "Feature",
      "geometry": {
        "type": "Point",
        "coordinates": [
          89.9235177,
          24.2627266
        ]
      },
      "properties": {
        "amenity": "hospital",
        "healthcare": "hospital",
        "name": "SSS Hospital"
      }
    },
    {
      "type": "Feature",
      "geometry": {
        "type": "Point",
        "coordinates": [
          89.9236822,
          24.2627145
        ]
      },
      "properties": {
        "amenity": "clinic",
        "healthcare": "clinic",
        "name": "Bhuyan Dental Care"
      }
    },
    {
      "type": "Feature",
      "geometry": {
        "type": "Point",
        "coordinates": [
          89.9240317,
          24.2623983
        ]
      },
      "properties": {
        "amenity": "hospital",
        "healthcare": "hospital",
        "name": "Diabetic Hospital"
      }
    },
    {
      "type": "Feature",
      "geometry": {
        "type": "Point",
        "coordinates": [
          89.9245516,
          24.2625841
        ]
      },
      "properties": {
        "amenity": "hospital",
        "healthcare": "hospital",
        "name": "Lab Zone Hospital"
      }
    },
    {
      "type": "Feature",
      "geometry": {
        "type": "Point",
        "coordinates": [
          89.9247265,
          24.262536
        ]
      },
      "properties": {
        "amenity": "hospital",
        "healthcare": "hospital",
        "name": "Padma Digital Clinic"
      }
    },
    {
      "type": "Feature",
      "geometry": {
        "type": "Point",
        "coordinates": [
          89.9248821,
          24.2625168
        ]
      },
      "properties": {
        "amenity": "hospital",
        "healthcare": "hospital",
        "name": "Life Pharma Medical Hal"
      }
    },
    {
      "type": "Feature",
      "geometry": {
        "type": "Point",
        "coordinates": [
          89.9244073,
          24.2623311
        ]
      },
      "properties": {
        "amenity": "hospital",
        "healthcare": "hospital",
        "name": "Sunrise Hospital"
      }
    },
    {
      "type": "Feature",
      "geometry": {
        "type": "Point",
        "coordinates": [
          89.9246252,
          24.2623406
        ]
      },
      "properties": {
        "amenity": "hospital",
        "healthcare": "hospital",
        "name": "Sadesh Hospital"
      }
    },
    {
      "type": "Feature",
      "geometry": {
        "type": "Point",
        "coordinates": [
          89.9258702,
          24.2664451
        ]
      },
      "properties": {
        "amenity": "hospital",
        "healthcare": "hospital",
        "name": "Amena Hospital"
      }
    },
    {
      "type": "Feature",
      "geometry": {
        "type": "Point",
        "coordinates": [
          89.9262904,
          24.266475
        ]
      },
      "properties": {
        "amenity": "hospital",
        "healthcare": "hospital",
        "name": "Manob Sheba Hospital"
      }
    },
    {
      "type": "Feature",
      "geometry": {
        "type": "Point",
        "coordinates": [
          89.9252175,
          24.2663636
        ]
      },
      "properties": {
        "amenity": "hospital",
        "healthcare": "hospital",
        "name": "Sonia Nurching Home"
      }
    },
    {
      "type": "Feature",
      "geometry": {
        "type": "Point",
        "coordinates": [
          89.9252294,
          24.2665986
        ]
      },
      "properties": {
        "amenity": "hospital",
        "healthcare": "hospital",
        "name": "Sheba Hospital"
      }
    },
    {
      "type": "Feature",
      "geometry": {
        "type": "Point",
        "coordinates": [
          89.9252741,
          24.2670985
        ]
      },
      "properties": {
        "amenity": "hospital",
        "healthcare": "hospital",
        "name": "Unite Hospital"
      }
    },
    {
      "type": "Feature",
      "geometry": {
        "type": "Point",
        "coordinates": [
          89.925283,
          24.2670197
        ]
      },
      "properties": {
        "amenity": "hospital",
        "healthcare": "hospital",
        "name": "Merin Nursing Home"
      }
    },
    {
      "type": "Feature",
      "geometry": {
        "type": "Point",
        "coordinates": [
          89.92559,
          24.2667562
        ]
      },
      "properties": {
        "amenity": "hospital",
        "healthcare": "hospital",
        "name": "Fare Hospital"
      }
    },
    {
      "type": "Feature",
      "geometry": {
        "type": "Point",
        "coordinates": [
          89.926947,
          24.2676838
        ]
      },
      "properties": {
        "amenity": "clinic",
        "healthcare": "clinic",
        "name": "Eye Hospital"
      }
    },
    {
      "type": "Feature",
      "geometry": {
        "type": "Point",
        "coordinates": [
          89.9262374,
          24.2682459
        ]
      },
      "properties": {
        "amenity": "clinic",
        "healthcare": "clinic",
        "name": "Atlas Physiotheraphy"
      }
    },
    {
      "type": "Feature",
      "geometry": {
        "type": "Point",
        "coordinates": [
          91.0581442,
          23.1537678
        ]
      },
      "properties": {
        "addr:city": "Cumilla",
        "addr:postcode": "3623",
        "amenity": "hospital",
        "email": "monoharganj@uhfpo.dghs.gov.bd",
        "healthcare": "hospital",
        "mobile": "+8801730324839",
        "name": "Monohorgonj Upazila Health Complex",
        "name:bn": "\u09ae\u09a8\u09cb\u09b9\u09b0\u0997\u099e\u09cd\u099c \u0989\u09aa\u099c\u09c7\u09b2\u09be \u09b8\u09cd\u09ac\u09be\u09b8\u09cd\u09a5\u09cd\u09af \u0995\u09ae\u09aa\u09cd\u09b2\u09c7\u0995\u09cd\u09b8",
        "operator": "Government",
        "operator:type": "government"
      }
    },
    {
      "type": "Feature",
      "geometry": {
        "type": "Point",
        "coordinates": [
          90.3544083,
          23.8014947
        ]
      },
      "properties": {
        "amenity": "hospital",
        "name": "Bangladesh Eye Hospital"
      }
    },
    {
      "type": "Feature",
      "geometry": {
        "type": "Point",
        "coordinates": [
          90.3646697,
          23.7723826
        ]
      },
      "properties": {
        "addr:housenumber": "155/KA",
        "addr:street": "PC Culture Housing Society Ltd, Shyamoli, Dhaka-1207",
        "amenity": "clinic",
        "description": "Pet Clinic",
        "name": "Tetlark Petwell Clinic",
        "name:bn": "\u099f\u09bf\u099f\u09b2\u09be\u09b0\u09cd\u0995 \u09aa\u09c7\u099f\u0993\u09df\u09c7\u09b2 \u0995\u09cd\u09b2\u09bf\u09a8\u09bf\u0995",
        "phone": "01910167091"
      }
    },
    {
      "type": "Feature",
      "geometry": {
        "type": "Point",
        "coordinates": [
          90.3906771,
          23.8703294
        ]
      },
      "properties": {
        "addr:city": "Dhaka",
        "addr:housenumber": "House no 09",
        "addr:postcode": "1230",
        "addr:street": "Sector 13, Gareeb-e-Nawaz Avenue",
        "amenity": "hospital",
        "emergency": "yes",
        "healthcare": "hospital",
        "healthcare:speciality": "general;cardiology",
        "name": "Lubana General Hospital & Uttara Cardiac Center",
        "phone": "0255085972",
        "website": "http://www.lubanahospital.com/"
      }
    },
    {
      "type": "Feature",
      "geometry": {
        "type": "Point",
        "coordinates": [
          88.895401,
          25.7836256
        ]
      },
      "properties": {
        "addr:city": "Rangpur",
        "addr:street": "station road",
        "amenity": "hospital",
        "healthcare": "hospital",
        "healthcare:speciality": "general",
        "name": "Saidpur Upazila Health Complex"
      }
    },
    {
      "type": "Feature",
      "geometry": {
        "type": "Point",
        "coordinates": [
          90.7657901,
          23.0323858
        ]
      },
      "properties": {
        "addr:street": "Lakshmipur-Raipur Road",
        "amenity": "hospital",
        "healthcare": "yes",
        "healthcare:speciality": "general",
        "name": "Raipur Modern Hospital"
      }
    },
    {
      "type": "Feature",
      "geometry": {
        "type": "Point",
        "coordinates": [
          90.7654157,
          23.0321032
        ]
      },
      "properties": {
        "amenity": "hospital",
        "healthcare": "hospital",
        "healthcare:speciality": "general",
        "name": "Janasheba General Hospital"
      }
    },
    {
      "type": "Feature",
      "geometry": {
        "type": "Point",
        "coordinates": [
          88.8537949,
          26.1139117
        ]
      },
      "properties": {
        "amenity": "hospital",
        "healthcare": "hospital",
        "healthcare:speciality": "general",
        "name": "Domar Upazila Health Complex"
      }
    },
    {
      "type": "Feature",
      "geometry": {
        "type": "Point",
        "coordinates": [
          89.8352581,
          23.5881291
        ]
      },
      "properties": {
        "amenity": "hospital",
        "healthcare": "hospital",
        "healthcare:speciality": "general",
        "name": "Faridpur Medical College Hospital"
      }
    },
    {
      "type": "Feature",
      "geometry": {
        "type": "Point",
        "coordinates": [
          90.851371,
          24.1070293
        ]
      },
      "properties": {
        "addr:street": "Poradia-Belabo Road",
        "amenity": "hospital",
        "emergency": "yes",
        "healthcare": "hospital",
        "healthcare:speciality": "general",
        "name": "Belabo Upazila Health Complex"
      }
    },
    {
      "type": "Feature",
      "geometry": {
        "type": "Point",
        "coordinates": [
          88.9602005,
          24.7420817
        ]
      },
      "properties": {
        "amenity": "hospital",
        "healthcare": "hospital",
        "healthcare:speciality": "general",
        "name": "Raninagar Upazila Health Complex"
      }
    },
    {
      "type": "Feature",
      "geometry": {
        "type": "Point",
        "coordinates": [
          89.3166497,
          25.0054956
        ]
      },
      "properties": {
        "amenity": "hospital",
        "healthcare": "hospital",
        "healthcare:speciality": "general",
        "name": "Shibganj Upazila Health Complex"
      }
    },
    {
      "type": "Feature",
      "geometry": {
        "type": "Point",
        "coordinates": [
          88.9029476,
          23.7885458
        ]
      },
      "properties": {
        "addr:city": "Khulna",
        "addr:street": "\u09ac\u09be\u09ae\u09c1\u09a8\u09cd\u09a6\u09bf-\u09b9\u09be\u099f\u09ac\u09cb\u09af\u09bc\u09be\u09b2\u09bf\u09af\u09bc\u09be-\u0986\u09b2\u09ae\u09a1\u09be\u0999\u09cd\u0997\u09be \u09b8\u09a1\u09bc\u0995",
        "amenity": "hospital",
        "healthcare": "hospital",
        "healthcare:speciality": "general",
        "name": "Alamdanga Upazila Health Complex"
      }
    },
    {
      "type": "Feature",
      "geometry": {
        "type": "Point",
        "coordinates": [
          91.8365116,
          24.6549969
        ]
      },
      "properties": {
        "amenity": "hospital",
        "emergency": "yes",
        "healthcare": "hospital",
        "healthcare:speciality": "general;vaccination",
        "name": "Balaganj Upazila Health Complex"
      }
    },
    {
      "type": "Feature",
      "geometry": {
        "type": "Point",
        "coordinates": [
          88.8518582,
          25.150889
        ]
      },
      "properties": {
        "addr:city": "rajshahi",
        "addr:street": "\u09a7\u09be\u09ae\u0987\u09b0\u09b9\u09be\u099f - \u099c\u09af\u09bc\u09aa\u09c1\u09b0\u09b9\u09be\u099f \u09b8\u09a1\u09bc\u0995",
        "amenity": "hospital",
        "healthcare": "hospital",
        "healthcare:speciality": "general",
        "name": "Dhamairhat Upazila Health Complex",
        "name:en": "Dhamairhat Upazila Health Complex"
      }
    },
    {
      "type": "Feature",
      "geometry": {
        "type": "Point",
        "coordinates": [
          89.344526,
          23.2188489
        ]
      },
      "properties": {
        "addr:city": "Khulna",
        "amenity": "hospital",
        "emergency": "yes",
        "healthcare": "hospital",
        "healthcare:speciality": "general",
        "name": "Bagherpara Upazila Health Complex"
      }
    },
    {
      "type": "Feature",
      "geometry": {
        "type": "Point",
        "coordinates": [
          89.6411666,
          22.7978477
        ]
      },
      "properties": {
        "addr:city": "Khulna",
        "addr:street": "\u09b0\u09c2\u09aa\u09b8\u09be-\u09ac\u09be\u0997\u09c7\u09b0\u09b9\u09be\u099f \u09b8\u09a1\u09bc\u0995",
        "amenity": "hospital",
        "healthcare": "hospital",
        "healthcare:speciality": "general",
        "name": "Rupsha Upazila Health Complex"
      }
    },
    {
      "type": "Feature",
      "geometry": {
        "type": "Point",
        "coordinates": [
          90.2698804,
          22.6341367
        ]
      },
      "properties": {
        "addr:city": "Jhalokati",
        "amenity": "hospital",
        "healthcare": "hospital",
        "healthcare:speciality": "general",
        "name": "Nalchithi Upazila Health Complex"
      }
    },
    {
      "type": "Feature",
      "geometry": {
        "type": "Point",
        "coordinates": [
          89.6645924,
          26.1194667
        ]
      },
      "properties": {
        "amenity": "hospital",
        "healthcare": "hospital",
        "healthcare:speciality": "general",
        "name": "Bhurungamari Upazila Health Complex"
      }
    },
    {
      "type": "Feature",
      "geometry": {
        "type": "Point",
        "coordinates": [
          88.5749686,
          24.5752483
        ]
      },
      "properties": {
        "addr:city": "Rajshahi",
        "addr:street": "\u09a4\u09be\u09a8\u09cb\u09b0 - \u09b0\u09be\u099c\u09b6\u09be\u09b9\u09c0 \u09ae\u09b9\u09be\u09b8\u09a1\u09bc\u0995",
        "amenity": "hospital",
        "healthcare": "hospital",
        "healthcare:speciality": "general",
        "name": "Tanore Upazila Health Complex"
      }
    },
    {
      "type": "Feature",
      "geometry": {
        "type": "Point",
        "coordinates": [
          89.9132335,
          24.2445779
        ]
      },
      "properties": {
        "amenity": "hospital",
        "healthcare": "hospital",
        "name": "Madinova Hospital"
      }
    },
    {
      "type": "Feature",
      "geometry": {
        "type": "Point",
        "coordinates": [
          89.9137034,
          24.2441112
        ]
      },
      "properties": {
        "amenity": "hospital",
        "healthcare": "hospital",
        "name": "\u09b6\u09be\u09ae\u09b8\u09c1\u09b2 \u09b9\u0995 \u09ae\u09c7\u09ae\u09b0\u09bf\u09af\u09bc\u09be\u09b2 \u09b9\u09b8\u09aa\u09bf\u099f\u09be\u09b2"
      }
    },
    {
      "type": "Feature",
      "geometry": {
        "type": "Point",
        "coordinates": [
          90.4275864,
          23.7460554
        ]
      },
      "properties": {
        "amenity": "clinic",
        "name": "Nogor Matresodon"
      }
    },
    {
      "type": "Feature",
      "geometry": {
        "type": "Point",
        "coordinates": [
          89.9199653,
          24.2517016
        ]
      },
      "properties": {
        "amenity": "hospital",
        "healthcare": "hospital",
        "name": "\u0986\u09b2 \u09b8\u09c7\u09ab\u09be \u0995\u09cd\u09b2\u09bf\u09a8\u09bf\u0995"
      }
    },
    {
      "type": "Feature",
      "geometry": {
        "type": "Point",
        "coordinates": [
          89.9239759,
          24.2632447
        ]
      },
      "properties": {
        "amenity": "hospital",
        "healthcare": "hospital",
        "name": "\u09b0\u09be\u099c\u09a7\u09be\u09a8\u09c0 \u09a8\u09be\u09b8\u09bf\u0982 \u09b9\u09cb\u09ae"
      }
    },
    {
      "type": "Feature",
      "geometry": {
        "type": "Point",
        "coordinates": [
          89.924287,
          24.2641529
        ]
      },
      "properties": {
        "amenity": "hospital",
        "healthcare": "hospital",
        "name": "Tangail Medical College & Hospital"
      }
    },
    {
      "type": "Feature",
      "geometry": {
        "type": "Point",
        "coordinates": [
          90.3678033,
          23.7772349
        ]
      },
      "properties": {
        "amenity": "hospital",
        "name": "National Institute of Laboratory Medicine & Referral Centre"
      }
    },
    {
      "type": "Feature",
      "geometry": {
        "type": "Point",
        "coordinates": [
          89.2337867,
          25.7423483
        ]
      },
      "properties": {
        "amenity": "clinic",
        "healthcare": "clinic",
        "name": "Sky Diagonestics Center"
      }
    },
    {
      "type": "Feature",
      "geometry": {
        "type": "Point",
        "coordinates": [
          89.2338699,
          25.7423407
        ]
      },
      "properties": {
        "amenity": "clinic",
        "healthcare": "clinic",
        "name": "Aroggo Clinic"
      }
    },
    {
      "type": "Feature",
      "geometry": {
        "type": "Point",
        "coordinates": [
          89.2339446,
          25.7423413
        ]
      },
      "properties": {
        "amenity": "clinic",
        "healthcare": "clinic",
        "name": "Pathology House"
      }
    },
    {
      "type": "Feature",
      "geometry": {
        "type": "Point",
        "coordinates": [
          88.9392528,
          24.81693
        ]
      },
      "properties": {
        "amenity": "clinic",
        "healthcare": "clinic",
        "name": "Natural Health Care"
      }
    },
    {
      "type": "Feature",
      "geometry": {
        "type": "Point",
        "coordinates": [
          88.9392355,
          24.817013
        ]
      },
      "properties": {
        "amenity": "clinic",
        "healthcare": "clinic",
        "name": "Appolo Clinic"
      }
    },
    {
      "type": "Feature",
      "geometry": {
        "type": "Point",
        "coordinates": [
          88.9392244,
          24.8170712
        ]
      },
      "properties": {
        "amenity": "clinic",
        "healthcare": "clinic",
        "name": "Holy path Clinic"
      }
    },
    {
      "type": "Feature",
      "geometry": {
        "type": "Point",
        "coordinates": [
          88.9391877,
          24.8171897
        ]
      },
      "properties": {
        "amenity": "clinic",
        "healthcare": "clinic",
        "name": "Compath Medical"
      }
    },
    {
      "type": "Feature",
      "geometry": {
        "type": "Point",
        "coordinates": [
          88.9388256,
          24.8173291
        ]
      },
      "properties": {
        "amenity": "clinic",
        "healthcare": "clinic",
        "name": "Vision Eye Hospital"
      }
    },
    {
      "type": "Feature",
      "geometry": {
        "type": "Point",
        "coordinates": [
          88.9368429,
          24.8187755
        ]
      },
      "properties": {
        "amenity": "clinic",
        "healthcare": "clinic",
        "name": "Popular Dental"
      }
    },
    {
      "type": "Feature",
      "geometry": {
        "type": "Point",
        "coordinates": [
          88.9370031,
          24.8189698
        ]
      },
      "properties": {
        "amenity": "clinic",
        "healthcare": "clinic",
        "name": "Lamia Dental"
      }
    },
    {
      "type": "Feature",
      "geometry": {
        "type": "Point",
        "coordinates": [
          88.9364381,
          24.818969
        ]
      },
      "properties": {
        "amenity": "clinic",
        "healthcare": "clinic",
        "name": "Central Lab Hospital"
      }
    },
    {
      "type": "Feature",
      "geometry": {
        "type": "Point",
        "coordinates": [
          88.9361053,
          24.8192498
        ]
      },
      "properties": {
        "amenity": "clinic",
        "healthcare": "clinic",
        "name": "Islami Bank Hospital"
      }
    },
    {
      "type": "Feature",
      "geometry": {
        "type": "Point",
        "coordinates": [
          90.360228,
          22.6849013
        ]
      },
      "properties": {
        "amenity": "clinic",
        "healthcare": "clinic",
        "name": "Medinova Clinic"
      }
    },
    {
      "type": "Feature",
      "geometry": {
        "type": "Point",
        "coordinates": [
          90.3603501,
          22.6849438
        ]
      },
      "properties": {
        "amenity": "clinic",
        "healthcare": "clinic",
        "name": "Kanika Pathology Clinic"
      }
    },
    {
      "type": "Feature",
      "geometry": {
        "type": "Point",
        "coordinates": [
          90.3653098,
          22.6868678
        ]
      },
      "properties": {
        "amenity": "clinic",
        "healthcare": "clinic",
        "name": "Life City Scan Center"
      }
    },
    {
      "type": "Feature",
      "geometry": {
        "type": "Point",
        "coordinates": [
          90.7796377,
          24.4381294
        ]
      },
      "properties": {
        "amenity": "clinic",
        "healthcare": "clinic",
        "name": "Digilap Diagonestics Center"
      }
    },
    {
      "type": "Feature",
      "geometry": {
        "type": "Point",
        "coordinates": [
          90.7799733,
          24.4378506
        ]
      },
      "properties": {
        "amenity": "clinic",
        "healthcare": "clinic",
        "name": "Jamuna dagonestics Center"
      }
    },
    {
      "type": "Feature",
      "geometry": {
        "type": "Point",
        "coordinates": [
          90.7800682,
          24.4377665
        ]
      },
      "properties": {
        "amenity": "clinic",
        "healthcare": "clinic",
        "name": "Al Noor Diagonestics Center"
      }
    },
    {
      "type": "Feature",
      "geometry": {
        "type": "Point",
        "coordinates": [
          90.7802687,
          24.4375512
        ]
      },
      "properties": {
        "amenity": "clinic",
        "healthcare": "clinic",
        "name": "Shebangon Pathology Lab"
      }
    },
    {
      "type": "Feature",
      "geometry": {
        "type": "Point",
        "coordinates": [
          90.7806409,
          24.4374429
        ]
      },
      "properties": {
        "amenity": "clinic",
        "healthcare": "clinic",
        "name": "Hedilab Health Center"
      }
    },
    {
      "type": "Feature",
      "geometry": {
        "type": "Point",
        "coordinates": [
          90.7808318,
          24.4370471
        ]
      },
      "properties": {
        "amenity": "clinic",
        "healthcare": "clinic",
        "name": "Hossen Diagonestics Center"
      }
    },
    {
      "type": "Feature",
      "geometry": {
        "type": "Point",
        "coordinates": [
          90.7767142,
          24.441941
        ]
      },
      "properties": {
        "amenity": "clinic",
        "healthcare": "clinic",
        "name": "Al Safi Pathology"
      }
    },
    {
      "type": "Feature",
      "geometry": {
        "type": "Point",
        "coordinates": [
          90.7767814,
          24.4418343
        ]
      },
      "properties": {
        "amenity": "clinic",
        "healthcare": "clinic",
        "name": "Medinova Health Care"
      }
    },
    {
      "type": "Feature",
      "geometry": {
        "type": "Point",
        "coordinates": [
          90.776208,
          24.4436841
        ]
      },
      "properties": {
        "amenity": "clinic",
        "healthcare": "clinic",
        "name": "The Medipath Health Care"
      }
    },
    {
      "type": "Feature",
      "geometry": {
        "type": "Point",
        "coordinates": [
          90.1157911,
          23.6188125
        ]
      },
      "properties": {
        "amenity": "hospital",
        "healthcare": "hospital",
        "name": "Joypara Hospital"
      }
    },
    {
      "type": "Feature",
      "geometry": {
        "type": "Point",
        "coordinates": [
          89.3836808,
          24.8874331
        ]
      },
      "properties": {
        "amenity": "hospital",
        "name": "Safe Plus"
      }
    },
    {
      "type": "Feature",
      "geometry": {
        "type": "Point",
        "coordinates": [
          89.3778512,
          24.8284506
        ]
      },
      "properties": {
        "amenity": "hospital",
        "name": "Rainbow Community Hospital and Diagnostic   Centre"
      }
    },
    {
      "type": "Feature",
      "geometry": {
        "type": "Point",
        "coordinates": [
          89.3766632,
          24.8341599
        ]
      },
      "properties": {
        "amenity": "hospital",
        "name": "Aloke Narsing Home and oncology Centre"
      }
    },
    {
      "type": "Feature",
      "geometry": {
        "type": "Point",
        "coordinates": [
          89.3767166,
          24.8314705
        ]
      },
      "properties": {
        "amenity": "hospital",
        "name": "Saic General Hospital"
      }
    },
    {
      "type": "Feature",
      "geometry": {
        "type": "Point",
        "coordinates": [
          89.810017,
          22.97753
        ]
      },
      "properties": {
        "amenity": "hospital",
        "name": "Gobra community clinic"
      }
    },
    {
      "type": "Feature",
      "geometry": {
        "type": "Point",
        "coordinates": [
          90.4434471,
          23.7620245
        ]
      },
      "properties": {
        "amenity": "hospital",
        "name": "Famous Specialized Hospital"
      }
    },
    {
      "type": "Feature",
      "geometry": {
        "type": "Point",
        "coordinates": [
          90.3850072,
          23.7444714
        ]
      },
      "properties": {
        "amenity": "clinic",
        "healthcare": "clinic",
        "name": "Green View Clinic"
      }
    },
    {
      "type": "Feature",
      "geometry": {
        "type": "Point",
        "coordinates": [
          90.3858508,
          23.7477295
        ]
      },
      "properties": {
        "amenity": "clinic",
        "healthcare": "clinic",
        "name": "B K Diagnostic"
      }
    },
    {
      "type": "Feature",
      "geometry": {
        "type": "Point",
        "coordinates": [
          90.3844252,
          23.7431621
        ]
      },
      "properties": {
        "amenity": "clinic",
        "healthcare": "clinic",
        "name": "Thyroid Centre"
      }
    },
    {
      "type": "Feature",
      "geometry": {
        "type": "Point",
        "coordinates": [
          90.3858477,
          23.7476963
        ]
      },
      "properties": {
        "amenity": "clinic",
        "healthcare": "clinic",
        "name": "DG Lab"
      }
    },
    {
      "type": "Feature",
      "geometry": {
        "type": "Point",
        "coordinates": [
          90.3864982,
          23.7486616
        ]
      },
      "properties": {
        "amenity": "clinic",
        "healthcare": "clinic",
        "name": "Dhanmondi Clinic"
      }
    },
    {
      "type": "Feature",
      "geometry": {
        "type": "Point",
        "coordinates": [
          90.3844725,
          23.7432843
        ]
      },
      "properties": {
        "amenity": "clinic",
        "healthcare": "clinic",
        "name": "New Mukta Clinic"
      }
    },
    {
      "type": "Feature",
      "geometry": {
        "type": "Point",
        "coordinates": [
          90.436634,
          23.7625463
        ]
      },
      "properties": {
        "amenity": "hospital",
        "name": "Advance Hospital Ltd."
      }
    },
    {
      "type": "Feature",
      "geometry": {
        "type": "Point",
        "coordinates": [
          90.2616172,
          23.924159
        ]
      },
      "properties": {
        "amenity": "clinic",
        "name": "Safa Health"
      }
    },
    {
      "type": "Feature",
      "geometry": {
        "type": "Point",
        "coordinates": [
          90.3562897,
          23.8002712
        ]
      },
      "properties": {
        "amenity": "clinic",
        "name": "PC LAB"
      }
    },
    {
      "type": "Feature",
      "geometry": {
        "type": "Point",
        "coordinates": [
          91.84916,
          22.3691273
        ]
      },
      "properties": {
        "amenity": "hospital",
        "name": "Safe Maternity Hospital"
      }
    },
    {
      "type": "Feature",
      "geometry": {
        "type": "Point",
        "coordinates": [
          90.4139698,
          23.744582
        ]
      },
      "properties": {
        "amenity": "hospital",
        "name": "Bangladesh Eye Hospital"
      }
    },
    {
      "type": "Feature",
      "geometry": {
        "type": "Point",
        "coordinates": [
          90.4153411,
          23.7436032
        ]
      },
      "properties": {
        "amenity": "hospital",
        "name": "Proshanti Hospital Limited"
      }
    },
    {
      "type": "Feature",
      "geometry": {
        "type": "Point",
        "coordinates": [
          91.8359883,
          22.3426852
        ]
      },
      "properties": {
        "amenity": "clinic",
        "name": "Epic Health Care"
      }
    },
    {
      "type": "Feature",
      "geometry": {
        "type": "Point",
        "coordinates": [
          90.3870929,
          23.7503398
        ]
      },
      "properties": {
        "amenity": "hospital",
        "name": "Unihealth Specialised Hospital"
      }
    },
    {
      "type": "Feature",
      "geometry": {
        "type": "Point",
        "coordinates": [
          91.8523865,
          24.9134102
        ]
      },
      "properties": {
        "amenity": "hospital",
        "healthcare": "hospital",
        "name": "Jalalabad Ragib Rabeya Medical  College  & Hospital"
      }
    },
    {
      "type": "Feature",
      "geometry": {
        "type": "Point",
        "coordinates": [
          91.8620377,
          24.9067001
        ]
      },
      "properties": {
        "amenity": "hospital",
        "name": "Sylhet Pet Care"
      }
    },
    {
      "type": "Feature",
      "geometry": {
        "type": "Point",
        "coordinates": [
          90.4364975,
          23.7491439
        ]
      },
      "properties": {
        "amenity": "hospital",
        "healthcare": "hospital"
      }
    },
    {
      "type": "Feature",
      "geometry": {
        "type": "Point",
        "coordinates": [
          91.8341368,
          22.3436573
        ]
      },
      "properties": {
        "amenity": "hospital",
        "name": "Centre Point Hospital (Pvt) Limited"
      }
    },
    {
      "type": "Feature",
      "geometry": {
        "type": "Point",
        "coordinates": [
          91.8214429,
          22.3523439
        ]
      },
      "properties": {
        "amenity": "hospital",
        "name": "Police Line Hospital"
      }
    },
    {
      "type": "Feature",
      "geometry": {
        "type": "Point",
        "coordinates": [
          89.8705623,
          25.1776696
        ]
      },
      "properties": {
        "amenity": "hospital",
        "healthcare": "hospital",
        "name": "Bakshiganj General Hospital"
      }
    },
    {
      "type": "Feature",
      "geometry": {
        "type": "Point",
        "coordinates": [
          91.3107248,
          24.9380432
        ]
      },
      "properties": {
        "amenity": "hospital",
        "healthcare": "hospital"
      }
    },
    {
      "type": "Feature",
      "geometry": {
        "type": "Point",
        "coordinates": [
          90.0548599,
          23.9070638
        ]
      },
      "properties": {
        "amenity": "hospital",
        "healthcare": "hospital",
        "name": "\u09b0\u09bf\u09af\u09bc\u09be \u099c\u09c7\u09a8\u09be\u09b0\u09c7\u09b2 \u09b9\u09be\u09b8\u09aa\u09be\u09a4\u09be\u09b2 \u098f\u09a8\u09cd\u09a1 \u09a1\u09be\u09af\u09bc\u09be\u0997\u09a8\u09b8\u09cd\u099f\u09bf\u0995 \u09b8\u09c7\u09a8\u09cd\u099f\u09be\u09b0"
      }
    },
    {
      "type": "Feature",
      "geometry": {
        "type": "Point",
        "coordinates": [
          90.0558144,
          23.9074921
        ]
      },
      "properties": {
        "amenity": "hospital",
        "healthcare": "hospital",
        "name": "\u09b0\u09bf\u09af\u09bc\u09be \u099c\u09c7\u09a8\u09be\u09b0\u09c7\u09b2 \u09b9\u09be\u09b8\u09aa\u09be\u09a4\u09be\u09b2 \u098f\u09a8\u09cd\u09a1 \u09a1\u09be\u09af\u09bc\u09be\u0997\u09a8\u09b8\u09cd\u099f\u09bf\u0995 \u09b8\u09c7\u09a8\u09cd\u099f\u09be\u09b0"
      }
    },
    {
      "type": "Feature",
      "geometry": {
        "type": "Point",
        "coordinates": [
          91.0562881,
          23.1624117
        ]
      },
      "properties": {
        "addr:postcode": "3623",
        "amenity": "hospital",
        "healthcare": "hospital",
        "healthcare:speciality": "general"
      }
    },
    {
      "type": "Feature",
      "geometry": {
        "type": "Point",
        "coordinates": [
          90.3621675,
          22.6869902
        ]
      },
      "properties": {
        "addr:street": "Shahid Ali Rd, \u09ac\u09b0\u09bf\u09b6\u09be\u09b2",
        "amenity": "hospital",
        "name": "SBMCH CCU"
      }
    },
    {
      "type": "Feature",
      "geometry": {
        "type": "Point",
        "coordinates": [
          92.0785145,
          21.8701375
        ]
      },
      "properties": {
        "amenity": "hospital",
        "healthcare": "hospital",
        "name": "Digital Hospital Coxbazar pvt ltd \u09a1\u09bf\u099c\u09bf\u099f\u09be\u09b2 \u09b9\u09be\u09b8\u09aa\u09be\u09a4\u09be\u09b2"
      }
    },
    {
      "type": "Feature",
      "geometry": {
        "type": "Point",
        "coordinates": [
          91.6646559,
          22.6095163
        ]
      },
      "properties": {
        "amenity": "hospital",
        "healthcare": "hospital",
        "name": "Sitakund Upazila Health Complex"
      }
    },
    {
      "type": "Feature",
      "geometry": {
        "type": "Point",
        "coordinates": [
          92.0653345,
          21.9732494
        ]
      },
      "properties": {
        "amenity": "hospital",
        "healthcare": "hospital",
        "name": "popular diagonstic center"
      }
    },
    {
      "type": "Feature",
      "geometry": {
        "type": "Point",
        "coordinates": [
          92.0606431,
          21.9031657
        ]
      },
      "properties": {
        "amenity": "hospital",
        "healthcare": "hospital",
        "name": "Aziznagar general hospital"
      }
    },
    {
      "type": "Feature",
      "geometry": {
        "type": "Point",
        "coordinates": [
          92.0866141,
          21.9891376
        ]
      },
      "properties": {
        "amenity": "hospital",
        "healthcare": "hospital",
        "name": "Adhunagar Government Hospital"
      }
    },
    {
      "type": "Feature",
      "geometry": {
        "type": "Point",
        "coordinates": [
          92.0952604,
          22.0113017
        ]
      },
      "properties": {
        "amenity": "hospital",
        "healthcare": "hospital",
        "name": "Lohagara Diabetic General Hospital"
      }
    },
    {
      "type": "Feature",
      "geometry": {
        "type": "Point",
        "coordinates": [
          92.1023007,
          22.0198629
        ]
      },
      "properties": {
        "amenity": "hospital",
        "healthcare": "hospital",
        "name": "Ma-Moni Hospital"
      }
    },
    {
      "type": "Feature",
      "geometry": {
        "type": "Point",
        "coordinates": [
          91.6108616,
          22.7066109
        ]
      },
      "properties": {
        "amenity": "hospital",
        "healthcare": "hospital",
        "name": "Wahedpur Union Healthcare Center"
      }
    },
    {
      "type": "Feature",
      "geometry": {
        "type": "Point",
        "coordinates": [
          91.110855,
          22.9443848
        ]
      },
      "properties": {
        "amenity": "hospital",
        "healthcare": "hospital",
        "name": "Begumganj Upazila Health Complex",
        "name:bn": "\u0989\u09aa\u099c\u09c7\u09b2\u09be \u09b8\u09cd\u09ac\u09be\u09b8\u09cd\u09a5\u09cd\u09af \u0995\u09ae\u09aa\u09cd\u09b2\u09c7\u0995\u09cd\u09b8, \u09ac\u09c7\u0997\u09ae\u0997\u099e\u09cd\u099c",
        "operator": "goverment",
        "operator:type": "public"
      }
    },
    {
      "type": "Feature",
      "geometry": {
        "type": "Point",
        "coordinates": [
          91.5701386,
          22.7790079
        ]
      },
      "properties": {
        "amenity": "hospital",
        "healthcare": "hospital",
        "name": "Mirsarai Sheba Adhunik Hospital"
      }
    },
    {
      "type": "Feature",
      "geometry": {
        "type": "Point",
        "coordinates": [
          91.5555516,
          22.8038053
        ]
      },
      "properties": {
        "amenity": "hospital",
        "healthcare": "hospital",
        "name": "Hospital and Diagnostics \u09ae\u09bf\u09a0\u09be\u099b\u09a1\u09bc\u09be \u099c\u09c7\u09a8\u09be\u09b0\u09c7\u09b2 \u09b9\u09be\u09b8\u09aa\u09be\u09a4\u09be\u09b2"
      }
    },
    {
      "type": "Feature",
      "geometry": {
        "type": "Point",
        "coordinates": [
          91.6603575,
          22.6168195
        ]
      },
      "properties": {
        "amenity": "hospital",
        "healthcare": "hospital",
        "name": "Sitakund General Hospital"
      }
    },
    {
      "type": "Feature",
      "geometry": {
        "type": "Point",
        "coordinates": [
          91.3772861,
          23.0101349
        ]
      },
      "properties": {
        "amenity": "hospital",
        "healthcare": "hospital",
        "name": "Bokho Bidhi Clinic"
      }
    },
    {
      "type": "Feature",
      "geometry": {
        "type": "Point",
        "coordinates": [
          91.6844583,
          22.5704837
        ]
      },
      "properties": {
        "amenity": "clinic",
        "healthcare": "clinic",
        "name": "Shikdar Medical Hall"
      }
    },
    {
      "type": "Feature",
      "geometry": {
        "type": "Point",
        "coordinates": [
          91.2699759,
          23.3366077
        ]
      },
      "properties": {
        "amenity": "hospital",
        "healthcare": "hospital",
        "name": "Meah Bazar Medical Cente"
      }
    },
    {
      "type": "Feature",
      "geometry": {
        "type": "Point",
        "coordinates": [
          91.2493842,
          23.3689659
        ]
      },
      "properties": {
        "amenity": "hospital",
        "healthcare": "hospital",
        "name": "vatpara Hospital"
      }
    },
    {
      "type": "Feature",
      "geometry": {
        "type": "Point",
        "coordinates": [
          91.2285152,
          23.3874319
        ]
      },
      "properties": {
        "amenity": "hospital",
        "healthcare": "hospital",
        "name": "City health Centre, komolapur, comilla"
      }
    },
    {
      "type": "Feature",
      "geometry": {
        "type": "Point",
        "coordinates": [
          91.1453606,
          23.4508699
        ]
      },
      "properties": {
        "amenity": "hospital",
        "healthcare": "hospital",
        "name": "Nargis-Nasrin-Delowara Future Hospital"
      }
    },
    {
      "type": "Feature",
      "geometry": {
        "type": "Point",
        "coordinates": [
          92.0738992,
          21.7633225
        ]
      },
      "properties": {
        "amenity": "hospital",
        "healthcare": "hospital",
        "name": "Chakaria DIGITAL Hospital pvt ltd"
      }
    },
    {
      "type": "Feature",
      "geometry": {
        "type": "Point",
        "coordinates": [
          92.076249,
          21.7670625
        ]
      },
      "properties": {
        "amenity": "hospital",
        "healthcare": "hospital",
        "name": "Chakaria Unique Hospital"
      }
    },
    {
      "type": "Feature",
      "geometry": {
        "type": "Point",
        "coordinates": [
          91.699003,
          22.5368596
        ]
      },
      "properties": {
        "amenity": "hospital",
        "healthcare": "hospital",
        "name": "Dr. Dipnagkar Medcal Hall, Kumira, Chattogram"
      }
    },
    {
      "type": "Feature",
      "geometry": {
        "type": "Point",
        "coordinates": [
          92.0804665,
          21.7795351
        ]
      },
      "properties": {
        "amenity": "hospital",
        "healthcare": "hospital",
        "name": "Ottar Lakkharchar Union Parishad Community Hospital, Chakaria Upazila, Chittagong Division"
      }
    },
    {
      "type": "Feature",
      "geometry": {
        "type": "Point",
        "coordinates": [
          88.5860103,
          24.3708293
        ]
      },
      "properties": {
        "amenity": "hospital",
        "healthcare": "hospital",
        "name": "Hospital Main Gate,Rajshahi"
      }
    },
    {
      "type": "Feature",
      "geometry": {
        "type": "Point",
        "coordinates": [
          88.2835669,
          24.5873224
        ]
      },
      "properties": {
        "amenity": "hospital",
        "healthcare": "hospital",
        "name": "Sadar Upzila Complex, Chapai Nawabganj"
      }
    },
    {
      "type": "Feature",
      "geometry": {
        "type": "Point",
        "coordinates": [
          88.755617,
          25.0497478
        ]
      },
      "properties": {
        "amenity": "hospital",
        "healthcare": "hospital",
        "name": "Patnitala Upazila Health Complex, Patnitola",
        "name:en": "Patnitala Upazila Health Complex, Patnitola"
      }
    },
    {
      "type": "Feature",
      "geometry": {
        "type": "Point",
        "coordinates": [
          88.7854116,
          25.0831605
        ]
      },
      "properties": {
        "amenity": "hospital",
        "healthcare": "hospital",
        "name": "Nagorgola Hospital"
      }
    },
    {
      "type": "Feature",
      "geometry": {
        "type": "Point",
        "coordinates": [
          88.1967122,
          24.6299055
        ]
      },
      "properties": {
        "amenity": "hospital",
        "healthcare": "hospital",
        "name": "Life Care Hospital, Ranihati Bazar, Shibganj, Nawabganj - Shibganj Rd, Moharajpur"
      }
    },
    {
      "type": "Feature",
      "geometry": {
        "type": "Point",
        "coordinates": [
          88.964838,
          24.9679548
        ]
      },
      "properties": {
        "amenity": "hospital",
        "healthcare": "hospital",
        "name": "Animal Hospital, Bhandarpur, Naogaon"
      }
    },
    {
      "type": "Feature",
      "geometry": {
        "type": "Point",
        "coordinates": [
          88.9320841,
          24.9714839
        ]
      },
      "properties": {
        "amenity": "hospital",
        "healthcare": "hospital",
        "name": "\u0986\u09a7\u09be\u0987\u09aa\u09c1\u09b0 \u0995\u09ae\u09bf\u0989\u09a8\u09bf\u099f\u09bf \u0995\u09cd\u09b2\u09bf\u09a8\u09bf\u0995"
      }
    },
    {
      "type": "Feature",
      "geometry": {
        "type": "Point",
        "coordinates": [
          88.905739,
          24.9613102
        ]
      },
      "properties": {
        "amenity": "hospital",
        "healthcare": "hospital",
        "name": "Badalgachhi Upazila Health Complex, Naogaon - Badalgachhi Hwy, Badalgachhi, Naogaon"
      }
    },
    {
      "type": "Feature",
      "geometry": {
        "type": "Point",
        "coordinates": [
          88.9056317,
          24.960639
        ]
      },
      "properties": {
        "amenity": "hospital",
        "healthcare": "hospital",
        "name": "Badalgachhi Upazila Health Complex, Naogaon - Badalgachhi Hwy, Badalgachhi, Naogaon"
      }
    },
    {
      "type": "Feature",
      "geometry": {
        "type": "Point",
        "coordinates": [
          88.8744817,
          24.9742407
        ]
      },
      "properties": {
        "amenity": "hospital",
        "healthcare": "hospital",
        "name": "Chakrail Hospital"
      }
    },
    {
      "type": "Feature",
      "geometry": {
        "type": "Point",
        "coordinates": [
          88.8366144,
          24.9843253
        ]
      },
      "properties": {
        "amenity": "hospital",
        "healthcare": "hospital",
        "name": "Dewan Mohammad Ali Homeopathic Charitable Hospital"
      }
    },
    {
      "type": "Feature",
      "geometry": {
        "type": "Point",
        "coordinates": [
          88.7679414,
          25.0366989
        ]
      },
      "properties": {
        "amenity": "hospital",
        "healthcare": "hospital",
        "name": "Nazipur Eye Hospital"
      }
    },
    {
      "type": "Feature",
      "geometry": {
        "type": "Point",
        "coordinates": [
          88.8047182,
          25.0145863
        ]
      },
      "properties": {
        "amenity": "hospital",
        "healthcare": "hospital",
        "name": "Mother & children hospital, Naogaon"
      }
    },
    {
      "type": "Feature",
      "geometry": {
        "type": "Point",
        "coordinates": [
          88.7597879,
          25.0391162
        ]
      },
      "properties": {
        "amenity": "clinic",
        "healthcare": "clinic",
        "name": "Islamia Clinic, Mohadevpur"
      }
    },
    {
      "type": "Feature",
      "geometry": {
        "type": "Point",
        "coordinates": [
          88.7602354,
          25.0364378
        ]
      },
      "properties": {
        "amenity": "hospital",
        "healthcare": "hospital",
        "name": "\u09a6\u09bf \u09b2\u09cd\u09af\u09be\u09ac \u098f\u0987\u09a1 \u09b9\u09be\u09b8\u09aa\u09be\u09a4\u09be\u09b2"
      }
    },
    {
      "type": "Feature",
      "geometry": {
        "type": "Point",
        "coordinates": [
          88.7500541,
          24.9236887
        ]
      },
      "properties": {
        "amenity": "hospital",
        "healthcare": "hospital",
        "name": "Apollo Dental Care, Mohadevpur, Naogaon"
      }
    },
    {
      "type": "Feature",
      "geometry": {
        "type": "Point",
        "coordinates": [
          88.7499842,
          24.9233457
        ]
      },
      "properties": {
        "amenity": "hospital",
        "healthcare": "hospital",
        "name": "Mohadevpur Eye Hospital, Mohadevpur, Naogaon"
      }
    },
    {
      "type": "Feature",
      "geometry": {
        "type": "Point",
        "coordinates": [
          88.7519456,
          24.9222357
        ]
      },
      "properties": {
        "amenity": "hospital",
        "healthcare": "hospital",
        "name": "Mohadevpur Thana Health Complex, Mohadevpur Main Rd, Mohadevpur, Naogaon"
      }
    },
    {
      "type": "Feature",
      "geometry": {
        "type": "Point",
        "coordinates": [
          88.751318,
          24.9219974
        ]
      },
      "properties": {
        "amenity": "hospital",
        "healthcare": "hospital",
        "name": "Upazila Family Planning Office Mohadevpur"
      }
    },
    {
      "type": "Feature",
      "geometry": {
        "type": "Point",
        "coordinates": [
          88.7514994,
          24.9196343
        ]
      },
      "properties": {
        "amenity": "clinic",
        "healthcare": "clinic",
        "name": "Alpha Clinic, Mohadevpur, Naogaon"
      }
    },
    {
      "type": "Feature",
      "geometry": {
        "type": "Point",
        "coordinates": [
          88.7593164,
          24.9069892
        ]
      },
      "properties": {
        "amenity": "hospital",
        "healthcare": "hospital",
        "name": "Community Health Care and Immunization Centre, Mohadevpur, Naogaon"
      }
    },
    {
      "type": "Feature",
      "geometry": {
        "type": "Point",
        "coordinates": [
          88.9196326,
          24.8331182
        ]
      },
      "properties": {
        "amenity": "hospital",
        "healthcare": "hospital",
        "name": "\u09b8\u09c1\u09aa\u09cd\u09b0\u09ad\u09be\u09a4 \u09ae\u09be\u09a6\u0995\u09be\u09b8\u0995\u09cd\u09a4\u09bf \u09b8\u09c7\u09a8\u09cd\u099f\u09be\u09b0"
      }
    },
    {
      "type": "Feature",
      "geometry": {
        "type": "Point",
        "coordinates": [
          88.9304121,
          24.8245014
        ]
      },
      "properties": {
        "amenity": "hospital",
        "healthcare": "hospital",
        "name": "Raj General Hospital and Diagnostic Centre, Naogaon"
      }
    },
    {
      "type": "Feature",
      "geometry": {
        "type": "Point",
        "coordinates": [
          88.9305056,
          24.8243776
        ]
      },
      "properties": {
        "amenity": "hospital",
        "healthcare": "hospital",
        "name": "Grammen Eye Hospital, Naogaon"
      }
    },
    {
      "type": "Feature",
      "geometry": {
        "type": "Point",
        "coordinates": [
          88.9341026,
          24.8204421
        ]
      },
      "properties": {
        "amenity": "hospital",
        "healthcare": "hospital",
        "name": "The Popular Hospital Naogaon, Naogaon"
      }
    },
    {
      "type": "Feature",
      "geometry": {
        "type": "Point",
        "coordinates": [
          90.4197359,
          23.7900785
        ]
      },
      "properties": {
        "addr:housenumber": "House No: 19/20",
        "addr:street": "House No: 19/20, Rd No 113/A, \u09a2\u09be\u0995\u09be 1212",
        "amenity": "hospital",
        "authentication:phone_call": "55049740",
        "authentication:phone_call:number": "55049741",
        "name": "NHN Gulshan Shasthoseba Kendra",
        "opening_hours": "Mo-Th, Sa, Su 07:30-20:15",
        "phone": "01762-093815",
        "website": "https://nhn-dab.org.bd/"
      }
    },
    {
      "type": "Feature",
      "geometry": {
        "type": "Point",
        "coordinates": [
          88.9352506,
          24.8196369
        ]
      },
      "properties": {
        "amenity": "clinic",
        "healthcare": "clinic",
        "name": "Modern clinic and diagnostic, Doyaler mor, Naogaon"
      }
    },
    {
      "type": "Feature",
      "geometry": {
        "type": "Point",
        "coordinates": [
          88.9394729,
          24.8168207
        ]
      },
      "properties": {
        "amenity": "clinic",
        "healthcare": "clinic",
        "name": "Apollo Clinic,Muktir More, Naogaon"
      }
    },
    {
      "type": "Feature",
      "geometry": {
        "type": "Point",
        "coordinates": [
          88.9365818,
          24.8189257
        ]
      },
      "properties": {
        "amenity": "hospital",
        "healthcare": "hospital",
        "name": "Central Lab & Hospital, Naogaon"
      }
    },
    {
      "type": "Feature",
      "geometry": {
        "type": "Point",
        "coordinates": [
          88.9377428,
          24.8187844
        ]
      },
      "properties": {
        "amenity": "hospital",
        "healthcare": "hospital",
        "name": "Rural Hospital, Rubir more, Naogaon"
      }
    },
    {
      "type": "Feature",
      "geometry": {
        "type": "Point",
        "coordinates": [
          88.9385954,
          24.818043
        ]
      },
      "properties": {
        "amenity": "hospital",
        "healthcare": "hospital",
        "name": "Holy Cressent Hospital, Naogaon"
      }
    },
    {
      "type": "Feature",
      "geometry": {
        "type": "Point",
        "coordinates": [
          88.9377598,
          24.819165
        ]
      },
      "properties": {
        "amenity": "hospital",
        "healthcare": "hospital",
        "name": "Prime Lab & Hospital,NAOGAON SHADAR HOSPITAL ROAD, Shebasrom Rd, Naogaon"
      }
    },
    {
      "type": "Feature",
      "geometry": {
        "type": "Point",
        "coordinates": [
          91.8626941,
          24.8907868
        ]
      },
      "properties": {
        "addr:postcode": "3100",
        "addr:street": "VIP Road",
        "amenity": "hospital",
        "emergency": "yes",
        "healthcare": "hospital",
        "name:en": "Parkview Medical College",
        "opening_hours": "24/7"
      }
    },
    {
      "type": "Feature",
      "geometry": {
        "type": "Point",
        "coordinates": [
          91.8783304,
          24.8943462
        ]
      },
      "properties": {
        "addr:housenumber": "13 Bongobir",
        "addr:postcode": "3100",
        "addr:street": "Naiorpul",
        "amenity": "hospital",
        "name:en": "Sylhet Imperial Hospital LTD.",
        "opening_hours": "24/7",
        "phone": "+880 13 2506 4701",
        "website": "https://www.facebook.com/imperialhospital.sylhet?mibextid=LQQJ4d"
      }
    },
    {
      "type": "Feature",
      "geometry": {
        "type": "Point",
        "coordinates": [
          88.955851,
          24.5006081
        ]
      },
      "properties": {
        "amenity": "hospital",
        "healthcare": "hospital",
        "name": "Bismillah Hospital , Naogaon Highway, Naldanga, Natore"
      }
    },
    {
      "type": "Feature",
      "geometry": {
        "type": "Point",
        "coordinates": [
          88.9561832,
          24.4062756
        ]
      },
      "properties": {
        "amenity": "hospital",
        "healthcare": "hospital",
        "name": "Subeccha Hospital, Rajshahi - Dhaka Hwy, Natore"
      }
    },
    {
      "type": "Feature",
      "geometry": {
        "type": "Point",
        "coordinates": [
          88.9555809,
          24.4064269
        ]
      },
      "properties": {
        "amenity": "clinic",
        "healthcare": "clinic",
        "name": "Rabia clinic, Rajshahi - Dhaka Hwy, Natore"
      }
    },
    {
      "type": "Feature",
      "geometry": {
        "type": "Point",
        "coordinates": [
          88.9197768,
          24.3870868
        ]
      },
      "properties": {
        "amenity": "hospital",
        "healthcare": "hospital",
        "name": "Amjad Khan Memorial Hospital, Adjacent to Gorasthan Bazar, Natore Sadar Upazila, Natore"
      }
    },
    {
      "type": "Feature",
      "geometry": {
        "type": "Point",
        "coordinates": [
          88.9916499,
          24.4118884
        ]
      },
      "properties": {
        "amenity": "clinic",
        "healthcare": "clinic",
        "name": "Natore Eye Clinic, Dhaka - Natore Hwy, Natore"
      }
    },
    {
      "type": "Feature",
      "geometry": {
        "type": "Point",
        "coordinates": [
          88.9934515,
          24.4119356
        ]
      },
      "properties": {
        "amenity": "hospital",
        "healthcare": "hospital",
        "name": "SATATA SPECIALIZED HOSPITAL, Rajshahi - Dhaka Hwy, Natore"
      }
    },
    {
      "type": "Feature",
      "geometry": {
        "type": "Point",
        "coordinates": [
          88.9922871,
          24.4119018
        ]
      },
      "properties": {
        "amenity": "hospital",
        "healthcare": "hospital",
        "name": "Amjad Khan Chowdhury Memorial Hospital - Outdoor and Consultation Center, Natore"
      }
    },
    {
      "type": "Feature",
      "geometry": {
        "type": "Point",
        "coordinates": [
          88.9929939,
          24.4124316
        ]
      },
      "properties": {
        "amenity": "clinic",
        "healthcare": "clinic",
        "name": "Satata Clinic and Diagnostic Centre, Dhaka - Natore Hwy, Natore"
      }
    },
    {
      "type": "Feature",
      "geometry": {
        "type": "Point",
        "coordinates": [
          88.9936082,
          24.4122993
        ]
      },
      "properties": {
        "amenity": "clinic",
        "healthcare": "clinic",
        "name": "Natore Sonography & Clinic, Dhaka - Natore Hwy, Natore"
      }
    },
    {
      "type": "Feature",
      "geometry": {
        "type": "Point",
        "coordinates": [
          88.9939733,
          24.4122783
        ]
      },
      "properties": {
        "amenity": "clinic",
        "healthcare": "clinic",
        "name": "Bonolota Diagonstic & Clinic, Dhaka - Natore Hwy, Natore"
      }
    },
    {
      "type": "Feature",
      "geometry": {
        "type": "Point",
        "coordinates": [
          89.0048404,
          24.4113926
        ]
      },
      "properties": {
        "amenity": "clinic",
        "healthcare": "clinic",
        "name": "\u098f\u0995\u09a4\u09be \u0995\u09cd\u09b2\u09bf\u09a8\u09bf\u0995"
      }
    },
    {
      "type": "Feature",
      "geometry": {
        "type": "Point",
        "coordinates": [
          89.0077687,
          24.4102133
        ]
      },
      "properties": {
        "amenity": "clinic",
        "healthcare": "clinic",
        "name": "Janata Clinic and Diagnostic Centre, Horishpur, Natore"
      }
    },
    {
      "type": "Feature",
      "geometry": {
        "type": "Point",
        "coordinates": [
          89.0803485,
          24.2982683
        ]
      },
      "properties": {
        "amenity": "hospital",
        "healthcare": "hospital",
        "name": "Al Noor Hospital Bonpara Baipas, Bonpara, Natore"
      }
    },
    {
      "type": "Feature",
      "geometry": {
        "type": "Point",
        "coordinates": [
          89.0819365,
          24.2894759
        ]
      },
      "properties": {
        "amenity": "hospital",
        "healthcare": "hospital",
        "name": "Patwary General Hospital"
      }
    },
    {
      "type": "Feature",
      "geometry": {
        "type": "Point",
        "coordinates": [
          89.1334296,
          24.2043382
        ]
      },
      "properties": {
        "amenity": "hospital",
        "healthcare": "hospital",
        "name": "Allahara Dana Hospital, Rajshahi - Pabna Hwy, Gormati Bazar, Natore"
      }
    },
    {
      "type": "Feature",
      "geometry": {
        "type": "Point",
        "coordinates": [
          89.1402481,
          24.1694554
        ]
      },
      "properties": {
        "amenity": "clinic",
        "healthcare": "clinic",
        "name": "\u09b6\u09b6\u09c0 \u0995\u09cd\u09b2\u09bf\u09a8\u09bf\u0995 \u098f\u09a8\u09cd\u09a1 \u09a1\u09be\u09af\u09bc\u09be\u0997\u09a8\u09b7\u09cd\u099f\u09bf\u0995 \u09b8\u09c7\u09a8\u09cd\u099f\u09be\u09b0"
      }
    },
    {
      "type": "Feature",
      "geometry": {
        "type": "Point",
        "coordinates": [
          89.1818282,
          24.5434548
        ]
      },
      "properties": {
        "amenity": "hospital",
        "healthcare": "hospital",
        "name": "Chowgram Hospital, Chowgram, Natore"
      }
    },
    {
      "type": "Feature",
      "geometry": {
        "type": "Point",
        "coordinates": [
          89.0966393,
          24.2984358
        ]
      },
      "properties": {
        "amenity": "hospital",
        "healthcare": "hospital",
        "name": "Rashedul Hospital, Dhaka - Rajshahi Hwy, Natore"
      }
    },
    {
      "type": "Feature",
      "geometry": {
        "type": "Point",
        "coordinates": [
          89.082973,
          24.2986637
        ]
      },
      "properties": {
        "amenity": "hospital",
        "healthcare": "hospital",
        "name": "Health care hospital, Dhaka - Rajshahi Hwy, Bonpara, Natore"
      }
    },
    {
      "type": "Feature",
      "geometry": {
        "type": "Point",
        "coordinates": [
          89.1335609,
          24.31623
        ]
      },
      "properties": {
        "amenity": "clinic",
        "healthcare": "clinic",
        "name": "Agran Community Clinic"
      }
    },
    {
      "type": "Feature",
      "geometry": {
        "type": "Point",
        "coordinates": [
          89.1521388,
          24.3183247
        ]
      },
      "properties": {
        "amenity": "hospital",
        "healthcare": "hospital",
        "name": "Janoni Hospital,Thana mure, Baraigram, Dhaka - Rajshahi Hwy, Natore"
      }
    },
    {
      "type": "Feature",
      "geometry": {
        "type": "Point",
        "coordinates": [
          89.0047478,
          24.2096828
        ]
      },
      "properties": {
        "amenity": "clinic",
        "healthcare": "clinic",
        "name": "\u0997\u09be\u09b2\u09bf\u09ac \u09a1\u09bf\u099c\u09bf\u099f\u09be\u09b2 \u09a1\u09be\u09af\u09bc\u09be\u0997\u09a8\u09b8\u09cd\u099f\u09bf\u0995 \u098f\u09a8\u09cd\u09a1 \u09a1\u09be\u09af\u09bc\u09be\u09ac\u09c7\u099f\u09bf\u0995\u09b8\u09cd \u09b8\u09c7\u09a8\u09cd\u099f\u09be\u09b0, Gopalpur"
      }
    },
    {
      "type": "Feature",
      "geometry": {
        "type": "Point",
        "coordinates": [
          89.0037904,
          24.205856
        ]
      },
      "properties": {
        "amenity": "hospital",
        "healthcare": "hospital",
        "name": "Maa Diagnostic And Hospital, Bazar Road, Gopalpur, Natore"
      }
    },
    {
      "type": "Feature",
      "geometry": {
        "type": "Point",
        "coordinates": [
          89.0031744,
          24.2054351
        ]
      },
      "properties": {
        "amenity": "hospital",
        "healthcare": "hospital",
        "name": "Cosmos General Hospital, Bazar Road, Gopalpur, Natore"
      }
    },
    {
      "type": "Feature",
      "geometry": {
        "type": "Point",
        "coordinates": [
          89.002501,
          24.2048062
        ]
      },
      "properties": {
        "amenity": "clinic",
        "healthcare": "clinic",
        "name": "Medicare Diagnostic center"
      }
    },
    {
      "type": "Feature",
      "geometry": {
        "type": "Point",
        "coordinates": [
          89.0023401,
          24.2046888
        ]
      },
      "properties": {
        "amenity": "hospital",
        "healthcare": "hospital",
        "name": "Mukter General Hospital, Bazar Road, Gopalpur, Natore"
      }
    },
    {
      "type": "Feature",
      "geometry": {
        "type": "Point",
        "coordinates": [
          91.5332519,
          22.8926764
        ]
      },
      "properties": {
        "amenity": "hospital",
        "healthcare": "hospital",
        "name": "Baraiyarhat General Hospital,Dhaka-Chittagong Hwy, Baraiyarhat, Chittagong"
      }
    },
    {
      "type": "Feature",
      "geometry": {
        "type": "Point",
        "coordinates": [
          91.534155,
          22.8941176
        ]
      },
      "properties": {
        "amenity": "hospital",
        "healthcare": "hospital",
        "name": "Bariarhat Eye Hospital, Old Dhaka-Chittagong Hwy, Baraiyarhat, Chittagong"
      }
    },
    {
      "type": "Feature",
      "geometry": {
        "type": "Point",
        "coordinates": [
          91.5468366,
          22.8407643
        ]
      },
      "properties": {
        "amenity": "hospital",
        "healthcare": "hospital",
        "name": "\u09ae\u09b8\u09cd\u09a4\u09be\u09a8\u09a8\u0997\u09b0 \u09b8\u09cd\u09ac\u09be\u09b8\u09cd\u09a5\u09cd\u09af \u0995\u09ae\u09aa\u09cd\u09b2\u09c7\u0995\u09cd\u09b8"
      }
    },
    {
      "type": "Feature",
      "geometry": {
        "type": "Point",
        "coordinates": [
          91.546909,
          22.8406506
        ]
      },
      "properties": {
        "amenity": "hospital",
        "healthcare": "hospital",
        "name": "Mostan Nagar Hospital"
      }
    },
    {
      "type": "Feature",
      "geometry": {
        "type": "Point",
        "coordinates": [
          91.5501851,
          22.8394164
        ]
      },
      "properties": {
        "amenity": "clinic",
        "healthcare": "clinic",
        "name": "Nimrat Diagnostic and Pain Centre, Mirsharai, Chittagong"
      }
    },
    {
      "type": "Feature",
      "geometry": {
        "type": "Point",
        "coordinates": [
          91.5469435,
          22.8409529
        ]
      },
      "properties": {
        "amenity": "hospital",
        "healthcare": "hospital",
        "name": "Mostan Nagar Hospital"
      }
    },
    {
      "type": "Feature",
      "geometry": {
        "type": "Point",
        "coordinates": [
          91.5737918,
          22.7739786
        ]
      },
      "properties": {
        "amenity": "hospital",
        "healthcare": "hospital",
        "name": "Hope Mother & Child Hospital"
      }
    },
    {
      "type": "Feature",
      "geometry": {
        "type": "Point",
        "coordinates": [
          91.7706149,
          24.4865847
        ]
      },
      "properties": {
        "addr:postcode": "3200",
        "addr:street": "Syed Shah Mostafa Road",
        "amenity": "hospital",
        "internet_access": "wlan",
        "name": "\u09ae\u09be \u0993 \u09b6\u09bf\u09b6\u09c1 \u09aa\u09cd\u09b0\u09be\u0983 \u09b9\u09be\u09b8\u09aa\u09be\u09a4\u09be\u09b2 \u0986\u09a8\u09cd\u09a1 \u09a1\u09be\u09df\u09be\u0997\u09a8\u09b8\u09cd\u099f\u09bf\u0995 \u09b8\u09c7\u09a8\u09cd\u099f\u09be\u09b0",
        "name:en": "Maa o shishu pvt hospital and diagnostic center",
        "opening_hours": "24/7"
      }
    },
    {
      "type": "Feature",
      "geometry": {
        "type": "Point",
        "coordinates": [
          90.4175198,
          23.7025307
        ]
      },
      "properties": {
        "addr:city": "Dhaka",
        "addr:housenumber": "4/1",
        "addr:postcode": "1100",
        "addr:street": "R M Das Lane",
        "amenity": "hospital",
        "emergency": "yes",
        "healthcare": "hospital",
        "healthcare:speciality": "nephrology;intensive;neunatal;diabetology;allergology;community",
        "name": "Millennium Specialized Hospital Ltd",
        "operator": "Millennium Specialized Hospital Ltd",
        "operator:type": "private"
      }
    },
    {
      "type": "Feature",
      "geometry": {
        "type": "Point",
        "coordinates": [
          91.6808694,
          22.5744325
        ]
      },
      "properties": {
        "amenity": "hospital",
        "healthcare": "hospital",
        "name": "Barabkund Union shasto O Poribarkollan kendro, Dhaka - Chittagong Hwy, Barabkunda, Chittagong"
      }
    },
    {
      "type": "Feature",
      "geometry": {
        "type": "Point",
        "coordinates": [
          90.385587,
          23.7471253
        ]
      },
      "properties": {
        "addr:housenumber": "229",
        "amenity": "hospital",
        "healthcare": "hospital",
        "name": "Vision Eye Hospital",
        "website": "https://www.visioneyebd.org/"
      }
    },
    {
      "type": "Feature",
      "geometry": {
        "type": "Point",
        "coordinates": [
          88.6157303,
          23.7575207
        ]
      },
      "properties": {
        "amenity": "clinic",
        "name": "\u09ac\u09be\u09b0\u09be\u0995\u09aa\u09c1\u09b0 \u0995\u09ae\u09bf\u0989\u09a8\u09bf\u099f\u09bf \u0995\u09cd\u09b2\u09bf\u09a8\u09bf\u0995",
        "name:bn": "\u09ac\u09be\u09b0\u09be\u0995\u09aa\u09c1\u09b0 \u0995\u09ae\u09bf\u0989\u09a8\u09bf\u099f\u09bf \u0995\u09cd\u09b2\u09bf\u09a8\u09bf\u0995",
        "name:en": "Barakpur Community Clinic"
      }
    },
    {
      "type": "Feature",
      "geometry": {
        "type": "Point",
        "coordinates": [
          90.4785129,
          23.7409807
        ]
      },
      "properties": {
        "addr:street": "\u0986\u09ae\u09c1\u09b2\u09bf\u09af\u09bc\u09be",
        "amenity": "hospital",
        "name:en": "Aichi Medical College Hospital"
      }
    },
    {
      "type": "Feature",
      "geometry": {
        "type": "Point",
        "coordinates": [
          91.7546276,
          22.4096592
        ]
      },
      "properties": {
        "amenity": "hospital",
        "healthcare": "hospital",
        "name": "Tulatoly Eye Care, Tulatoli Road, Chattogram"
      }
    },
    {
      "type": "Feature",
      "geometry": {
        "type": "Point",
        "coordinates": [
          90.4784944,
          23.7410044
        ]
      },
      "properties": {
        "amenity": "hospital",
        "name": "Aichi Hospital"
      }
    },
    {
      "type": "Feature",
      "geometry": {
        "type": "Point",
        "coordinates": [
          91.8162452,
          22.3534105
        ]
      },
      "properties": {
        "amenity": "hospital",
        "healthcare": "hospital",
        "name": "Mamata Clinic"
      }
    },
    {
      "type": "Feature",
      "geometry": {
        "type": "Point",
        "coordinates": [
          91.0669764,
          23.1872775
        ]
      },
      "properties": {
        "addr:city": "Cumilla",
        "addr:postcode": "3623",
        "amenity": "clinic",
        "healthcare": "clinic",
        "name": "\u09ae\u09c8\u09b6\u09be\u09a4\u09c1\u09af\u09bc\u09be \u0995\u09ae\u09bf\u0989\u09a8\u09bf\u099f\u09bf \u0995\u09cd\u09b2\u09bf\u09a8\u09bf\u0995",
        "operator": "Government",
        "operator:type": "government"
      }
    },
    {
      "type": "Feature",
      "geometry": {
        "type": "Point",
        "coordinates": [
          91.7479456,
          22.4298229
        ]
      },
      "properties": {
        "amenity": "hospital",
        "healthcare": "hospital",
        "name": "BHBA HOSPITAL, Bhatiari Station Road, Bhatiari, Chattogram"
      }
    },
    {
      "type": "Feature",
      "geometry": {
        "type": "Point",
        "coordinates": [
          91.7454504,
          22.4281457
        ]
      },
      "properties": {
        "amenity": "hospital",
        "healthcare": "hospital",
        "name": "BSBA Hospital, Bhatiari Rail Station Rd, Chattogram"
      }
    },
    {
      "type": "Feature",
      "geometry": {
        "type": "Point",
        "coordinates": [
          91.7479224,
          22.4237219
        ]
      },
      "properties": {
        "amenity": "hospital",
        "healthcare": "hospital",
        "name": "Muktijoddha Memorial Hospital, Bhatiary, Dhaka - Chittagong Hwy, Chattogram"
      }
    },
    {
      "type": "Feature",
      "geometry": {
        "type": "Point",
        "coordinates": [
          91.7552282,
          22.4229134
        ]
      },
      "properties": {
        "amenity": "hospital",
        "healthcare": "hospital",
        "name": "CMH Bhatiari, Bhatiari, Bhatiari Union, Chattogram"
      }
    },
    {
      "type": "Feature",
      "geometry": {
        "type": "Point",
        "coordinates": [
          91.7549894,
          22.4228266
        ]
      },
      "properties": {
        "amenity": "hospital",
        "healthcare": "hospital",
        "name": "OPC Bhatiary,Hospital, Chattogram, Bhatiari, Chattogram"
      }
    },
    {
      "type": "Feature",
      "geometry": {
        "type": "Point",
        "coordinates": [
          92.2711806,
          21.4400906
        ]
      },
      "properties": {
        "amenity": "hospital",
        "name": "Dochhori Union Health Complex"
      }
    },
    {
      "type": "Feature",
      "geometry": {
        "type": "Point",
        "coordinates": [
          91.7716073,
          22.373585
        ]
      },
      "properties": {
        "amenity": "hospital",
        "healthcare": "hospital",
        "name": "Alhajj Mostofa-Hakim Maternity Hospital, Mostafahakim maternity hospital, Mostafa Hakim Road, Chattogram"
      }
    },
    {
      "type": "Feature",
      "geometry": {
        "type": "Point",
        "coordinates": [
          90.3880144,
          23.7385617
        ]
      },
      "properties": {
        "amenity": "hospital",
        "name": "General Medical Hospital"
      }
    },
    {
      "type": "Feature",
      "geometry": {
        "type": "Point",
        "coordinates": [
          91.7703873,
          22.3362775
        ]
      },
      "properties": {
        "amenity": "hospital",
        "healthcare": "hospital"
      }
    },
    {
      "type": "Feature",
      "geometry": {
        "type": "Point",
        "coordinates": [
          91.7826029,
          22.362403
        ]
      },
      "properties": {
        "amenity": "clinic",
        "healthcare": "clinic",
        "name": "Hijama Center Chittagong,Medical Center, Zakir Hossain Road, A.K khan Gate, Pahartali, Chattogram"
      }
    },
    {
      "type": "Feature",
      "geometry": {
        "type": "Point",
        "coordinates": [
          91.7840196,
          22.3627003
        ]
      },
      "properties": {
        "amenity": "hospital",
        "healthcare": "hospital",
        "name": "Al Amin Hospital (Pvt.) Limited, Zakir Hossain Rd, Chattogram"
      }
    },
    {
      "type": "Feature",
      "geometry": {
        "type": "Point",
        "coordinates": [
          92.3475147,
          22.2358829
        ]
      },
      "properties": {
        "amenity": "clinic",
        "name": "Kocchoptoli Community Clinic"
      }
    },
    {
      "type": "Feature",
      "geometry": {
        "type": "Point",
        "coordinates": [
          92.1942548,
          21.7773023
        ]
      },
      "properties": {
        "amenity": "clinic",
        "name": "Shantiniketan Doctors Dagonestic"
      }
    },
    {
      "type": "Feature",
      "geometry": {
        "type": "Point",
        "coordinates": [
          92.0760711,
          21.7611109
        ]
      },
      "properties": {
        "amenity": "hospital",
        "name": "Al Raji Chokkho and Doctors Chamber"
      }
    },
    {
      "type": "Feature",
      "geometry": {
        "type": "Point",
        "coordinates": [
          92.0767744,
          21.7597746
        ]
      },
      "properties": {
        "amenity": "hospital",
        "name": "Asian Hospital (Pvt) Ltd"
      }
    },
    {
      "type": "Feature",
      "geometry": {
        "type": "Point",
        "coordinates": [
          92.0763388,
          21.7615043
        ]
      },
      "properties": {
        "amenity": "hospital",
        "name": "Mah-Shishu and General Hospital"
      }
    },
    {
      "type": "Feature",
      "geometry": {
        "type": "Point",
        "coordinates": [
          91.7918281,
          22.3600956
        ]
      },
      "properties": {
        "amenity": "hospital",
        "healthcare": "hospital",
        "name": "Surgicare Hospital Ltd."
      }
    },
    {
      "type": "Feature",
      "geometry": {
        "type": "Point",
        "coordinates": [
          91.7889967,
          22.329179
        ]
      },
      "properties": {
        "amenity": "hospital",
        "healthcare": "hospital",
        "name": "Royal Community Eye Hospital & Phaco Centre., Rd No 5, Chattogram"
      }
    },
    {
      "type": "Feature",
      "geometry": {
        "type": "Point",
        "coordinates": [
          91.7922182,
          22.3291756
        ]
      },
      "properties": {
        "amenity": "hospital",
        "healthcare": "hospital",
        "name": "Mother And Child Care Hospital, Plot No 2 and 3, 2nd - 5th Floor M.K Plaza, Chattogram"
      }
    },
    {
      "type": "Feature",
      "geometry": {
        "type": "Point",
        "coordinates": [
          91.7919411,
          22.329011
        ]
      },
      "properties": {
        "amenity": "hospital",
        "healthcare": "hospital",
        "name": "KR Dental Care"
      }
    },
    {
      "type": "Feature",
      "geometry": {
        "type": "Point",
        "coordinates": [
          91.7939882,
          22.3297887
        ]
      },
      "properties": {
        "amenity": "hospital",
        "healthcare": "hospital",
        "name": "South Point Hospital, Agrabad Access Rd, Westseite der Zila-Polizeilinie, Chotopool, Chattogram"
      }
    },
    {
      "type": "Feature",
      "geometry": {
        "type": "Point",
        "coordinates": [
          91.8119539,
          22.3224712
        ]
      },
      "properties": {
        "amenity": "hospital",
        "healthcare": "hospital",
        "name": "Islami Bank Hospital, Sheikh Mujib Rd, Chattogram"
      }
    },
    {
      "type": "Feature",
      "geometry": {
        "type": "Point",
        "coordinates": [
          90.3908269,
          23.7381223
        ]
      },
      "properties": {
        "amenity": "hospital",
        "healthcare": "hospital",
        "healthcare:speciality": "veterinary",
        "name": "Vet-RX",
        "operator": "Dr. asaduzzaman",
        "operator:type": "private"
      }
    },
    {
      "type": "Feature",
      "geometry": {
        "type": "Point",
        "coordinates": [
          91.7917886,
          22.3167837
        ]
      },
      "properties": {
        "amenity": "hospital",
        "healthcare": "hospital",
        "name": "CGD Railway Hospital Port, Port Colony Rd, Chattogram"
      }
    },
    {
      "type": "Feature",
      "geometry": {
        "type": "Point",
        "coordinates": [
          89.7807367,
          23.7611397
        ]
      },
      "properties": {
        "amenity": "hospital",
        "healthcare": "hospital",
        "name": "\u09a6\u09cc\u09b2\u09a4\u09a6\u09bf\u09af\u09bc\u09be \u0997\u09a3\u09b8\u09cd\u09ac\u09be\u09b8\u09cd\u09a5\u09cd\u09af \u0995\u09c7\u09a8\u09cd\u09a6\u09cd\u09b0",
        "name:en": "Doulatdia Gonoshasthaya Kendra",
        "website": "https://gonoshasthayakendra.com/"
      }
    },
    {
      "type": "Feature",
      "geometry": {
        "type": "Point",
        "coordinates": [
          91.8038078,
          22.3426436
        ]
      },
      "properties": {
        "amenity": "hospital",
        "healthcare": "hospital",
        "name": "MEDISAVE PATHOLOGY LAB Hospital, Dhaka Trunk Rd, Chattogram"
      }
    },
    {
      "type": "Feature",
      "geometry": {
        "type": "Point",
        "coordinates": [
          91.8014409,
          22.3370039
        ]
      },
      "properties": {
        "amenity": "clinic",
        "healthcare": "clinic",
        "name": "Surjer Hashi Clinic, Unnamed Road, Chattogram"
      }
    },
    {
      "type": "Feature",
      "geometry": {
        "type": "Point",
        "coordinates": [
          91.8060023,
          22.3416723
        ]
      },
      "properties": {
        "amenity": "clinic",
        "healthcare": "clinic",
        "name": "Nursing Court Kaderiya Medical Center, Dhaka Trunk Road, Chattogram"
      }
    },
    {
      "type": "Feature",
      "geometry": {
        "type": "Point",
        "coordinates": [
          91.816776,
          22.3333897
        ]
      },
      "properties": {
        "amenity": "hospital",
        "healthcare": "hospital",
        "name": "Midpoint Hospital and Maternity Center Ltd., Midpoint Hospital, Pathantuli Rd, Chattogram"
      }
    },
    {
      "type": "Feature",
      "geometry": {
        "type": "Point",
        "coordinates": [
          92.049644,
          22.0762507
        ]
      },
      "properties": {
        "amenity": "hospital",
        "healthcare": "hospital",
        "name": "Alpha Hospital & Diagonstic Center"
      }
    },
    {
      "type": "Feature",
      "geometry": {
        "type": "Point",
        "coordinates": [
          92.0543241,
          22.0848887
        ]
      },
      "properties": {
        "amenity": "hospital",
        "healthcare": "hospital",
        "name": "Satkania Upazila Health Complex"
      }
    },
    {
      "type": "Feature",
      "geometry": {
        "type": "Point",
        "coordinates": [
          91.8142573,
          22.3271065
        ]
      },
      "properties": {
        "amenity": "hospital",
        "healthcare": "hospital",
        "name": "Bumrungrad International Hospital Referral Office-Chattagram, Agrabad C/A, Chattogram"
      }
    },
    {
      "type": "Feature",
      "geometry": {
        "type": "Point",
        "coordinates": [
          91.8172521,
          22.3274292
        ]
      },
      "properties": {
        "amenity": "clinic",
        "healthcare": "clinic",
        "name": "Konika Homeo Clinic, Commerce College Road, Chattogram"
      }
    },
    {
      "type": "Feature",
      "geometry": {
        "type": "Point",
        "coordinates": [
          91.7966021,
          22.31376
        ]
      },
      "properties": {
        "amenity": "hospital",
        "healthcare": "hospital",
        "name": "Chittagong Port Hospital Colony, Port Hospital, Chattogram"
      }
    },
    {
      "type": "Feature",
      "geometry": {
        "type": "Point",
        "coordinates": [
          91.7957483,
          22.3142904
        ]
      },
      "properties": {
        "amenity": "hospital",
        "healthcare": "hospital",
        "name": "Radiology unit port hospital, Port Hospital, Port Colony Rd, Chattogram"
      }
    },
    {
      "type": "Feature",
      "geometry": {
        "type": "Point",
        "coordinates": [
          91.7955131,
          22.3136427
        ]
      },
      "properties": {
        "amenity": "hospital",
        "healthcare": "hospital",
        "name": "Bangladesh Railway Hospital, Port Colony Rd, Chattogram"
      }
    },
    {
      "type": "Feature",
      "geometry": {
        "type": "Point",
        "coordinates": [
          91.7837339,
          22.2874899
        ]
      },
      "properties": {
        "amenity": "hospital",
        "healthcare": "hospital",
        "name": "ICDDR, B Tuberculosis Diagnosis and Treatment Centre, Shop-06, Shardar Plaza, Bandartila, Chattogram"
      }
    },
    {
      "type": "Feature",
      "geometry": {
        "type": "Point",
        "coordinates": [
          92.0073931,
          22.4627318
        ]
      },
      "properties": {
        "amenity": "hospital",
        "healthcare": "hospital",
        "name": "Pomra Family Planning center"
      }
    },
    {
      "type": "Feature",
      "geometry": {
        "type": "Point",
        "coordinates": [
          91.7840475,
          22.2866634
        ]
      },
      "properties": {
        "amenity": "hospital",
        "healthcare": "hospital",
        "name": "City Corporation Bandartila Matrisadan Hospital, Ward No 39, Chattogram"
      }
    },
    {
      "type": "Feature",
      "geometry": {
        "type": "Point",
        "coordinates": [
          91.7796067,
          22.2833913
        ]
      },
      "properties": {
        "amenity": "hospital",
        "healthcare": "hospital",
        "name": "CMH Chittagong Hospital, CEPZ, Chattogram"
      }
    },
    {
      "type": "Feature",
      "geometry": {
        "type": "Point",
        "coordinates": [
          92.0015382,
          22.5450864
        ]
      },
      "properties": {
        "amenity": "clinic",
        "healthcare": "clinic",
        "name": "Surjer Hashi Clinic"
      }
    },
    {
      "type": "Feature",
      "geometry": {
        "type": "Point",
        "coordinates": [
          91.7860019,
          22.2763729
        ]
      },
      "properties": {
        "amenity": "hospital",
        "healthcare": "hospital",
        "name": "City General Hospital and Diagnostic Center, Kazi Goli, Chattogram"
      }
    },
    {
      "type": "Feature",
      "geometry": {
        "type": "Point",
        "coordinates": [
          92.4383495,
          21.8238195
        ]
      },
      "properties": {
        "amenity": "hospital",
        "healthcare": "hospital",
        "name": "Thanchi Upazila Health Complex"
      }
    },
    {
      "type": "Feature",
      "geometry": {
        "type": "Point",
        "coordinates": [
          91.8024665,
          22.3612728
        ]
      },
      "properties": {
        "amenity": "hospital",
        "healthcare": "hospital",
        "name": "Chittagong Diabetic General Hospital, Zakir Hossain Road, Khulsi, Chattogram"
      }
    },
    {
      "type": "Feature",
      "geometry": {
        "type": "Point",
        "coordinates": [
          91.8019704,
          22.361246
        ]
      },
      "properties": {
        "amenity": "hospital",
        "healthcare": "hospital",
        "name": "SAHIC Sub-Center and Integrated Pre-School for Hearing Impaired Children,Zakir Hossain Rd,Chattogram"
      }
    },
    {
      "type": "Feature",
      "geometry": {
        "type": "Point",
        "coordinates": [
          91.8160227,
          22.3616928
        ]
      },
      "properties": {
        "amenity": "hospital",
        "healthcare": "hospital",
        "name": "Lios eye hospital gate, Zakir Hossain Rd, Chattogram"
      }
    },
    {
      "type": "Feature",
      "geometry": {
        "type": "Point",
        "coordinates": [
          90.3910146,
          23.7384595
        ]
      },
      "properties": {
        "amenity": "clinic",
        "name": "A G Homeo Clinic"
      }
    },
    {
      "type": "Feature",
      "geometry": {
        "type": "Point",
        "coordinates": [
          91.4741748,
          24.1708009
        ]
      },
      "properties": {
        "addr:city": "Habiganj",
        "amenity": "hospital",
        "healthcare": "hospital",
        "name": "\u09b2\u09b8\u09cd\u0995\u09b0\u09aa\u09c1\u09b0 \u09ac\u09be\u0997\u09be\u09a8 \u09b9\u09be\u09b8\u09aa\u09be\u09a4\u09be\u09b2",
        "name:en": "Luskerpore Garden Hospital"
      }
    },
    {
      "type": "Feature",
      "geometry": {
        "type": "Point",
        "coordinates": [
          91.8065472,
          22.3862627
        ]
      },
      "properties": {
        "amenity": "hospital",
        "healthcare": "hospital",
        "name": "Shajinaz Hospital Limited, Arefin Nagar, Bayezid Link Road, Bayazid Bostami Rd, Chattogram"
      }
    },
    {
      "type": "Feature",
      "geometry": {
        "type": "Point",
        "coordinates": [
          91.8202602,
          22.3948726
        ]
      },
      "properties": {
        "amenity": "hospital",
        "healthcare": "hospital",
        "name": "Diabetic Hospital Oxygen Branch, Oxygen Mor, Hathazari Rd, Chattogram"
      }
    },
    {
      "type": "Feature",
      "geometry": {
        "type": "Point",
        "coordinates": [
          91.8065202,
          22.5082249
        ]
      },
      "properties": {
        "amenity": "hospital",
        "healthcare": "hospital",
        "name": "Maruf Work House Hospital, Medical Gate, Hathazari Pourosova, Chattogram"
      }
    },
    {
      "type": "Feature",
      "geometry": {
        "type": "Point",
        "coordinates": [
          91.8201032,
          22.4350699
        ]
      },
      "properties": {
        "amenity": "clinic",
        "healthcare": "clinic",
        "name": "Miyaji Harvanga Clinic, Chattogram - Rangamati-Khagrachari Highway, Chattogram"
      }
    },
    {
      "type": "Feature",
      "geometry": {
        "type": "Point",
        "coordinates": [
          91.7968635,
          22.5585728
        ]
      },
      "properties": {
        "amenity": "hospital",
        "healthcare": "hospital",
        "name": "Gani Hospital Limited, Goni shopping complex, Sarkarhat, Chattogram"
      }
    },
    {
      "type": "Feature",
      "geometry": {
        "type": "Point",
        "coordinates": [
          91.7897534,
          22.688355
        ]
      },
      "properties": {
        "amenity": "hospital",
        "healthcare": "hospital",
        "name": "Popular Diagnostic Centre, Hospital, Chittagong - Khagrachhari Rd, Bibir Hat, Chattogram"
      }
    },
    {
      "type": "Feature",
      "geometry": {
        "type": "Point",
        "coordinates": [
          91.7906451,
          22.6878891
        ]
      },
      "properties": {
        "amenity": "hospital",
        "healthcare": "hospital",
        "name": "Al Nur Hospital, Chittagong - Khagrachhari Rd, Bibir Hat, Chattogram"
      }
    },
    {
      "type": "Feature",
      "geometry": {
        "type": "Point",
        "coordinates": [
          91.7903948,
          22.6860749
        ]
      },
      "properties": {
        "amenity": "hospital",
        "healthcare": "hospital",
        "name": "Hazem Child Care Centre, Childrens hospital, Chittagong - Khagrachhari Rd, Chattogram"
      }
    },
    {
      "type": "Feature",
      "geometry": {
        "type": "Point",
        "coordinates": [
          91.7978546,
          22.5596292
        ]
      },
      "properties": {
        "amenity": "clinic",
        "healthcare": "dialysis",
        "healthcare:speciality": "nephrology",
        "name": "Silva Diagnostic Centre, Chittagong - Khagrachhari Rd, Sarkar Hat, Chattogram"
      }
    },
    {
      "type": "Feature",
      "geometry": {
        "type": "Point",
        "coordinates": [
          91.8072165,
          22.4985089
        ]
      },
      "properties": {
        "amenity": "hospital",
        "healthcare": "hospital",
        "name": "Mother and Child Hospital, Hospital, Ramgor Road, Bus Stand, Hathazari, Pourasaba, Chattogram"
      }
    },
    {
      "type": "Feature",
      "geometry": {
        "type": "Point",
        "coordinates": [
          91.8147848,
          22.4739499
        ]
      },
      "properties": {
        "amenity": "hospital",
        "healthcare": "hospital",
        "name": "Green Health Hospital And Diagnostic Center, Hathazari, Rangamati-Khagrachhari Rd, Chattogram"
      }
    },
    {
      "type": "Feature",
      "geometry": {
        "type": "Point",
        "coordinates": [
          91.819113,
          22.444624
        ]
      },
      "properties": {
        "amenity": "hospital",
        "healthcare": "hospital",
        "name": "Fatehabad Clinic & Diagnostic Centre, Chittagong - Rangamati-Khagrachhari Rd, Chattogram"
      }
    },
    {
      "type": "Feature",
      "geometry": {
        "type": "Point",
        "coordinates": [
          91.8210643,
          22.3948162
        ]
      },
      "properties": {
        "amenity": "hospital",
        "healthcare": "hospital",
        "name": "Chottogram Daiabetic General Hospital, Oxyzen, Rangamati-Khagrachari Highway, Chattogram"
      }
    },
    {
      "type": "Feature",
      "geometry": {
        "type": "Point",
        "coordinates": [
          91.809166,
          22.5014699
        ]
      },
      "properties": {
        "amenity": "hospital",
        "healthcare": "hospital",
        "name": "One Diagnostic Centre, Chattogram-Hathazari Raujan Highway, Hathazari, Chattogram"
      }
    },
    {
      "type": "Feature",
      "geometry": {
        "type": "Point",
        "coordinates": [
          91.8106523,
          22.5032278
        ]
      },
      "properties": {
        "amenity": "hospital",
        "healthcare": "hospital",
        "name": "Hathazari Digital Diagonstic Center ,Hathazari, Kacari Rd, Hathazari, Chattogram"
      }
    },
    {
      "type": "Feature",
      "geometry": {
        "type": "Point",
        "coordinates": [
          90.2446076,
          23.3982272
        ]
      },
      "properties": {
        "amenity": "hospital",
        "healthcare": "hospital",
        "name": "Naodoba Union Health Complex, Hospital, Shariatpur Road, Naodoba"
      }
    },
    {
      "type": "Feature",
      "geometry": {
        "type": "Point",
        "coordinates": [
          90.2337385,
          23.4075145
        ]
      },
      "properties": {
        "amenity": "hospital",
        "healthcare": "hospital"
      }
    },
    {
      "type": "Feature",
      "geometry": {
        "type": "Point",
        "coordinates": [
          91.8723449,
          22.2338492
        ]
      },
      "properties": {
        "amenity": "hospital",
        "healthcare": "hospital",
        "name": "The Lab-Aid Diagnosis Centre, Anowara, Chittagong-Anwara-Banshkhali Rd, Chattogram"
      }
    },
    {
      "type": "Feature",
      "geometry": {
        "type": "Point",
        "coordinates": [
          91.8726642,
          22.2496872
        ]
      },
      "properties": {
        "amenity": "hospital",
        "healthcare": "hospital",
        "name": "Bara Uthan Union Health and Family Welfare Centre, Chittagong-Anwara-Banshkhali Rd, Chattogram"
      }
    },
    {
      "type": "Feature",
      "geometry": {
        "type": "Point",
        "coordinates": [
          90.2970781,
          23.5534095
        ]
      },
      "properties": {
        "amenity": "hospital",
        "healthcare": "hospital",
        "name": "Yasmin Delwar Hospital, Sologhor Koborsthan, Bazar Road, Sreenagar"
      }
    },
    {
      "type": "Feature",
      "geometry": {
        "type": "Point",
        "coordinates": [
          90.3304714,
          23.6155526
        ]
      },
      "properties": {
        "amenity": "hospital",
        "healthcare": "hospital",
        "name": "Unicare diagonestic center Hospital, Nimtola Road, Shekharnagar"
      }
    },
    {
      "type": "Feature",
      "geometry": {
        "type": "Point",
        "coordinates": [
          90.3272582,
          23.609707
        ]
      },
      "properties": {
        "amenity": "hospital",
        "healthcare": "hospital",
        "name": "Equria General Hospital, Dhaka - Mawa Hwy, Dhaka"
      }
    },
    {
      "type": "Feature",
      "geometry": {
        "type": "Point",
        "coordinates": [
          90.3323744,
          23.6147681
        ]
      },
      "properties": {
        "amenity": "hospital",
        "healthcare": "hospital",
        "name": "Basumoti General Hospital, General hospital, Dhaka - Mawa Hwy, Dhaka"
      }
    },
    {
      "type": "Feature",
      "geometry": {
        "type": "Point",
        "coordinates": [
          90.3639399,
          23.6605236
        ]
      },
      "properties": {
        "amenity": "hospital",
        "healthcare": "hospital",
        "name": "Jahanara general hospital, Molla tower, Abdullahpur south, Kalakandi"
      }
    },
    {
      "type": "Feature",
      "geometry": {
        "type": "Point",
        "coordinates": [
          90.3989302,
          23.6941831
        ]
      },
      "properties": {
        "amenity": "hospital",
        "healthcare": "hospital",
        "name": "Jhilmil Hospital, Shuvadda High School Rd, Keraniganj"
      }
    },
    {
      "type": "Feature",
      "geometry": {
        "type": "Point",
        "coordinates": [
          90.3972149,
          23.7000122
        ]
      },
      "properties": {
        "amenity": "hospital",
        "healthcare": "hospital",
        "name": "Din Hospital, Zia Nagar Rd, Keraniganj"
      }
    },
    {
      "type": "Feature",
      "geometry": {
        "type": "Point",
        "coordinates": [
          90.397187,
          23.7023188
        ]
      },
      "properties": {
        "amenity": "hospital",
        "healthcare": "hospital",
        "name": "Al-Baraka Model Hospital, Keraniganj"
      }
    },
    {
      "type": "Feature",
      "geometry": {
        "type": "Point",
        "coordinates": [
          90.3988882,
          23.6959899
        ]
      },
      "properties": {
        "amenity": "hospital",
        "healthcare": "hospital",
        "name": "Porichorja Digital Hospital, Chowrasta, Chunkutia, Dhaka"
      }
    },
    {
      "type": "Feature",
      "geometry": {
        "type": "Point",
        "coordinates": [
          90.4009237,
          23.7071303
        ]
      },
      "properties": {
        "amenity": "hospital",
        "healthcare": "hospital",
        "name": "Bardem Hospital Keraniganj Branch, Aganagar Brijghat, Keraniganj"
      }
    },
    {
      "type": "Feature",
      "geometry": {
        "type": "Point",
        "coordinates": [
          91.8244642,
          22.3960244
        ]
      },
      "properties": {
        "amenity": "hospital",
        "healthcare": "hospital",
        "name": "Medicare Hospital, Bongobondhu Avenue, Oxygen - Kuwaish Rd, Chattogram"
      }
    },
    {
      "type": "Feature",
      "geometry": {
        "type": "Point",
        "coordinates": [
          90.4348529,
          23.7038555
        ]
      },
      "properties": {
        "amenity": "hospital",
        "healthcare": "hospital",
        "name": "Asia Digital Eye Hospital, South Jatrabari, West Side of Dholaipar Flyover Toll Plaza, Dhaka"
      }
    },
    {
      "type": "Feature",
      "geometry": {
        "type": "Point",
        "coordinates": [
          90.4345381,
          23.7053274
        ]
      },
      "properties": {
        "amenity": "hospital",
        "healthcare": "hospital",
        "name": "Al Bayt Hospital, Hospital, Dhaka - Mawa Hwy, Dhaka"
      }
    },
    {
      "type": "Feature",
      "geometry": {
        "type": "Point",
        "coordinates": [
          90.4323285,
          23.7056676
        ]
      },
      "properties": {
        "amenity": "hospital",
        "healthcare": "hospital",
        "name": "Medi Bangla General Hospital, Hospital, New Road, Dhaka"
      }
    },
    {
      "type": "Feature",
      "geometry": {
        "type": "Point",
        "coordinates": [
          90.4345125,
          23.7070106
        ]
      },
      "properties": {
        "amenity": "hospital",
        "healthcare": "hospital",
        "name": "Al-Hakim eye hospital and Phaco Center, Hospital, Haque Plaza, Dhaka"
      }
    },
    {
      "type": "Feature",
      "geometry": {
        "type": "Point",
        "coordinates": [
          90.4331553,
          23.7098186
        ]
      },
      "properties": {
        "amenity": "hospital",
        "healthcare": "hospital",
        "name": "Al Baraka Diagnostic Complex ltd, Hospital, Rahman Plaza, Shahid Faruk Sarak, Jatrabari, Dhaka"
      }
    },
    {
      "type": "Feature",
      "geometry": {
        "type": "Point",
        "coordinates": [
          90.4332148,
          23.710031
        ]
      },
      "properties": {
        "amenity": "hospital",
        "healthcare": "hospital",
        "name": "Best One Hijama Center, Hospital, Samiullah Plaza, Sahid Faruq Sarak, Dhaka"
      }
    },
    {
      "type": "Feature",
      "geometry": {
        "type": "Point",
        "coordinates": [
          91.8311254,
          22.330737
        ]
      },
      "properties": {
        "amenity": "hospital",
        "healthcare": "hospital",
        "name": "Dr lalit kumar dutta house Hospital, Strand Road, Chattogram"
      }
    },
    {
      "type": "Feature",
      "geometry": {
        "type": "Point",
        "coordinates": [
          90.4353274,
          23.6936732
        ]
      },
      "properties": {
        "amenity": "hospital",
        "healthcare": "hospital",
        "name": "Genome Hospital, Jurain Railgate, Haji Khorshed Ali Sarkar Road., Dhaka"
      }
    },
    {
      "type": "Feature",
      "geometry": {
        "type": "Point",
        "coordinates": [
          91.7880502,
          22.2717019
        ]
      },
      "properties": {
        "amenity": "hospital",
        "healthcare": "hospital",
        "name": "Karnaphuli EPZ Hospital, M. A Aziz Rd, Chattogram"
      }
    },
    {
      "type": "Feature",
      "geometry": {
        "type": "Point",
        "coordinates": [
          91.7915976,
          22.2603614
        ]
      },
      "properties": {
        "addr:street": "Sea Beach Rd, Chattogram",
        "amenity": "hospital",
        "name": "Karnaphuli EPZ Hospital"
      }
    },
    {
      "type": "Feature",
      "geometry": {
        "type": "Point",
        "coordinates": [
          91.8144039,
          22.2618587
        ]
      },
      "properties": {
        "amenity": "hospital",
        "healthcare": "hospital",
        "name": "Medical Squadron, BAF ZHR, BAF Rd, Chattogram"
      }
    },
    {
      "type": "Feature",
      "geometry": {
        "type": "Point",
        "coordinates": [
          91.7849076,
          22.2855798
        ]
      },
      "properties": {
        "amenity": "hospital",
        "healthcare": "hospital",
        "name": "Charu homeopathic, M. A Aziz Rd, Chattogram"
      }
    },
    {
      "type": "Feature",
      "geometry": {
        "type": "Point",
        "coordinates": [
          91.7899499,
          22.2862468
        ]
      },
      "properties": {
        "amenity": "hospital",
        "healthcare": "hospital",
        "name": "BN DY SICK BAY Hospital, Dockyard Rd , Chattogram"
      }
    },
    {
      "type": "Feature",
      "geometry": {
        "type": "Point",
        "coordinates": [
          91.7843226,
          22.2866996
        ]
      },
      "properties": {
        "amenity": "clinic",
        "healthcare": "clinic",
        "name": "Tanisa Beauty Parlour, M. A Aziz Road, Chattogram"
      }
    },
    {
      "type": "Feature",
      "geometry": {
        "type": "Point",
        "coordinates": [
          90.4339015,
          23.7446374
        ]
      },
      "properties": {
        "amenity": "clinic",
        "check_date": "2024-03-16",
        "healthcare": "clinic",
        "name": "Nagar Shashtho Kendro",
        "operator:type": "public",
        "wheelchair": "no"
      }
    },
    {
      "type": "Feature",
      "geometry": {
        "type": "Point",
        "coordinates": [
          90.4349223,
          23.7407675
        ]
      },
      "properties": {
        "amenity": "clinic",
        "check_date": "2024-03-17",
        "healthcare": "clinic",
        "name": "Kimiya Homio Hall"
      }
    },
    {
      "type": "Feature",
      "geometry": {
        "type": "Point",
        "coordinates": [
          90.4357232,
          23.7387355
        ]
      },
      "properties": {
        "amenity": "clinic",
        "check_date": "2024-03-17",
        "healthcare": "clinic",
        "name": "Anima Homio Hall"
      }
    },
    {
      "type": "Feature",
      "geometry": {
        "type": "Point",
        "coordinates": [
          90.4319433,
          23.7483677
        ]
      },
      "properties": {
        "amenity": "clinic",
        "check_date": "2024-03-17",
        "healthcare": "clinic",
        "name": "Soiyod Homio Hall"
      }
    },
    {
      "type": "Feature",
      "geometry": {
        "type": "Point",
        "coordinates": [
          90.4323568,
          23.7482121
        ]
      },
      "properties": {
        "addr:housenumber": "128",
        "addr:street": "South Goran",
        "amenity": "clinic",
        "check_date": "2024-03-17",
        "healthcare": "clinic",
        "name": "M Pharma"
      }
    },
    {
      "type": "Feature",
      "geometry": {
        "type": "Point",
        "coordinates": [
          90.4316328,
          23.7483087
        ]
      },
      "properties": {
        "amenity": "clinic",
        "check_date": "2024-03-17",
        "healthcare": "clinic",
        "healthcare:speciality": "fertility",
        "name": "Mita Homie Clinic"
      }
    },
    {
      "type": "Feature",
      "geometry": {
        "type": "Point",
        "coordinates": [
          90.4333967,
          23.7482266
        ]
      },
      "properties": {
        "amenity": "clinic",
        "check_date": "2024-03-17",
        "healthcare": "clinic",
        "name": "Barakah Homio Clinic"
      }
    },
    {
      "type": "Feature",
      "geometry": {
        "type": "Point",
        "coordinates": [
          90.4323321,
          23.7403624
        ]
      },
      "properties": {
        "amenity": "clinic",
        "check_date": "2024-03-17",
        "healthcare": "clinic",
        "level": "1",
        "name": "Shurjer Hashi Clinic"
      }
    },
    {
      "type": "Feature",
      "geometry": {
        "type": "Point",
        "coordinates": [
          90.4339855,
          23.740338
        ]
      },
      "properties": {
        "amenity": "hospital",
        "check_date": "2024-03-17",
        "healthcare": "hospital",
        "name": "New Anamika Hospital And Diagnostic Centre"
      }
    },
    {
      "type": "Feature",
      "geometry": {
        "type": "Point",
        "coordinates": [
          90.4330039,
          23.7402015
        ]
      },
      "properties": {
        "amenity": "clinic",
        "check_date": "2024-03-17",
        "healthcare": "clinic",
        "name": "Modern Herbal"
      }
    },
    {
      "type": "Feature",
      "geometry": {
        "type": "Point",
        "coordinates": [
          90.4329296,
          23.7402086
        ]
      },
      "properties": {
        "amenity": "clinic",
        "check_date": "2024-03-17",
        "healthcare": "clinic",
        "name": "Dipto Medicare"
      }
    },
    {
      "type": "Feature",
      "geometry": {
        "type": "Point",
        "coordinates": [
          91.7957447,
          22.3602638
        ]
      },
      "properties": {
        "amenity": "hospital",
        "healthcare": "hospital",
        "name": "Eye Hospital KIDS CORNER, Foys Lake Approach Rd, Chattogram"
      }
    },
    {
      "type": "Feature",
      "geometry": {
        "type": "Point",
        "coordinates": [
          90.4338354,
          23.710802
        ]
      },
      "properties": {
        "amenity": "hospital",
        "healthcare": "hospital",
        "name": "Safa Marwa Hospital Jatrabari, Mamtaz Market, North Jatrabari, Jatrabari, Dhaka"
      }
    },
    {
      "type": "Feature",
      "geometry": {
        "type": "Point",
        "coordinates": [
          90.4038418,
          23.7113791
        ]
      },
      "properties": {
        "amenity": "hospital",
        "healthcare": "hospital",
        "name": "Meghna General Hospital, General hospital, Islampur Rd, Dhaka"
      }
    },
    {
      "type": "Feature",
      "geometry": {
        "type": "Point",
        "coordinates": [
          90.4248889,
          23.7505983
        ]
      },
      "properties": {
        "amenity": "clinic",
        "healthcare": "clinic",
        "name": "Meghna Diagnostic Center"
      }
    },
    {
      "type": "Feature",
      "geometry": {
        "type": "Point",
        "coordinates": [
          91.8289538,
          22.3406203
        ]
      },
      "properties": {
        "amenity": "hospital",
        "healthcare": "hospital",
        "name": "AIG Hospitals Bangladesh, Enayet Bazar Rd, Chattogram"
      }
    },
    {
      "type": "Feature",
      "geometry": {
        "type": "Point",
        "coordinates": [
          91.8232184,
          22.342153
        ]
      },
      "properties": {
        "amenity": "hospital",
        "healthcare": "hospital",
        "name": "Railway Bokkho Badhy Hospital, Bangladesh Railway Hospital, C.R.B. Rd, Chattogram"
      }
    },
    {
      "type": "Feature",
      "geometry": {
        "type": "Point",
        "coordinates": [
          90.4229145,
          23.7085836
        ]
      },
      "properties": {
        "addr:city": "Dhaka",
        "addr:postcode": "1204",
        "addr:street": "Distilary Road",
        "amenity": "hospital",
        "healthcare": "hospital",
        "name": "Asgar Ali Hospital , Dhaka",
        "operator": "xyz",
        "operator:type": "public"
      }
    },
    {
      "type": "Feature",
      "geometry": {
        "type": "Point",
        "coordinates": [
          91.8237919,
          22.3585709
        ]
      },
      "properties": {
        "amenity": "hospital",
        "healthcare": "hospital",
        "name": "Asian Specialized Hospital LTD, O.R. Nizam Rd, Chattogram"
      }
    },
    {
      "type": "Feature",
      "geometry": {
        "type": "Point",
        "coordinates": [
          91.8285391,
          22.3393228
        ]
      },
      "properties": {
        "amenity": "hospital",
        "healthcare": "hospital",
        "name": "Yashoda Hospitals Medical Information Centre, Yasmeen Palace, Jubilee Rd, Chattogram"
      }
    },
    {
      "type": "Feature",
      "geometry": {
        "type": "Point",
        "coordinates": [
          90.4013161,
          23.7112172
        ]
      },
      "properties": {
        "amenity": "hospital",
        "healthcare": "hospital",
        "name": "Sir Salimullah Medical College Mitford Hospital, Government hospital, Mitford Rd, Dhaka"
      }
    },
    {
      "type": "Feature",
      "geometry": {
        "type": "Point",
        "coordinates": [
          90.4016154,
          23.7100338
        ]
      },
      "properties": {
        "amenity": "hospital",
        "healthcare": "hospital",
        "name": "Mitford Hospital Kheya Ghat, Mitford Rd, Dhaka"
      }
    },
    {
      "type": "Feature",
      "geometry": {
        "type": "Point",
        "coordinates": [
          90.4051397,
          23.7140759
        ]
      },
      "properties": {
        "amenity": "hospital",
        "healthcare": "hospital",
        "name": "Dhaka Mohanagar General Hospital, Babubazar Bridge, Dhaka"
      }
    },
    {
      "type": "Feature",
      "geometry": {
        "type": "Point",
        "coordinates": [
          89.7661796,
          22.6708392
        ]
      },
      "properties": {
        "amenity": "hospital",
        "building": "hospital",
        "building:colour": "white",
        "building:material": "brick",
        "healthcare": "hospital",
        "kids_area": "yes",
        "name": "Bagerhat Sadar Hospital",
        "nohousenumber": "yes",
        "operator": "BDRCS",
        "roof:orientation": "across",
        "roof:shape": "flat"
      }
    },
    {
      "type": "Feature",
      "geometry": {
        "type": "Point",
        "coordinates": [
          89.7660496,
          22.6706929
        ]
      },
      "properties": {
        "amenity": "hospital",
        "building": "hospital",
        "building:colour": "white",
        "building:material": "brick",
        "healthcare": "hospital",
        "kids_area": "yes",
        "name": "Bagerhat Sadar Hospital",
        "nohousenumber": "yes",
        "operator": "BDRCS",
        "roof:orientation": "across",
        "roof:shape": "flat"
      }
    },
    {
      "type": "Feature",
      "geometry": {
        "type": "Point",
        "coordinates": [
          89.7657681,
          22.6721142
        ]
      },
      "properties": {
        "amenity": "hospital",
        "building": "hospital",
        "building:colour": "white",
        "building:material": "brick",
        "healthcare": "hospital",
        "kids_area": "yes",
        "name": "Bagerhat Sadar Hospital",
        "nohousenumber": "yes",
        "operator": "BDRCS",
        "roof:orientation": "across",
        "roof:shape": "flat"
      }
    },
    {
      "type": "Feature",
      "geometry": {
        "type": "Point",
        "coordinates": [
          91.8265097,
          22.3595061
        ]
      },
      "properties": {
        "amenity": "hospital",
        "healthcare": "hospital",
        "name": "Chittagong Health Point Hospital, O.R. Nizam Rd, Chattogram"
      }
    },
    {
      "type": "Feature",
      "geometry": {
        "type": "Point",
        "coordinates": [
          91.8259595,
          22.359086
        ]
      },
      "properties": {
        "amenity": "hospital",
        "healthcare": "hospital",
        "name": "DR. MD. SHAFIQUL ISLAM CHEMBER Hospital, O.R. Nizam Rd, Chattogram"
      }
    },
    {
      "type": "Feature",
      "geometry": {
        "type": "Point",
        "coordinates": [
          91.8261974,
          22.3591964
        ]
      },
      "properties": {
        "amenity": "hospital",
        "healthcare": "hospital",
        "name": "Saul Heart Center, Heart hospital, O.R. Nizam Rd, Chattogram"
      }
    },
    {
      "type": "Feature",
      "geometry": {
        "type": "Point",
        "coordinates": [
          89.790862,
          22.6644104
        ]
      },
      "properties": {
        "amenity": "clinic",
        "healthcare": "clinic",
        "name": "Dr Tarek Mahmud"
      }
    },
    {
      "type": "Feature",
      "geometry": {
        "type": "Point",
        "coordinates": [
          89.7982606,
          22.6563844
        ]
      },
      "properties": {
        "addr:city": "\u09ac\u09be\u0997\u09c7\u09b0\u09b9\u09be\u099f",
        "addr:housenumber": "0001-00",
        "addr:place": "\u09ac\u09be\u099c\u09be\u09b0 \u09ae\u09c7\u0987\u09a8 \u09b0\u09c7\u09be\u09a1, \u09ac\u09be\u0997\u09c7\u09b0\u09b9\u09be\u099f\u09c7",
        "addr:postcode": "\u09ef\u09e9\u09e6\u09e6",
        "amenity": "clinic",
        "building": "yes",
        "building:levels": "3",
        "building:material": "cement_block",
        "building:use": "medical",
        "healthcare": "clinic",
        "kids_area:indoor": "yes",
        "name": "\u09a8\u099c\u09b0\u09c1\u09b2 \u0995\u09cd\u09b2\u09bf\u09a8\u09bf\u0995, \u09ac\u09be\u0997\u09c7\u09b0\u09b9\u09be\u099f",
        "roof:levels": "3",
        "roof:orientation": "across"
      }
    },
    {
      "type": "Feature",
      "geometry": {
        "type": "Point",
        "coordinates": [
          89.0683265,
          22.7211872
        ]
      },
      "properties": {
        "amenity": "clinic",
        "healthcare": "clinic",
        "level": "2",
        "name": "\u09b0\u09c7\u099f\u09bf\u09a8\u09be"
      }
    },
    {
      "type": "Feature",
      "geometry": {
        "type": "Point",
        "coordinates": [
          89.070209,
          22.7176694
        ]
      },
      "properties": {
        "amenity": "hospital",
        "healthcare": "hospital",
        "name": "SD Hospital"
      }
    },
    {
      "type": "Feature",
      "geometry": {
        "type": "Point",
        "coordinates": [
          89.068636,
          22.7198446
        ]
      },
      "properties": {
        "amenity": "clinic",
        "healthcare": "clinic",
        "level": "2",
        "name": "Spondon Dayaganistic Centre",
        "operator": "Clinica Sante"
      }
    },
    {
      "type": "Feature",
      "geometry": {
        "type": "Point",
        "coordinates": [
          89.7966451,
          22.6550541
        ]
      },
      "properties": {
        "addr:street": "Railway Station Road",
        "amenity": "clinic",
        "contact:mobile": "+880 1799-422366;+880 1711-397518;+880 1711-034888",
        "healthcare": "clinic",
        "name": "\u09b8\u09c7\u09ac\u09be \u0995\u09cd\u09b2\u09bf\u09a8\u09bf\u0995",
        "operator": "Private"
      }
    },
    {
      "type": "Feature",
      "geometry": {
        "type": "Point",
        "coordinates": [
          89.8000993,
          22.6535534
        ]
      },
      "properties": {
        "addr:city": "Bagerhat",
        "addr:district": "Bagerhat",
        "addr:housenumber": "143/1",
        "addr:postcode": "9300",
        "addr:street": "\u09ac\u09be\u09b8\u09be\u09ac\u09be\u099f\u09bf \u09a6\u09a1\u09bc\u09be\u099f\u09be\u09a8\u09be \u09b0\u09cb\u09a1",
        "amenity": "clinic",
        "healthcare": "clinic",
        "name": "Copla Homio Comolex"
      }
    },
    {
      "type": "Feature",
      "geometry": {
        "type": "Point",
        "coordinates": [
          89.7960577,
          22.6606448
        ]
      },
      "properties": {
        "addr:city": "\u09ac\u09be\u0997\u09c7\u09b0\u09b9\u09be\u099f",
        "addr:place": "\u09ac\u09be\u0997\u09c7\u09b0\u09b9\u09be\u099f",
        "addr:postcode": "\u09ef\u09e9\u09e6\u09e6",
        "addr:street": "\u09ae\u09c1\u09a8\u09bf\u0997\u099e\u09cd\u099c \u09b0\u09cb\u09a1, \u09ac\u09be\u0997\u09c7\u09b0\u09b9\u09be\u099f",
        "amenity": "clinic",
        "healthcare": "clinic",
        "name": "\u09b8\u09c2\u09b0\u09cd\u09af\u09c7\u09b0 \u09b9\u09be\u09b8\u09bf \u0995\u09cd\u09b2\u09bf\u09a8\u09bf\u0995",
        "nohousenumber": "yes"
      }
    },
    {
      "type": "Feature",
      "geometry": {
        "type": "Point",
        "coordinates": [
          89.0761335,
          22.6911591
        ]
      },
      "properties": {
        "addr:street": "Satkhira Alarchor Road",
        "amenity": "hospital",
        "healthcare": "hospital",
        "name": "CDC Cest Hospital Satkhira",
        "operator": "govt",
        "phone": "+880 1917-550026"
      }
    },
    {
      "type": "Feature",
      "geometry": {
        "type": "Point",
        "coordinates": [
          91.8301804,
          22.3634249
        ]
      },
      "properties": {
        "amenity": "hospital",
        "healthcare": "hospital",
        "name": "Chevron Specialized Hospital, O.R. Nizam Rd, Chattogram"
      }
    },
    {
      "type": "Feature",
      "geometry": {
        "type": "Point",
        "coordinates": [
          91.8301051,
          22.3635368
        ]
      },
      "properties": {
        "amenity": "hospital",
        "healthcare": "hospital",
        "name": "Fortes Cardiac Hospital, Nizam Road, Panchlaish, Muradpur, Chattogram"
      }
    },
    {
      "type": "Feature",
      "geometry": {
        "type": "Point",
        "coordinates": [
          91.8250511,
          22.3647269
        ]
      },
      "properties": {
        "amenity": "hospital",
        "healthcare": "hospital",
        "name": "Bangkok Hospital Office Chattogram, Level 05, YAKUB TRADE CENTER, Chattogram"
      }
    },
    {
      "type": "Feature",
      "geometry": {
        "type": "Point",
        "coordinates": [
          91.8315011,
          22.3643224
        ]
      },
      "properties": {
        "amenity": "hospital",
        "healthcare": "hospital",
        "name": "Yashoda Hospitals Information Center Chittagong, Sugandha Residential Area, Chattogram"
      }
    },
    {
      "type": "Feature",
      "geometry": {
        "type": "Point",
        "coordinates": [
          90.4245387,
          23.7103861
        ]
      },
      "properties": {
        "amenity": "hospital",
        "healthcare": "hospital",
        "name": "LabAid Limited (Diagnostic), Hospital, Doyagonj New Rd, Dhaka"
      }
    },
    {
      "type": "Feature",
      "geometry": {
        "type": "Point",
        "coordinates": [
          90.4257408,
          23.7100555
        ]
      },
      "properties": {
        "amenity": "hospital",
        "healthcare": "hospital",
        "name": "PROFESSOR DR T.ISLAM SHAMIM EYE HOSPITAL, New Road, Dhaka"
      }
    },
    {
      "type": "Feature",
      "geometry": {
        "type": "Point",
        "coordinates": [
          89.062918,
          22.7302592
        ]
      },
      "properties": {
        "amenity": "hospital",
        "healthcare": "hospital",
        "name": "Shakira physiotherapy Point"
      }
    },
    {
      "type": "Feature",
      "geometry": {
        "type": "Point",
        "coordinates": [
          89.0633221,
          22.7301301
        ]
      },
      "properties": {
        "amenity": "hospital",
        "healthcare": "hospital",
        "name": "Satkhira Children\u2019s Hospital"
      }
    },
    {
      "type": "Feature",
      "geometry": {
        "type": "Point",
        "coordinates": [
          91.8332027,
          22.3679667
        ]
      },
      "properties": {
        "amenity": "hospital",
        "healthcare": "hospital",
        "name": "Chittagong Union Hospital Private Limited, Mirzapul Rd, Chattogram"
      }
    },
    {
      "type": "Feature",
      "geometry": {
        "type": "Point",
        "coordinates": [
          89.0699013,
          22.7223923
        ]
      },
      "properties": {
        "amenity": "clinic",
        "healthcare": "clinic",
        "level": "5",
        "name": "Mother Teresa diagnostic"
      }
    },
    {
      "type": "Feature",
      "geometry": {
        "type": "Point",
        "coordinates": [
          89.0705974,
          22.7221267
        ]
      },
      "properties": {
        "amenity": "clinic",
        "healthcare": "clinic",
        "level": "4",
        "name": "Bangladesh Private hospital Association"
      }
    },
    {
      "type": "Feature",
      "geometry": {
        "type": "Point",
        "coordinates": [
          89.0702732,
          22.7221111
        ]
      },
      "properties": {
        "amenity": "clinic",
        "healthcare": "clinic",
        "name": "Nova Diagnostic Centre"
      }
    },
    {
      "type": "Feature",
      "geometry": {
        "type": "Point",
        "coordinates": [
          89.0704219,
          22.7226563
        ]
      },
      "properties": {
        "amenity": "clinic",
        "healthcare": "clinic",
        "level": "4",
        "name": "Bangladesh diabetes care and Physiotherapy center"
      }
    },
    {
      "type": "Feature",
      "geometry": {
        "type": "Point",
        "coordinates": [
          89.0701142,
          22.7220813
        ]
      },
      "properties": {
        "amenity": "clinic",
        "healthcare": "clinic",
        "level": "4",
        "name": "Bushra Hospital"
      }
    },
    {
      "type": "Feature",
      "geometry": {
        "type": "Point",
        "coordinates": [
          89.070368,
          22.7221232
        ]
      },
      "properties": {
        "amenity": "clinic",
        "healthcare": "clinic",
        "level": "3",
        "name": "Swadesh clinic"
      }
    },
    {
      "type": "Feature",
      "geometry": {
        "type": "Point",
        "coordinates": [
          89.0698613,
          22.722028
        ]
      },
      "properties": {
        "amenity": "clinic",
        "healthcare": "clinic",
        "level": "3",
        "name": "Sundarban clinic"
      }
    },
    {
      "type": "Feature",
      "geometry": {
        "type": "Point",
        "coordinates": [
          89.0726109,
          22.7224456
        ]
      },
      "properties": {
        "amenity": "clinic",
        "healthcare": "clinic",
        "level": "10",
        "name": "Cb Hospital"
      }
    },
    {
      "type": "Feature",
      "geometry": {
        "type": "Point",
        "coordinates": [
          89.0707548,
          22.7221043
        ]
      },
      "properties": {
        "amenity": "clinic",
        "healthcare": "clinic",
        "level": "\u09ea",
        "name": "\u09b8\u09a4\u09a4\u09be \u0995\u09cd\u09b2\u09bf\u09a8\u09bf\u0995"
      }
    },
    {
      "type": "Feature",
      "geometry": {
        "type": "Point",
        "coordinates": [
          89.0704612,
          22.7225219
        ]
      },
      "properties": {
        "amenity": "clinic",
        "healthcare": "clinic",
        "level": "4",
        "name": "Nahar Diagnostic Center"
      }
    },
    {
      "type": "Feature",
      "geometry": {
        "type": "Point",
        "coordinates": [
          89.0699684,
          22.7220619
        ]
      },
      "properties": {
        "amenity": "clinic",
        "healthcare": "clinic",
        "level": "5",
        "name": "Heart Foundation"
      }
    },
    {
      "type": "Feature",
      "geometry": {
        "type": "Point",
        "coordinates": [
          91.8532648,
          22.3494963
        ]
      },
      "properties": {
        "amenity": "hospital",
        "healthcare": "hospital",
        "name": "Middle Bakalia Mother And Childwellfare Center., Sathish Babu Ln, Chattogram"
      }
    },
    {
      "type": "Feature",
      "geometry": {
        "type": "Point",
        "coordinates": [
          91.8644181,
          22.3003333
        ]
      },
      "properties": {
        "amenity": "hospital",
        "healthcare": "hospital",
        "name": "Smiling Sun Clinic (Patiya Rural), Chittagong-Coxs Bazar Hwy, Chattogram"
      }
    },
    {
      "type": "Feature",
      "geometry": {
        "type": "Point",
        "coordinates": [
          91.8311777,
          22.3769438
        ]
      },
      "properties": {
        "amenity": "clinic",
        "healthcare": "clinic",
        "name": "Chayapath Maternal and Child Health Services Clinic, Hamjarbag Rd, Hathazari, Chattogram"
      }
    },
    {
      "type": "Feature",
      "geometry": {
        "type": "Point",
        "coordinates": [
          90.4009727,
          23.72368
        ]
      },
      "properties": {
        "amenity": "hospital",
        "healthcare": "hospital",
        "name": "Ahmed Specialized Hospital, Mazed Sardar Road, Nimtoli Ln, Dhaka"
      }
    },
    {
      "type": "Feature",
      "geometry": {
        "type": "Point",
        "coordinates": [
          90.3998041,
          23.723547
        ]
      },
      "properties": {
        "amenity": "hospital",
        "healthcare": "hospital",
        "name": "Royal Care & Surgical Hospital, Hussaini Dalan Rd, Dhaka"
      }
    },
    {
      "type": "Feature",
      "geometry": {
        "type": "Point",
        "coordinates": [
          90.4052781,
          23.722726
        ]
      },
      "properties": {
        "amenity": "hospital",
        "healthcare": "hospital",
        "name": "National Veterinary Hospital, Bangabazar Chakkar, Dhaka"
      }
    },
    {
      "type": "Feature",
      "geometry": {
        "type": "Point",
        "coordinates": [
          90.4003721,
          23.7232825
        ]
      },
      "properties": {
        "amenity": "hospital",
        "healthcare": "hospital",
        "name": "Chowdhury General Hospital, Nazimuddin Rd, Dhaka"
      }
    },
    {
      "type": "Feature",
      "geometry": {
        "type": "Point",
        "coordinates": [
          90.387829,
          23.7246436
        ]
      },
      "properties": {
        "amenity": "hospital",
        "healthcare": "hospital",
        "name": "Azimpur Maternity Hospital, Azimpur Rd, Dhaka"
      }
    },
    {
      "type": "Feature",
      "geometry": {
        "type": "Point",
        "coordinates": [
          90.3994902,
          23.7246554
        ]
      },
      "properties": {
        "amenity": "hospital",
        "healthcare": "hospital",
        "name": "Burn & Plastic Surgery Unit, Hospital, Secretariate Road, Dhaka Medical College Hospital, Dhaka"
      }
    },
    {
      "type": "Feature",
      "geometry": {
        "type": "Point",
        "coordinates": [
          90.3976561,
          23.7260307
        ]
      },
      "properties": {
        "amenity": "hospital",
        "healthcare": "hospital",
        "name": "Dhaka Medical College Hospital, Government hospital, Secretariat Rd, Dhaka"
      }
    },
    {
      "type": "Feature",
      "geometry": {
        "type": "Point",
        "coordinates": [
          90.3754388,
          23.7389095
        ]
      },
      "properties": {
        "addr:floor": "2",
        "addr:housenumber": "Green Akshay Plaza",
        "addr:street": "Satmasjid Road",
        "amenity": "clinic",
        "check_date": "2024-04-17",
        "description": "Rating is 2. Not so good for Medical checkup",
        "healthcare": "centre",
        "internet_access": "no",
        "name": "Sarvoshrestha Medical Center",
        "phone": "01575790445",
        "wheelchair": "no"
      }
    },
    {
      "type": "Feature",
      "geometry": {
        "type": "Point",
        "coordinates": [
          90.3797506,
          23.7385647
        ]
      },
      "properties": {
        "amenity": "hospital",
        "healthcare": "hospital",
        "name": "Popular Medical College, Road No. 2, Dhaka"
      }
    },
    {
      "type": "Feature",
      "geometry": {
        "type": "Point",
        "coordinates": [
          90.3864571,
          23.7345564
        ]
      },
      "properties": {
        "amenity": "hospital",
        "healthcare": "hospital",
        "name": "Sandhani Eye Hospital"
      }
    },
    {
      "type": "Feature",
      "geometry": {
        "type": "Point",
        "coordinates": [
          90.3931104,
          23.741501
        ]
      },
      "properties": {
        "amenity": "hospital",
        "healthcare": "hospital",
        "name": "Module General Hospital, Poribagh Rd Number 2, Dhaka"
      }
    },
    {
      "type": "Feature",
      "geometry": {
        "type": "Point",
        "coordinates": [
          90.3958608,
          23.739628
        ]
      },
      "properties": {
        "amenity": "hospital",
        "healthcare": "hospital",
        "name": "PG Hospital Dhaka, Bus Stop, Shahbagh Rd, Dhaka"
      }
    },
    {
      "type": "Feature",
      "geometry": {
        "type": "Point",
        "coordinates": [
          90.3938152,
          23.7387404
        ]
      },
      "properties": {
        "amenity": "hospital",
        "healthcare": "hospital",
        "name": "BSMMU Outdoor 1 (Medicine), Hospital, BSMMU, Shahbagh Rd, Dhaka"
      }
    },
    {
      "type": "Feature",
      "geometry": {
        "type": "Point",
        "coordinates": [
          90.3849571,
          23.7442875
        ]
      },
      "properties": {
        "amenity": "hospital",
        "healthcare": "hospital",
        "name": "Unico Hospitals PLC, Green Rd, Dhaka"
      }
    },
    {
      "type": "Feature",
      "geometry": {
        "type": "Point",
        "coordinates": [
          90.3924748,
          23.7472254
        ]
      },
      "properties": {
        "amenity": "hospital",
        "healthcare": "hospital",
        "name": "Padma General Hospital, Sonargaon Road, Dhaka"
      }
    },
    {
      "type": "Feature",
      "geometry": {
        "type": "Point",
        "coordinates": [
          90.3872005,
          23.7506802
        ]
      },
      "properties": {
        "amenity": "hospital",
        "healthcare": "hospital",
        "name": "SIBL Foundation Hospital, Fattah Plaza, Panthapath, Dhaka"
      }
    },
    {
      "type": "Feature",
      "geometry": {
        "type": "Point",
        "coordinates": [
          90.3887485,
          23.7503909
        ]
      },
      "properties": {
        "amenity": "hospital",
        "healthcare": "hospital",
        "name": "Platinum Hospital Limited, Panthapath, Dhaka"
      }
    },
    {
      "type": "Feature",
      "geometry": {
        "type": "Point",
        "coordinates": [
          90.3844798,
          23.7425856
        ]
      },
      "properties": {
        "amenity": "hospital",
        "healthcare": "hospital",
        "name": "Mukul Dental Clinic, Hospital, Green Square Road, Dhaka"
      }
    },
    {
      "type": "Feature",
      "geometry": {
        "type": "Point",
        "coordinates": [
          90.3858871,
          23.7465086
        ]
      },
      "properties": {
        "amenity": "hospital",
        "healthcare": "hospital",
        "name": "Green Life Medical College Hospital, Bir Uttam Shafiullah Sarak, Green Rd, Dhaka"
      }
    },
    {
      "type": "Feature",
      "geometry": {
        "type": "Point",
        "coordinates": [
          90.3863444,
          23.7458217
        ]
      },
      "properties": {
        "amenity": "hospital",
        "healthcare": "hospital",
        "name": "Reliance General & Renal Hospital, Corner, Green Rd, Dhaka"
      }
    },
    {
      "type": "Feature",
      "geometry": {
        "type": "Point",
        "coordinates": [
          90.3846381,
          23.7421348
        ]
      },
      "properties": {
        "amenity": "hospital",
        "healthcare": "hospital",
        "name": "Labid hospital Dhanmondi, Hospital, Green Square Road, Dhaka"
      }
    },
    {
      "type": "Feature",
      "geometry": {
        "type": "Point",
        "coordinates": [
          90.1262641,
          23.3885602
        ]
      },
      "properties": {
        "amenity": "hospital",
        "healthcare": "hospital",
        "name": "Elias Ahmed Chowdhury Trauma Center, Hospital, Daulatpur, Shibchar"
      }
    },
    {
      "type": "Feature",
      "geometry": {
        "type": "Point",
        "coordinates": [
          90.1394557,
          23.2700626
        ]
      },
      "properties": {
        "amenity": "clinic",
        "healthcare": "clinic",
        "name": "Khalashi Kandi Committee Clinic, Khalashi kandi, Shibchar"
      }
    },
    {
      "type": "Feature",
      "geometry": {
        "type": "Point",
        "coordinates": [
          90.4283867,
          23.7470635
        ]
      },
      "properties": {
        "amenity": "clinic",
        "check_date": "2024-05-03",
        "healthcare": "clinic",
        "name": "Oro Dental Clinic"
      }
    },
    {
      "type": "Feature",
      "geometry": {
        "type": "Point",
        "coordinates": [
          90.4282871,
          23.7471849
        ]
      },
      "properties": {
        "amenity": "clinic",
        "check_date": "2024-05-03",
        "healthcare": "clinic",
        "name": "Choudhury Dental And Implant Centre -2"
      }
    },
    {
      "type": "Feature",
      "geometry": {
        "type": "Point",
        "coordinates": [
          90.4286859,
          23.747511
        ]
      },
      "properties": {
        "amenity": "clinic",
        "check_date": "2024-05-03",
        "healthcare": "clinic",
        "name": "Tilpapara Dental Care Point"
      }
    },
    {
      "type": "Feature",
      "geometry": {
        "type": "Point",
        "coordinates": [
          90.4287786,
          23.7475066
        ]
      },
      "properties": {
        "amenity": "clinic",
        "check_date": "2024-05-03",
        "healthcare": "clinic",
        "name": "Physiotherapy Centre"
      }
    },
    {
      "type": "Feature",
      "geometry": {
        "type": "Point",
        "coordinates": [
          90.4282572,
          23.7469309
        ]
      },
      "properties": {
        "amenity": "clinic",
        "check_date": "2024-05-03",
        "healthcare": "clinic",
        "name": "Rasel Homio Hall"
      }
    },
    {
      "type": "Feature",
      "geometry": {
        "type": "Point",
        "coordinates": [
          90.4300324,
          23.7476095
        ]
      },
      "properties": {
        "amenity": "clinic",
        "check_date": "2024-05-03",
        "healthcare": "clinic",
        "name": "Dr. Sanaullah Dental"
      }
    },
    {
      "type": "Feature",
      "geometry": {
        "type": "Point",
        "coordinates": [
          90.4303501,
          23.7472162
        ]
      },
      "properties": {
        "amenity": "clinic",
        "check_date": "2024-05-03",
        "healthcare": "clinic",
        "name": "Sathi Pharmacy And Physiotherapy Centre"
      }
    },
    {
      "type": "Feature",
      "geometry": {
        "type": "Point",
        "coordinates": [
          90.4301798,
          23.7477007
        ]
      },
      "properties": {
        "amenity": "clinic",
        "check_date": "2024-05-03",
        "healthcare": "clinic",
        "name": "Puraton Haar Vanga Dokan-1"
      }
    },
    {
      "type": "Feature",
      "geometry": {
        "type": "Point",
        "coordinates": [
          90.4300935,
          23.7476226
        ]
      },
      "properties": {
        "amenity": "clinic",
        "check_date": "2024-05-03",
        "healthcare": "clinic",
        "name": "Puraton Haar Vanga Chikotshaloy"
      }
    },
    {
      "type": "Feature",
      "geometry": {
        "type": "Point",
        "coordinates": [
          90.433225,
          23.748425
        ]
      },
      "properties": {
        "amenity": "clinic",
        "check_date": "2024-05-04",
        "healthcare": "clinic",
        "name": "Shahriar Homio Hall"
      }
    },
    {
      "type": "Feature",
      "geometry": {
        "type": "Point",
        "coordinates": [
          90.4329355,
          23.7491797
        ]
      },
      "properties": {
        "amenity": "clinic",
        "check_date": "2024-05-04",
        "healthcare": "clinic",
        "level": "1",
        "name": "Laiba Dental Care"
      }
    },
    {
      "type": "Feature",
      "geometry": {
        "type": "Point",
        "coordinates": [
          90.432597,
          23.7502255
        ]
      },
      "properties": {
        "amenity": "clinic",
        "check_date": "2024-05-04",
        "healthcare": "clinic",
        "name": "Rahmat Dental Care"
      }
    },
    {
      "type": "Feature",
      "geometry": {
        "type": "Point",
        "coordinates": [
          90.4324253,
          23.7513633
        ]
      },
      "properties": {
        "amenity": "clinic",
        "check_date": "2024-05-04",
        "healthcare": "clinic",
        "name": "Shimanto Clinic"
      }
    },
    {
      "type": "Feature",
      "geometry": {
        "type": "Point",
        "coordinates": [
          90.4323439,
          23.7517823
        ]
      },
      "properties": {
        "amenity": "clinic",
        "check_date": "2024-05-04",
        "healthcare": "clinic",
        "name": "Jononi Dental Care"
      }
    },
    {
      "type": "Feature",
      "geometry": {
        "type": "Point",
        "coordinates": [
          90.4275626,
          23.7451886
        ]
      },
      "properties": {
        "amenity": "clinic",
        "check_date": "2024-05-04",
        "healthcare": "clinic",
        "name": "Apical Dental Surgery"
      }
    },
    {
      "type": "Feature",
      "geometry": {
        "type": "Point",
        "coordinates": [
          90.4266178,
          23.7449849
        ]
      },
      "properties": {
        "amenity": "hospital",
        "check_date": "2024-05-04",
        "healthcare": "hospital",
        "level": "1",
        "name": "Belvue Hospital"
      }
    },
    {
      "type": "Feature",
      "geometry": {
        "type": "Point",
        "coordinates": [
          90.426609,
          23.7449622
        ]
      },
      "properties": {
        "amenity": "hospital",
        "check_date": "2024-05-04",
        "healthcare": "hospital",
        "name": "Monowara Hospital"
      }
    },
    {
      "type": "Feature",
      "geometry": {
        "type": "Point",
        "coordinates": [
          90.3449772,
          23.3027825
        ]
      },
      "properties": {
        "amenity": "hospital",
        "healthcare": "hospital"
      }
    },
    {
      "type": "Feature",
      "geometry": {
        "type": "Point",
        "coordinates": [
          90.426812,
          23.7463273
        ]
      },
      "properties": {
        "amenity": "clinic",
        "check_date": "2024-05-07",
        "healthcare": "clinic",
        "name": "Jorpykur Oral And Dental Health Centre"
      }
    },
    {
      "type": "Feature",
      "geometry": {
        "type": "Point",
        "coordinates": [
          90.4269107,
          23.7470314
        ]
      },
      "properties": {
        "amenity": "hospital",
        "check_date": "2024-05-07",
        "healthcare": "hospital",
        "name": "Royal Aid Hospital Ltd"
      }
    },
    {
      "type": "Feature",
      "geometry": {
        "type": "Point",
        "coordinates": [
          90.426731,
          23.7476953
        ]
      },
      "properties": {
        "amenity": "clinic",
        "check_date": "2024-05-07",
        "healthcare": "clinic",
        "name": "Khilgaon Specialized Oral Dental And Implant Centre"
      }
    },
    {
      "type": "Feature",
      "geometry": {
        "type": "Point",
        "coordinates": [
          90.3561061,
          23.8170644
        ]
      },
      "properties": {
        "amenity": "hospital",
        "check_date": "2024-05-08",
        "healthcare": "hospital",
        "name": "Ruonagar Central Hospital and Diagnoatics Center"
      }
    },
    {
      "type": "Feature",
      "geometry": {
        "type": "Point",
        "coordinates": [
          90.3474203,
          23.2099206
        ]
      },
      "properties": {
        "amenity": "hospital",
        "healthcare": "hospital",
        "name": "Nur General Hospital, Shariatpur"
      }
    },
    {
      "type": "Feature",
      "geometry": {
        "type": "Point",
        "coordinates": [
          90.3477422,
          23.2125147
        ]
      },
      "properties": {
        "amenity": "hospital",
        "healthcare": "hospital",
        "name": "Shariatpur Dental Hospital"
      }
    },
    {
      "type": "Feature",
      "geometry": {
        "type": "Point",
        "coordinates": [
          90.3480614,
          23.2134415
        ]
      },
      "properties": {
        "amenity": "hospital",
        "healthcare": "hospital",
        "name": "Haji Shoriat Ullah Hospital"
      }
    },
    {
      "type": "Feature",
      "geometry": {
        "type": "Point",
        "coordinates": [
          90.3478468,
          23.2128754
        ]
      },
      "properties": {
        "amenity": "hospital",
        "healthcare": "hospital",
        "name": "City Adhunik Hospital & Diagnostic Center"
      }
    },
    {
      "type": "Feature",
      "geometry": {
        "type": "Point",
        "coordinates": [
          90.3246319,
          23.1909816
        ]
      },
      "properties": {
        "amenity": "hospital",
        "healthcare": "hospital",
        "name": "Dr. Monirul Islam Monir, Hospital, Angariya Road, Angaria"
      }
    },
    {
      "type": "Feature",
      "geometry": {
        "type": "Point",
        "coordinates": [
          90.2100789,
          23.1673449
        ]
      },
      "properties": {
        "amenity": "hospital",
        "healthcare": "hospital"
      }
    },
    {
      "type": "Feature",
      "geometry": {
        "type": "Point",
        "coordinates": [
          90.2154335,
          23.1721136
        ]
      },
      "properties": {
        "amenity": "hospital",
        "healthcare": "hospital",
        "name": "Animal Hospital Madaripur, Hospital, Madaripur"
      }
    },
    {
      "type": "Feature",
      "geometry": {
        "type": "Point",
        "coordinates": [
          90.2131975,
          23.1677995
        ]
      },
      "properties": {
        "amenity": "hospital",
        "healthcare": "hospital"
      }
    },
    {
      "type": "Feature",
      "geometry": {
        "type": "Point",
        "coordinates": [
          90.1375174,
          23.1609728
        ]
      },
      "properties": {
        "amenity": "hospital",
        "healthcare": "hospital",
        "name": "Mostafapur Medical Center, Hospital, Bhanga - Barisal Hwy, Madaripur"
      }
    },
    {
      "type": "Feature",
      "geometry": {
        "type": "Point",
        "coordinates": [
          90.0200168,
          23.2227468
        ]
      },
      "properties": {
        "amenity": "hospital",
        "healthcare": "hospital",
        "name": "ADMA MEMORIAL HOSPITAL AND DIGITAL DIAGNOSTIC CENTER, Hospital, Bhanga - Barisal Hwy, Tekerhat"
      }
    },
    {
      "type": "Feature",
      "geometry": {
        "type": "Point",
        "coordinates": [
          90.0214968,
          23.226993
        ]
      },
      "properties": {
        "amenity": "hospital",
        "healthcare": "hospital",
        "name": "Life Care Digital Lab and hospital, Private hospital, Bazar Road, Tekerhat"
      }
    },
    {
      "type": "Feature",
      "geometry": {
        "type": "Point",
        "coordinates": [
          90.0203492,
          23.2292633
        ]
      },
      "properties": {
        "amenity": "hospital",
        "healthcare": "hospital",
        "name": "Rokeya Hospital & Moli Digonist, Hospital, Dhaka - Barisal Hwy, Tekerhat"
      }
    },
    {
      "type": "Feature",
      "geometry": {
        "type": "Point",
        "coordinates": [
          90.0216351,
          23.2251392
        ]
      },
      "properties": {
        "amenity": "hospital",
        "healthcare": "hospital",
        "name": "Lion Sirajul Islam Eye Hospital, Private hospital, Tekerhat"
      }
    },
    {
      "type": "Feature",
      "geometry": {
        "type": "Point",
        "coordinates": [
          90.4270166,
          23.7479125
        ]
      },
      "properties": {
        "amenity": "clinic",
        "check_date": "2024-05-18",
        "healthcare": "clinic",
        "name": "Jamuna Diagnostic Centre"
      }
    },
    {
      "type": "Feature",
      "geometry": {
        "type": "Point",
        "coordinates": [
          90.4266781,
          23.7482481
        ]
      },
      "properties": {
        "amenity": "clinic",
        "check_date": "2024-05-18",
        "healthcare": "clinic",
        "name": "Anamika Dental"
      }
    },
    {
      "type": "Feature",
      "geometry": {
        "type": "Point",
        "coordinates": [
          91.1837532,
          23.4495481
        ]
      },
      "properties": {
        "amenity": "clinic",
        "healthcare": "clinic",
        "mobile": "01790162544",
        "name": "\u0995\u09c1\u09ae\u09bf\u09b2\u09cd\u09b2\u09be \u0987\u09b8\u09b2\u09be\u09ae\u09bf\u09af\u09bc\u09be \u09b9\u09b8\u09aa\u09bf\u099f\u09be\u09b2 Cumilla Islamia Hospital",
        "opening_hours": "24 hours",
        "operator": "24 hours",
        "operator:type": "private"
      }
    },
    {
      "type": "Feature",
      "geometry": {
        "type": "Point",
        "coordinates": [
          89.9913736,
          23.2964033
        ]
      },
      "properties": {
        "amenity": "hospital",
        "healthcare": "hospital",
        "name": "Kanuria kominiti kilinik, Hospital"
      }
    },
    {
      "type": "Feature",
      "geometry": {
        "type": "Point",
        "coordinates": [
          89.9982403,
          23.3087041
        ]
      },
      "properties": {
        "amenity": "hospital",
        "healthcare": "hospital",
        "name": "Jilerdanga Community Clinic., Hospital"
      }
    },
    {
      "type": "Feature",
      "geometry": {
        "type": "Point",
        "coordinates": [
          89.9827281,
          23.3816185
        ]
      },
      "properties": {
        "amenity": "hospital",
        "healthcare": "hospital",
        "name": "Sheba Diagonistics Centre, Hospital"
      }
    },
    {
      "type": "Feature",
      "geometry": {
        "type": "Point",
        "coordinates": [
          90.38069,
          23.7522205
        ]
      },
      "properties": {
        "amenity": "hospital",
        "healthcare": "hospital",
        "name": "Apollo Hospital Information Center, Health consultant"
      }
    },
    {
      "type": "Feature",
      "geometry": {
        "type": "Point",
        "coordinates": [
          90.3892703,
          23.7607196
        ]
      },
      "properties": {
        "amenity": "hospital",
        "healthcare": "hospital",
        "name": "Brain and Mind Hospital"
      }
    },
    {
      "type": "Feature",
      "geometry": {
        "type": "Point",
        "coordinates": [
          89.3727216,
          24.8547281
        ]
      },
      "properties": {
        "amenity": "hospital",
        "healthcare": "hospital",
        "name": "Azma Care and Prevention Center"
      }
    },
    {
      "type": "Feature",
      "geometry": {
        "type": "Point",
        "coordinates": [
          89.3984427,
          24.9514153
        ]
      },
      "properties": {
        "amenity": "clinic",
        "healthcare": "clinic",
        "name": "Pirgacha Community Clinic"
      }
    },
    {
      "type": "Feature",
      "geometry": {
        "type": "Point",
        "coordinates": [
          90.3957478,
          23.7762029
        ]
      },
      "properties": {
        "amenity": "hospital",
        "healthcare": "hospital",
        "name": "Universal Medical College Hospital Ltd."
      }
    },
    {
      "type": "Feature",
      "geometry": {
        "type": "Point",
        "coordinates": [
          90.3996036,
          23.777347
        ]
      },
      "properties": {
        "amenity": "hospital",
        "healthcare": "hospital",
        "name": "National Center for Hearing and Speech for Children (SAHIC)"
      }
    },
    {
      "type": "Feature",
      "geometry": {
        "type": "Point",
        "coordinates": [
          90.3651344,
          23.8187856
        ]
      },
      "properties": {
        "amenity": "hospital",
        "name": "Islami Bank Hospital"
      }
    },
    {
      "type": "Feature",
      "geometry": {
        "type": "Point",
        "coordinates": [
          90.3652733,
          23.8183322
        ]
      },
      "properties": {
        "amenity": "clinic",
        "name": "Metro Escape"
      }
    },
    {
      "type": "Feature",
      "geometry": {
        "type": "Point",
        "coordinates": [
          90.3657761,
          23.8164663
        ]
      },
      "properties": {
        "amenity": "hospital",
        "name": "Delta Health Care"
      }
    },
    {
      "type": "Feature",
      "geometry": {
        "type": "Point",
        "coordinates": [
          90.3672254,
          23.8089826
        ]
      },
      "properties": {
        "amenity": "hospital",
        "healthcare": "hospital",
        "name": "DR. AZMAL HOSPITAL LTD."
      }
    },
    {
      "type": "Feature",
      "geometry": {
        "type": "Point",
        "coordinates": [
          90.3674567,
          23.8090463
        ]
      },
      "properties": {
        "amenity": "hospital",
        "check_date": "2025-02-11",
        "healthcare": "hospital",
        "name": "AALOK HEALTHCARE",
        "payment:cash": "yes",
        "payment:credit_cards": "yes",
        "payment:debit_cards": "yes"
      }
    },
    {
      "type": "Feature",
      "geometry": {
        "type": "Point",
        "coordinates": [
          90.3657296,
          23.8182918
        ]
      },
      "properties": {
        "amenity": "clinic",
        "healthcare": "clinic",
        "name": "Unique pain and paralysis center"
      }
    },
    {
      "type": "Feature",
      "geometry": {
        "type": "Point",
        "coordinates": [
          90.3655418,
          23.8189912
        ]
      },
      "properties": {
        "amenity": "clinic",
        "healthcare": "clinic",
        "name": "Twinkle dental center"
      }
    },
    {
      "type": "Feature",
      "geometry": {
        "type": "Point",
        "coordinates": [
          90.3650978,
          23.8205836
        ]
      },
      "properties": {
        "amenity": "clinic",
        "healthcare": "clinic",
        "name": "Reza's dental care"
      }
    },
    {
      "type": "Feature",
      "geometry": {
        "type": "Point",
        "coordinates": [
          90.3677863,
          23.8105981
        ]
      },
      "properties": {
        "amenity": "clinic",
        "check_date": "2025-01-19",
        "name": "Mery Stops",
        "payment:cash": "yes",
        "payment:credit_cards": "yes",
        "payment:debit_cards": "yes"
      }
    },
    {
      "type": "Feature",
      "geometry": {
        "type": "Point",
        "coordinates": [
          90.3663085,
          23.8146417
        ]
      },
      "properties": {
        "amenity": "hospital",
        "name": "Novo Health Care"
      }
    },
    {
      "type": "Feature",
      "geometry": {
        "type": "Point",
        "coordinates": [
          90.3675655,
          23.8116068
        ]
      },
      "properties": {
        "amenity": "hospital",
        "check_date": "2025-02-15",
        "name": "DigiLab",
        "payment:cash": "yes",
        "payment:credit_cards": "yes",
        "payment:debit_cards": "yes"
      }
    },
    {
      "type": "Feature",
      "geometry": {
        "type": "Point",
        "coordinates": [
          90.3883121,
          23.7875593
        ]
      },
      "properties": {
        "amenity": "clinic",
        "name": "Community Dental Clinic"
      }
    },
    {
      "type": "Feature",
      "geometry": {
        "type": "Point",
        "coordinates": [
          90.3879195,
          23.7907491
        ]
      },
      "properties": {
        "amenity": "hospital",
        "name": "Combind Care"
      }
    },
    {
      "type": "Feature",
      "geometry": {
        "type": "Point",
        "coordinates": [
          90.3879473,
          23.7904834
        ]
      },
      "properties": {
        "amenity": "clinic",
        "name": "Helal Health Diagnostic Center"
      }
    },
    {
      "type": "Feature",
      "geometry": {
        "type": "Point",
        "coordinates": [
          90.3880948,
          23.7918117
        ]
      },
      "properties": {
        "amenity": "clinic",
        "name": "Digilab Medical Service"
      }
    },
    {
      "type": "Feature",
      "geometry": {
        "type": "Point",
        "coordinates": [
          90.3880842,
          23.7916112
        ]
      },
      "properties": {
        "amenity": "clinic",
        "name": "Habib ENT"
      }
    },
    {
      "type": "Feature",
      "geometry": {
        "type": "Point",
        "coordinates": [
          90.3880869,
          23.7915967
        ]
      },
      "properties": {
        "amenity": "clinic",
        "name": "Seba Dental Clinic"
      }
    },
    {
      "type": "Feature",
      "geometry": {
        "type": "Point",
        "coordinates": [
          90.3880932,
          23.7919055
        ]
      },
      "properties": {
        "amenity": "clinic",
        "name": "Hasan Dental Care"
      }
    },
    {
      "type": "Feature",
      "geometry": {
        "type": "Point",
        "coordinates": [
          90.3881016,
          23.7917005
        ]
      },
      "properties": {
        "amenity": "clinic",
        "name": "Trust Diagnostic"
      }
    },
    {
      "type": "Feature",
      "geometry": {
        "type": "Point",
        "coordinates": [
          90.3880804,
          23.7916258
        ]
      },
      "properties": {
        "amenity": "clinic",
        "name": "Rainbow"
      }
    },
    {
      "type": "Feature",
      "geometry": {
        "type": "Point",
        "coordinates": [
          90.3881102,
          23.7920882
        ]
      },
      "properties": {
        "amenity": "clinic",
        "name": "NR Health Care"
      }
    },
    {
      "type": "Feature",
      "geometry": {
        "type": "Point",
        "coordinates": [
          90.3880681,
          23.7925294
        ]
      },
      "properties": {
        "amenity": "clinic",
        "name": "Bhai Bhai Clinic"
      }
    },
    {
      "type": "Feature",
      "geometry": {
        "type": "Point",
        "coordinates": [
          90.3881256,
          23.7931631
        ]
      },
      "properties": {
        "amenity": "clinic",
        "name": "Inova Diagnostic"
      }
    },
    {
      "type": "Feature",
      "geometry": {
        "type": "Point",
        "coordinates": [
          90.3881652,
          23.7930808
        ]
      },
      "properties": {
        "amenity": "clinic",
        "name": "Health Aid Physio"
      }
    },
    {
      "type": "Feature",
      "geometry": {
        "type": "Point",
        "coordinates": [
          90.3881276,
          23.7932343
        ]
      },
      "properties": {
        "amenity": "clinic",
        "name": "Health Physiotheraphy"
      }
    },
    {
      "type": "Feature",
      "geometry": {
        "type": "Point",
        "coordinates": [
          90.3882308,
          23.7935533
        ]
      },
      "properties": {
        "amenity": "clinic",
        "name": "Saad Dental"
      }
    },
    {
      "type": "Feature",
      "geometry": {
        "type": "Point",
        "coordinates": [
          90.4031952,
          23.7467689
        ]
      },
      "properties": {
        "amenity": "hospital",
        "healthcare": "hospital",
        "name": "Holy Family Red Crescent Medical College Hospital"
      }
    },
    {
      "type": "Feature",
      "geometry": {
        "type": "Point",
        "coordinates": [
          90.398816,
          23.7480291
        ]
      },
      "properties": {
        "amenity": "hospital",
        "healthcare": "hospital",
        "name": "Abeer General Hospital"
      }
    },
    {
      "type": "Feature",
      "geometry": {
        "type": "Point",
        "coordinates": [
          90.3999755,
          23.7477468
        ]
      },
      "properties": {
        "amenity": "hospital",
        "healthcare": "hospital",
        "name": "Memory Medical Centre"
      }
    },
    {
      "type": "Feature",
      "geometry": {
        "type": "Point",
        "coordinates": [
          90.3970227,
          23.738005
        ]
      },
      "properties": {
        "amenity": "hospital",
        "healthcare": "hospital",
        "name": "Shahbagh P.G. Hospital"
      }
    },
    {
      "type": "Feature",
      "geometry": {
        "type": "Point",
        "coordinates": [
          90.3673676,
          23.7849606
        ]
      },
      "properties": {
        "amenity": "hospital",
        "healthcare": "hospital",
        "name": "Fatema Ma o Shishu General Hospital"
      }
    },
    {
      "type": "Feature",
      "geometry": {
        "type": "Point",
        "coordinates": [
          90.4015599,
          23.7911092
        ]
      },
      "properties": {
        "amenity": "hospital",
        "healthcare": "hospital",
        "name": "Square hospital Consultation and Diagnostic centre"
      }
    },
    {
      "type": "Feature",
      "geometry": {
        "type": "Point",
        "coordinates": [
          90.4038556,
          23.7908189
        ]
      },
      "properties": {
        "amenity": "clinic",
        "healthcare": "clinic",
        "name": "MALAYSIA CLINIC"
      }
    },
    {
      "type": "Feature",
      "geometry": {
        "type": "Point",
        "coordinates": [
          88.4669858,
          26.0191095
        ]
      },
      "properties": {
        "amenity": "hospital",
        "healthcare": "hospital",
        "name": "Thakurgaon BGB Hospital"
      }
    },
    {
      "type": "Feature",
      "geometry": {
        "type": "Point",
        "coordinates": [
          88.604,
          25.9041617
        ]
      },
      "properties": {
        "amenity": "hospital",
        "healthcare": "hospital",
        "name": "SHAMIM DENTAL CARE, Hospital"
      }
    },
    {
      "type": "Feature",
      "geometry": {
        "type": "Point",
        "coordinates": [
          90.4041559,
          23.79072
        ]
      },
      "properties": {
        "amenity": "hospital",
        "healthcare": "hospital",
        "name": "BANGKOK HOSPITAL"
      }
    },
    {
      "type": "Feature",
      "geometry": {
        "type": "Point",
        "coordinates": [
          90.4052548,
          23.7906122
        ]
      },
      "properties": {
        "amenity": "clinic",
        "healthcare": "clinic",
        "name": "Anwar khan modern diagnostic center"
      }
    },
    {
      "type": "Feature",
      "geometry": {
        "type": "Point",
        "coordinates": [
          88.6548921,
          25.8569424
        ]
      },
      "properties": {
        "amenity": "hospital",
        "healthcare": "hospital",
        "name": "Upazilla Livestock Office & Veterinary Hospital"
      }
    },
    {
      "type": "Feature",
      "geometry": {
        "type": "Point",
        "coordinates": [
          88.6714595,
          25.7458545
        ]
      },
      "properties": {
        "amenity": "hospital",
        "healthcare": "hospital",
        "name": "Altafun Nesa General Hospital"
      }
    },
    {
      "type": "Feature",
      "geometry": {
        "type": "Point",
        "coordinates": [
          88.6558961,
          25.8479673
        ]
      },
      "properties": {
        "amenity": "hospital",
        "healthcare": "hospital",
        "name": "Birganj Diabetes and Foot Care Center, Hospital"
      }
    },
    {
      "type": "Feature",
      "geometry": {
        "type": "Point",
        "coordinates": [
          88.6486525,
          25.6595465
        ]
      },
      "properties": {
        "amenity": "hospital",
        "healthcare": "hospital",
        "name": "Paralysis And Disabled Rehabilitation Hospital"
      }
    },
    {
      "type": "Feature",
      "geometry": {
        "type": "Point",
        "coordinates": [
          90.3615787,
          23.7632521
        ]
      },
      "properties": {
        "amenity": "hospital",
        "healthcare": "hospital",
        "name": "Mohammadpur Swasthoseba Kendra"
      }
    },
    {
      "type": "Feature",
      "geometry": {
        "type": "Point",
        "coordinates": [
          90.3660515,
          23.79111
        ]
      },
      "properties": {
        "amenity": "hospital",
        "healthcare": "hospital",
        "name": "Medihome Hospital"
      }
    },
    {
      "type": "Feature",
      "geometry": {
        "type": "Point",
        "coordinates": [
          88.6251935,
          25.6294639
        ]
      },
      "properties": {
        "amenity": "clinic",
        "name": "Hasna Clinic"
      }
    },
    {
      "type": "Feature",
      "geometry": {
        "type": "Point",
        "coordinates": [
          88.6297734,
          25.6283702
        ]
      },
      "properties": {
        "amenity": "clinic",
        "name": "Ahsan Clinic"
      }
    },
    {
      "type": "Feature",
      "geometry": {
        "type": "Point",
        "coordinates": [
          90.4102668,
          23.7901964
        ]
      },
      "properties": {
        "amenity": "clinic",
        "healthcare": "clinic",
        "name": "Sara Medical Center"
      }
    },
    {
      "type": "Feature",
      "geometry": {
        "type": "Point",
        "coordinates": [
          90.3682136,
          23.7792818
        ]
      },
      "properties": {
        "amenity": "hospital",
        "healthcare": "hospital",
        "name": "Monira General Hospitl"
      }
    },
    {
      "type": "Feature",
      "geometry": {
        "type": "Point",
        "coordinates": [
          88.6420204,
          25.6287641
        ]
      },
      "properties": {
        "amenity": "hospital",
        "healthcare": "hospital",
        "name": "Check Up Diagnostics And Hospital"
      }
    },
    {
      "type": "Feature",
      "geometry": {
        "type": "Point",
        "coordinates": [
          88.6304181,
          25.611989
        ]
      },
      "properties": {
        "amenity": "hospital",
        "healthcare": "hospital",
        "name": "Saint Vincent Hospital Dinajpur"
      }
    },
    {
      "type": "Feature",
      "geometry": {
        "type": "Point",
        "coordinates": [
          91.8470764,
          22.3684294
        ]
      },
      "properties": {
        "amenity": "hospital",
        "name": "Bahaddar Hat Eye Hospital"
      }
    },
    {
      "type": "Feature",
      "geometry": {
        "type": "Point",
        "coordinates": [
          91.8495852,
          22.3653687
        ]
      },
      "properties": {
        "amenity": "hospital",
        "healthcare": "hospital",
        "name": "Safe Ideal Health Care ltd"
      }
    },
    {
      "type": "Feature",
      "geometry": {
        "type": "Point",
        "coordinates": [
          91.8305138,
          22.3610451
        ]
      },
      "properties": {
        "amenity": "hospital",
        "name": "Treatment Eye Hospital"
      }
    },
    {
      "type": "Feature",
      "geometry": {
        "type": "Point",
        "coordinates": [
          91.8304574,
          22.360895
        ]
      },
      "properties": {
        "amenity": "hospital",
        "name": "Epic Health Care"
      }
    },
    {
      "type": "Feature",
      "geometry": {
        "type": "Point",
        "coordinates": [
          90.3774781,
          23.7869415
        ]
      },
      "properties": {
        "amenity": "hospital",
        "healthcare": "hospital",
        "name": "Green Specialized Hospital (Pvt. Ltd.)"
      }
    },
    {
      "type": "Feature",
      "geometry": {
        "type": "Point",
        "coordinates": [
          91.8332711,
          22.3594303
        ]
      },
      "properties": {
        "amenity": "clinic",
        "name": "Hill View Clinic (Pvt) Ltd"
      }
    },
    {
      "type": "Feature",
      "geometry": {
        "type": "Point",
        "coordinates": [
          91.8329881,
          22.3595543
        ]
      },
      "properties": {
        "amenity": "hospital",
        "name": "Ma-Moni Hospital"
      }
    },
    {
      "type": "Feature",
      "geometry": {
        "type": "Point",
        "coordinates": [
          91.8332617,
          22.3598414
        ]
      },
      "properties": {
        "amenity": "hospital",
        "name": "Patient Cure Hospital"
      }
    },
    {
      "type": "Feature",
      "geometry": {
        "type": "Point",
        "coordinates": [
          90.3584819,
          23.7666102
        ]
      },
      "properties": {
        "amenity": "hospital",
        "healthcare": "hospital",
        "name": "SP Hospital"
      }
    },
    {
      "type": "Feature",
      "geometry": {
        "type": "Point",
        "coordinates": [
          90.3583615,
          23.7671267
        ]
      },
      "properties": {
        "amenity": "clinic",
        "healthcare": "clinic",
        "name": "Al Chemi Medical center"
      }
    },
    {
      "type": "Feature",
      "geometry": {
        "type": "Point",
        "coordinates": [
          90.4086131,
          23.7364386
        ]
      },
      "properties": {
        "amenity": "hospital",
        "healthcare": "hospital",
        "name": "Haji Shakhawat Anwara Eye Hospital, Private hospita"
      }
    },
    {
      "type": "Feature",
      "geometry": {
        "type": "Point",
        "coordinates": [
          90.4075688,
          23.7374781
        ]
      },
      "properties": {
        "amenity": "hospital",
        "healthcare": "hospital",
        "name": "SKN Health services, Hospital"
      }
    },
    {
      "type": "Feature",
      "geometry": {
        "type": "Point",
        "coordinates": [
          90.3861532,
          23.7517521
        ]
      },
      "properties": {
        "amenity": "hospital",
        "healthcare": "hospital",
        "name": "Retina Glaucoma Center & Superspecialty Eye Hospital"
      }
    },
    {
      "type": "Feature",
      "geometry": {
        "type": "Point",
        "coordinates": [
          90.3762006,
          23.7555416
        ]
      },
      "properties": {
        "amenity": "hospital",
        "healthcare": "hospital",
        "name": "Bangladesh ENT Hospital"
      }
    },
    {
      "type": "Feature",
      "geometry": {
        "type": "Point",
        "coordinates": [
          90.3683414,
          23.7516289
        ]
      },
      "properties": {
        "amenity": "hospital",
        "healthcare": "hospital",
        "name": "Neuro ICU, IBN SINA HOSPITAL"
      }
    },
    {
      "type": "Feature",
      "geometry": {
        "type": "Point",
        "coordinates": [
          90.3698921,
          23.7504102
        ]
      },
      "properties": {
        "amenity": "hospital",
        "healthcare": "hospital",
        "name": "Bangladesh Medical College Hospital"
      }
    },
    {
      "type": "Feature",
      "geometry": {
        "type": "Point",
        "coordinates": [
          90.3686964,
          23.7500283
        ]
      },
      "properties": {
        "amenity": "hospital",
        "healthcare": "hospital",
        "name": "Rainbow Heart Limited"
      }
    },
    {
      "type": "Feature",
      "geometry": {
        "type": "Point",
        "coordinates": [
          90.3657717,
          23.7538137
        ]
      },
      "properties": {
        "amenity": "hospital",
        "healthcare": "hospital",
        "name": "Al-Noor Eye Hospital, Hospita"
      }
    },
    {
      "type": "Feature",
      "geometry": {
        "type": "Point",
        "coordinates": [
          90.3580386,
          23.7520448
        ]
      },
      "properties": {
        "amenity": "hospital",
        "healthcare": "hospital",
        "name": "Al Noor Eye Hospital ( Permanent Building )"
      }
    },
    {
      "type": "Feature",
      "geometry": {
        "type": "Point",
        "coordinates": [
          90.4191969,
          23.7348891
        ]
      },
      "properties": {
        "amenity": "hospital",
        "healthcare": "hospital",
        "name": "T&T Colony Clinic, Government hospital"
      }
    },
    {
      "type": "Feature",
      "geometry": {
        "type": "Point",
        "coordinates": [
          90.4055951,
          23.7484001
        ]
      },
      "properties": {
        "amenity": "hospital",
        "healthcare": "hospital",
        "name": "Ad-Din Medical College Hospital ~ MaghBazar"
      }
    },
    {
      "type": "Feature",
      "geometry": {
        "type": "Point",
        "coordinates": [
          90.41362,
          23.7437936
        ]
      },
      "properties": {
        "amenity": "hospital",
        "healthcare": "hospital",
        "name": "Malibag Dental Clinic, Hospital"
      }
    },
    {
      "type": "Feature",
      "geometry": {
        "type": "Point",
        "coordinates": [
          90.4052352,
          23.7488457
        ]
      },
      "properties": {
        "amenity": "hospital",
        "healthcare": "hospital",
        "name": "Ad-din Hospital"
      }
    },
    {
      "type": "Feature",
      "geometry": {
        "type": "Point",
        "coordinates": [
          90.4082094,
          23.7493456
        ]
      },
      "properties": {
        "amenity": "hospital",
        "healthcare": "hospital",
        "name": "Health Fair Bangladesh, Hospital"
      }
    },
    {
      "type": "Feature",
      "geometry": {
        "type": "Point",
        "coordinates": [
          90.4105067,
          23.7393207
        ]
      },
      "properties": {
        "amenity": "hospital",
        "healthcare": "hospital",
        "name": "Aurora Specialized Hospital Ltd."
      }
    },
    {
      "type": "Feature",
      "geometry": {
        "type": "Point",
        "coordinates": [
          90.4160757,
          23.7435196
        ]
      },
      "properties": {
        "amenity": "hospital",
        "healthcare": "hospital",
        "name": "BNK Hospital Limited"
      }
    },
    {
      "type": "Feature",
      "geometry": {
        "type": "Point",
        "coordinates": [
          90.4192603,
          23.740831
        ]
      },
      "properties": {
        "amenity": "hospital",
        "healthcare": "hospital",
        "name": "The Barakah General Hospital Limited,"
      }
    },
    {
      "type": "Feature",
      "geometry": {
        "type": "Point",
        "coordinates": [
          90.4097431,
          23.7467384
        ]
      },
      "properties": {
        "amenity": "hospital",
        "healthcare": "hospital",
        "name": "Surya Hasi Vaccination Centre, Hospital"
      }
    },
    {
      "type": "Feature",
      "geometry": {
        "type": "Point",
        "coordinates": [
          90.4220057,
          23.7384426
        ]
      },
      "properties": {
        "amenity": "hospital",
        "healthcare": "hospital",
        "name": "Pan Pacific Hospital,Training & Research Institute Ltd"
      }
    },
    {
      "type": "Feature",
      "geometry": {
        "type": "Point",
        "coordinates": [
          90.4179434,
          23.7485728
        ]
      },
      "properties": {
        "amenity": "hospital",
        "healthcare": "hospital",
        "name": "Urban Health Center, Hospital"
      }
    },
    {
      "type": "Feature",
      "geometry": {
        "type": "Point",
        "coordinates": [
          90.4179961,
          23.7488834
        ]
      },
      "properties": {
        "amenity": "hospital",
        "healthcare": "hospital",
        "name": "Naureen Medical Hall, Hospital"
      }
    },
    {
      "type": "Feature",
      "geometry": {
        "type": "Point",
        "coordinates": [
          90.4209318,
          23.7490817
        ]
      },
      "properties": {
        "amenity": "hospital",
        "healthcare": "hospital",
        "name": "Khidmah Eye Hospital"
      }
    },
    {
      "type": "Feature",
      "geometry": {
        "type": "Point",
        "coordinates": [
          90.4276081,
          23.7398914
        ]
      },
      "properties": {
        "amenity": "hospital",
        "healthcare": "hospital",
        "name": "Apollo Hospitals Information Centre"
      }
    },
    {
      "type": "Feature",
      "geometry": {
        "type": "Point",
        "coordinates": [
          90.4288235,
          23.737426
        ]
      },
      "properties": {
        "amenity": "hospital",
        "healthcare": "hospital",
        "name": "Atish diponkor sarak, Hospital"
      }
    },
    {
      "type": "Feature",
      "geometry": {
        "type": "Point",
        "coordinates": [
          90.4287923,
          23.7306096
        ]
      },
      "properties": {
        "amenity": "hospital",
        "healthcare": "hospital",
        "name": "Friends Care Hospital Ltd, Hospital"
      }
    },
    {
      "type": "Feature",
      "geometry": {
        "type": "Point",
        "coordinates": [
          90.4305424,
          23.729248
        ]
      },
      "properties": {
        "amenity": "hospital",
        "healthcare": "hospital",
        "name": "Rowshan Ara Hospital, Hospital"
      }
    },
    {
      "type": "Feature",
      "geometry": {
        "type": "Point",
        "coordinates": [
          90.3850061,
          23.7584613
        ]
      },
      "properties": {
        "amenity": "hospital",
        "healthcare": "hospital",
        "name": "Ispahani Islamia Eye Institute and Hospital"
      }
    },
    {
      "type": "Feature",
      "geometry": {
        "type": "Point",
        "coordinates": [
          90.3817096,
          23.7530278
        ]
      },
      "properties": {
        "addr:street": "Pantha Path",
        "amenity": "hospital",
        "healthcare": "hospital",
        "name": "Square Hospitals",
        "name:en": "Square hospital"
      }
    },
    {
      "type": "Feature",
      "geometry": {
        "type": "Point",
        "coordinates": [
          90.4313553,
          23.810188
        ]
      },
      "properties": {
        "amenity": "hospital",
        "healthcare": "hospital",
        "name": "EverCare Hospital Dhaka"
      }
    },
    {
      "type": "Feature",
      "geometry": {
        "type": "Point",
        "coordinates": [
          90.4092852,
          23.7758365
        ]
      },
      "properties": {
        "amenity": "hospital",
        "healthcare": "hospital",
        "name": "National Institute of Diseases of the Chest & Hospital"
      }
    },
    {
      "type": "Feature",
      "geometry": {
        "type": "Point",
        "coordinates": [
          90.4057842,
          23.7757493
        ]
      },
      "properties": {
        "amenity": "hospital",
        "healthcare": "hospital",
        "name": "jaitiyo jolatonko protiroth o niyotnron kendro"
      }
    },
    {
      "type": "Feature",
      "geometry": {
        "type": "Point",
        "coordinates": [
          90.4300268,
          23.7324753
        ]
      },
      "properties": {
        "amenity": "hospital",
        "healthcare": "hospital",
        "name": "Mugda Medical College & Hospital"
      }
    },
    {
      "type": "Feature",
      "geometry": {
        "type": "Point",
        "coordinates": [
          90.4155845,
          23.8048569
        ]
      },
      "properties": {
        "amenity": "hospital",
        "healthcare": "hospital",
        "name": "United Hospital Limited"
      }
    },
    {
      "type": "Feature",
      "geometry": {
        "type": "Point",
        "coordinates": [
          90.4063999,
          23.780205
        ]
      },
      "properties": {
        "amenity": "hospital",
        "healthcare": "hospital",
        "name": "Oreo DentalSergery"
      }
    },
    {
      "type": "Feature",
      "geometry": {
        "type": "Point",
        "coordinates": [
          90.4314844,
          23.7155492
        ]
      },
      "properties": {
        "amenity": "hospital",
        "healthcare": "hospital",
        "name": "ICDDRB, Kamalapur Field office"
      }
    },
    {
      "type": "Feature",
      "geometry": {
        "type": "Point",
        "coordinates": [
          90.4289498,
          23.7219421
        ]
      },
      "properties": {
        "amenity": "hospital",
        "healthcare": "hospital",
        "name": "Al -Falah Genarel Hospital & Diagnostic Center"
      }
    },
    {
      "type": "Feature",
      "geometry": {
        "type": "Point",
        "coordinates": [
          90.428892,
          23.7198337
        ]
      },
      "properties": {
        "amenity": "hospital",
        "healthcare": "hospital",
        "name": "Monowara Orthopedic and General Hospital"
      }
    },
    {
      "type": "Feature",
      "geometry": {
        "type": "Point",
        "coordinates": [
          90.4306206,
          23.7131855
        ]
      },
      "properties": {
        "amenity": "hospital",
        "healthcare": "hospital",
        "name": "Al-Karim General Hospital limited"
      }
    },
    {
      "type": "Feature",
      "geometry": {
        "type": "Point",
        "coordinates": [
          90.4184541,
          23.8355134
        ]
      },
      "properties": {
        "amenity": "hospital",
        "healthcare": "hospital",
        "name": "City Dental College & General Hospital"
      }
    },
    {
      "type": "Feature",
      "geometry": {
        "type": "Point",
        "coordinates": [
          90.4004707,
          23.8615334
        ]
      },
      "properties": {
        "amenity": "hospital",
        "healthcare": "hospital",
        "name": "Millennium Orthopaedic Hospital, Hospital"
      }
    },
    {
      "type": "Feature",
      "geometry": {
        "type": "Point",
        "coordinates": [
          90.3997857,
          23.8698332
        ]
      },
      "properties": {
        "amenity": "hospital",
        "healthcare": "hospital",
        "name": "RMC Hospital, Hospital"
      }
    },
    {
      "type": "Feature",
      "geometry": {
        "type": "Point",
        "coordinates": [
          90.4032762,
          23.8934272
        ]
      },
      "properties": {
        "amenity": "hospital",
        "healthcare": "hospital",
        "name": "Sheba Susrusha Hospital, Seba Hospital"
      }
    },
    {
      "type": "Feature",
      "geometry": {
        "type": "Point",
        "coordinates": [
          90.4021842,
          23.8934891
        ]
      },
      "properties": {
        "amenity": "hospital",
        "healthcare": "hospital",
        "name": "Shaheed Ahsan Ullah Master General Hospital"
      }
    },
    {
      "type": "Feature",
      "geometry": {
        "type": "Point",
        "coordinates": [
          90.3964802,
          23.8843545
        ]
      },
      "properties": {
        "amenity": "hospital",
        "healthcare": "hospital",
        "name": "Tongi Gonosastho Hospital"
      }
    },
    {
      "type": "Feature",
      "geometry": {
        "type": "Point",
        "coordinates": [
          90.3967355,
          23.9066282
        ]
      },
      "properties": {
        "amenity": "clinic",
        "healthcare": "clinic",
        "name": "Bhawal Homeo Clinic"
      }
    },
    {
      "type": "Feature",
      "geometry": {
        "type": "Point",
        "coordinates": [
          90.3983491,
          23.9055352
        ]
      },
      "properties": {
        "amenity": "hospital",
        "healthcare": "hospital",
        "name": "Health Care Digital Diagnostic Center, Hospital"
      }
    },
    {
      "type": "Feature",
      "geometry": {
        "type": "Point",
        "coordinates": [
          90.3978971,
          23.9070321
        ]
      },
      "properties": {
        "amenity": "hospital",
        "healthcare": "hospital",
        "name": "Apollo Medicine And Dental Corner"
      }
    },
    {
      "type": "Feature",
      "geometry": {
        "type": "Point",
        "coordinates": [
          90.3954195,
          23.9137236
        ]
      },
      "properties": {
        "amenity": "hospital",
        "healthcare": "hospital",
        "name": "Dhaka Imperial Hospital, Hospital"
      }
    },
    {
      "type": "Feature",
      "geometry": {
        "type": "Point",
        "coordinates": [
          90.3935811,
          23.9177531
        ]
      },
      "properties": {
        "amenity": "hospital",
        "healthcare": "hospital",
        "name": "Al Ihsan Hospital, Hospital"
      }
    },
    {
      "type": "Feature",
      "geometry": {
        "type": "Point",
        "coordinates": [
          90.3001354,
          23.9109767
        ]
      },
      "properties": {
        "amenity": "hospital",
        "healthcare": "hospital",
        "name": "Maa Moni Medical & Diagnostic Centre"
      }
    },
    {
      "type": "Feature",
      "geometry": {
        "type": "Point",
        "coordinates": [
          90.3099806,
          23.9138614
        ]
      },
      "properties": {
        "amenity": "hospital",
        "healthcare": "hospital",
        "name": "TOWHID MEDICIN CORNER, Hospital"
      }
    },
    {
      "type": "Feature",
      "geometry": {
        "type": "Point",
        "coordinates": [
          90.39798,
          23.9106427
        ]
      },
      "properties": {
        "amenity": "hospital",
        "healthcare": "hospital",
        "name": "Asia General Hospital, Hospital"
      }
    },
    {
      "type": "Feature",
      "geometry": {
        "type": "Point",
        "coordinates": [
          90.3960261,
          23.9135592
        ]
      },
      "properties": {
        "amenity": "hospital",
        "healthcare": "hospital",
        "name": "Tongi Central Hospital, Hospital"
      }
    },
    {
      "type": "Feature",
      "geometry": {
        "type": "Point",
        "coordinates": [
          90.3889222,
          23.930253
        ]
      },
      "properties": {
        "amenity": "hospital",
        "healthcare": "hospital",
        "name": "Tairunnessa Memorial Medical College And Hospital"
      }
    },
    {
      "type": "Feature",
      "geometry": {
        "type": "Point",
        "coordinates": [
          90.3839501,
          23.9431421
        ]
      },
      "properties": {
        "amenity": "hospital",
        "healthcare": "hospital",
        "name": "Sultan General Hospital"
      }
    },
    {
      "type": "Feature",
      "geometry": {
        "type": "Point",
        "coordinates": [
          90.3863607,
          23.9349266
        ]
      },
      "properties": {
        "amenity": "hospital",
        "healthcare": "hospital",
        "name": "Pacific General Hospital, Hospital"
      }
    },
    {
      "type": "Feature",
      "geometry": {
        "type": "Point",
        "coordinates": [
          90.3790912,
          23.963803
        ]
      },
      "properties": {
        "amenity": "hospital",
        "healthcare": "hospital",
        "name": "Moonmoon Hospital"
      }
    },
    {
      "type": "Feature",
      "geometry": {
        "type": "Point",
        "coordinates": [
          90.3799726,
          23.9567269
        ]
      },
      "properties": {
        "amenity": "hospital",
        "healthcare": "hospital",
        "name": "BGMEA HEALTH CENTRE And SCHOOL, Hospital"
      }
    },
    {
      "type": "Feature",
      "geometry": {
        "type": "Point",
        "coordinates": [
          90.3825217,
          23.9461059
        ]
      },
      "properties": {
        "amenity": "hospital",
        "healthcare": "hospital",
        "name": "Saki Daigonostic Center, Hospital"
      }
    },
    {
      "type": "Feature",
      "geometry": {
        "type": "Point",
        "coordinates": [
          90.3826164,
          23.9460545
        ]
      },
      "properties": {
        "amenity": "hospital",
        "healthcare": "hospital",
        "name": "City Digital Diagnostic And Consultation Center, Hospital"
      }
    },
    {
      "type": "Feature",
      "geometry": {
        "type": "Point",
        "coordinates": [
          90.3813462,
          23.9560114
        ]
      },
      "properties": {
        "amenity": "hospital",
        "healthcare": "hospital",
        "name": "Rokeya General Hospital, Hospital"
      }
    },
    {
      "type": "Feature",
      "geometry": {
        "type": "Point",
        "coordinates": [
          90.3802885,
          23.9659518
        ]
      },
      "properties": {
        "amenity": "hospital",
        "healthcare": "hospital",
        "name": "Mother and Child General Hospital, Hospital"
      }
    },
    {
      "type": "Feature",
      "geometry": {
        "type": "Point",
        "coordinates": [
          90.3803519,
          23.9811578
        ]
      },
      "properties": {
        "amenity": "hospital",
        "healthcare": "hospital",
        "name": "Hazrat Shahjalal (RA) Homeo Complex"
      }
    },
    {
      "type": "Feature",
      "geometry": {
        "type": "Point",
        "coordinates": [
          90.3791837,
          23.9896554
        ]
      },
      "properties": {
        "amenity": "hospital",
        "healthcare": "hospital",
        "name": "Gazipur Metropolitan Hospital And Diagnostic Centre, Hospital"
      }
    },
    {
      "type": "Feature",
      "geometry": {
        "type": "Point",
        "coordinates": [
          90.3816038,
          23.9925302
        ]
      },
      "properties": {
        "amenity": "hospital",
        "healthcare": "hospital",
        "name": "Medicare Medical Services, Hospital"
      }
    },
    {
      "type": "Feature",
      "geometry": {
        "type": "Point",
        "coordinates": [
          90.3826555,
          24.002589
        ]
      },
      "properties": {
        "amenity": "hospital",
        "healthcare": "hospital",
        "name": "Fachi Medical Hall, Hospital"
      }
    },
    {
      "type": "Feature",
      "geometry": {
        "type": "Point",
        "coordinates": [
          90.3846539,
          24.0268515
        ]
      },
      "properties": {
        "amenity": "hospital",
        "healthcare": "hospital",
        "name": "Health care hospital, Hospital"
      }
    },
    {
      "type": "Feature",
      "geometry": {
        "type": "Point",
        "coordinates": [
          90.3840444,
          24.026877
        ]
      },
      "properties": {
        "amenity": "hospital",
        "healthcare": "hospital",
        "name": "Ma o Shishu Hospital And Diagnostic Center, Hospital"
      }
    },
    {
      "type": "Feature",
      "geometry": {
        "type": "Point",
        "coordinates": [
          90.385751,
          24.0096187
        ]
      },
      "properties": {
        "amenity": "hospital",
        "healthcare": "hospital",
        "name": "Galaxy Hospital (pvt) Ltd. Monipur, Hospital"
      }
    },
    {
      "type": "Feature",
      "geometry": {
        "type": "Point",
        "coordinates": [
          90.430302,
          24.1652467
        ]
      },
      "properties": {
        "amenity": "hospital",
        "healthcare": "hospital",
        "name": "Kazi Hospital Complex, Hospital"
      }
    },
    {
      "type": "Feature",
      "geometry": {
        "type": "Point",
        "coordinates": [
          90.4288072,
          24.1672887
        ]
      },
      "properties": {
        "amenity": "hospital",
        "healthcare": "hospital",
        "name": "Sunflower Medical Center, Hospital"
      }
    },
    {
      "type": "Feature",
      "geometry": {
        "type": "Point",
        "coordinates": [
          90.4156693,
          24.1359913
        ]
      },
      "properties": {
        "amenity": "hospital",
        "healthcare": "hospital",
        "name": "Kahinur Multicare Hospital"
      }
    },
    {
      "type": "Feature",
      "geometry": {
        "type": "Point",
        "coordinates": [
          92.1880336,
          23.1634294
        ]
      },
      "properties": {
        "amenity": "hospital",
        "healthcare": "hospital",
        "name": "\u09ac\u09be\u0998\u09be\u0987\u099b\u09a1\u09bc\u09bf \u0989\u09aa\u099c\u09c7\u09b2\u09be \u09b8\u09cd\u09ac\u09be\u09b8\u09cd\u09a5\u09cd\u09af \u0995\u09ae\u09aa\u09cd\u09b2\u09c7\u0995\u09cd\u09b8",
        "name:en": "Baghaichhari Upazila Health Complex"
      }
    },
    {
      "type": "Feature",
      "geometry": {
        "type": "Point",
        "coordinates": [
          90.4270405,
          24.1761182
        ]
      },
      "properties": {
        "amenity": "hospital",
        "healthcare": "hospital",
        "name": "Hazi Hi-Care Hospital, Hospital"
      }
    },
    {
      "type": "Feature",
      "geometry": {
        "type": "Point",
        "coordinates": [
          92.2212186,
          23.1390075
        ]
      },
      "properties": {
        "amenity": "hospital",
        "healthcare": "hospital",
        "name": "\u0989\u0997\u09b2\u099b\u09a1\u09bc\u09bf \u09b9\u09c7\u09b2\u09a5 \u0995\u09ae\u09aa\u09cd\u09b2\u09c7\u0995\u09cd\u09b8",
        "name:en": "Ugalchhari Health Complex"
      }
    },
    {
      "type": "Feature",
      "geometry": {
        "type": "Point",
        "coordinates": [
          90.405767,
          24.2342148
        ]
      },
      "properties": {
        "amenity": "hospital",
        "healthcare": "hospital",
        "name": "Maysha pharmecy, Hospital"
      }
    },
    {
      "type": "Feature",
      "geometry": {
        "type": "Point",
        "coordinates": [
          90.4131681,
          24.2182983
        ]
      },
      "properties": {
        "amenity": "hospital",
        "healthcare": "hospital",
        "name": "A.K Memorial Hospital, Hospital,"
      }
    },
    {
      "type": "Feature",
      "geometry": {
        "type": "Point",
        "coordinates": [
          90.4120032,
          24.2206266
        ]
      },
      "properties": {
        "amenity": "hospital",
        "healthcare": "hospital",
        "name": "Swadesh Hospital and Diagnostic Center, Private hospital"
      }
    },
    {
      "type": "Feature",
      "geometry": {
        "type": "Point",
        "coordinates": [
          90.4113886,
          24.2206443
        ]
      },
      "properties": {
        "amenity": "hospital",
        "healthcare": "hospital",
        "name": "Hazi And Sons Surgical House, Hospital"
      }
    },
    {
      "type": "Feature",
      "geometry": {
        "type": "Point",
        "coordinates": [
          90.3983256,
          24.2587612
        ]
      },
      "properties": {
        "amenity": "hospital",
        "healthcare": "hospital",
        "name": "Tania Medical and Diagnostic Center, Hospital"
      }
    },
    {
      "type": "Feature",
      "geometry": {
        "type": "Point",
        "coordinates": [
          90.3728104,
          23.7436028
        ]
      },
      "properties": {
        "addr:street": "Shatmosjid Road",
        "amenity": "hospital",
        "description": "First colorectal hospital in Bangladesh",
        "name": "Dr Fazlul Haque Colorectal Hospital Ltd.",
        "opening_hours": "Mo-Th, Sa, Su 10:00-18:00",
        "phone": "01755-697173",
        "website": "https://profdrakmfazlulhaque.com/"
      }
    },
    {
      "type": "Feature",
      "geometry": {
        "type": "Point",
        "coordinates": [
          90.3861716,
          24.4024911
        ]
      },
      "properties": {
        "amenity": "hospital",
        "healthcare": "hospital",
        "name": "Mohammadia Hospital, Bhaluka"
      }
    },
    {
      "type": "Feature",
      "geometry": {
        "type": "Point",
        "coordinates": [
          90.4112215,
          24.2293706
        ]
      },
      "properties": {
        "amenity": "hospital",
        "healthcare": "hospital",
        "name": "Nova Hospital, Hospital"
      }
    },
    {
      "type": "Feature",
      "geometry": {
        "type": "Point",
        "coordinates": [
          90.4130018,
          24.2206553
        ]
      },
      "properties": {
        "amenity": "hospital",
        "healthcare": "hospital",
        "name": "Mawna Hearing Aid Center, Hospital"
      }
    },
    {
      "type": "Feature",
      "geometry": {
        "type": "Point",
        "coordinates": [
          90.4117549,
          24.2226503
        ]
      },
      "properties": {
        "amenity": "hospital",
        "healthcare": "hospital",
        "name": "Aysha clinic And diagnostic center, Hospital"
      }
    },
    {
      "type": "Feature",
      "geometry": {
        "type": "Point",
        "coordinates": [
          90.4034403,
          24.2402977
        ]
      },
      "properties": {
        "amenity": "hospital",
        "healthcare": "hospital",
        "name": "Fatema Device Circumcision Centre, Medical Center"
      }
    },
    {
      "type": "Feature",
      "geometry": {
        "type": "Point",
        "coordinates": [
          90.3942409,
          24.2763884
        ]
      },
      "properties": {
        "amenity": "hospital",
        "healthcare": "hospital",
        "name": "Anowara Hoapital And Diagnostic Centre, Hospital"
      }
    },
    {
      "type": "Feature",
      "geometry": {
        "type": "Point",
        "coordinates": [
          90.394619,
          24.2776241
        ]
      },
      "properties": {
        "amenity": "hospital",
        "healthcare": "hospital",
        "name": "Al-Baraka Hospital, Hospital"
      }
    },
    {
      "type": "Feature",
      "geometry": {
        "type": "Point",
        "coordinates": [
          90.3766169,
          24.3337946
        ]
      },
      "properties": {
        "amenity": "hospital",
        "healthcare": "hospital",
        "name": "Alauddin Medical Hall, Hospital"
      }
    },
    {
      "type": "Feature",
      "geometry": {
        "type": "Point",
        "coordinates": [
          90.3894692,
          24.4197823
        ]
      },
      "properties": {
        "amenity": "hospital",
        "healthcare": "hospital",
        "name": "Supreme New Square Hospital And Diagnostic Center"
      }
    },
    {
      "type": "Feature",
      "geometry": {
        "type": "Point",
        "coordinates": [
          90.3870603,
          24.405247
        ]
      },
      "properties": {
        "amenity": "hospital",
        "healthcare": "hospital",
        "name": "Tahmina General Hospital, Private hospital"
      }
    },
    {
      "type": "Feature",
      "geometry": {
        "type": "Point",
        "coordinates": [
          90.3876955,
          24.4048925
        ]
      },
      "properties": {
        "amenity": "hospital",
        "healthcare": "hospital",
        "name": "Bhaluka Livestock office and Veterinary Hospital, Government office"
      }
    },
    {
      "type": "Feature",
      "geometry": {
        "type": "Point",
        "coordinates": [
          90.3863111,
          24.405753
        ]
      },
      "properties": {
        "amenity": "hospital",
        "healthcare": "hospital",
        "name": "Fahim Hospital And Diagnostic Centre"
      }
    },
    {
      "type": "Feature",
      "geometry": {
        "type": "Point",
        "coordinates": [
          90.3797706,
          23.8280775
        ]
      },
      "properties": {
        "addr:suburb": "New Kurmitola",
        "amenity": "clinic",
        "capacity:persons": "10",
        "healthcare": "clinic",
        "name": "King Abdul Aziz Programme",
        "source": "DhakaThrive_Survey"
      }
    },
    {
      "type": "Feature",
      "geometry": {
        "type": "Point",
        "coordinates": [
          90.3975692,
          24.5672078
        ]
      },
      "properties": {
        "amenity": "hospital",
        "healthcare": "hospital",
        "name": "TMC Diagnostic And Hospital, Private hospital"
      }
    },
    {
      "type": "Feature",
      "geometry": {
        "type": "Point",
        "coordinates": [
          90.3961506,
          24.5771826
        ]
      },
      "properties": {
        "amenity": "hospital",
        "healthcare": "hospital",
        "name": "Sami Diagnostic Center"
      }
    },
    {
      "type": "Feature",
      "geometry": {
        "type": "Point",
        "coordinates": [
          90.3960145,
          24.5765483
        ]
      },
      "properties": {
        "amenity": "hospital",
        "healthcare": "hospital",
        "name": "M/s MF Traders, Construction equipment supplier"
      }
    },
    {
      "type": "Feature",
      "geometry": {
        "type": "Point",
        "coordinates": [
          90.3859294,
          24.4091409
        ]
      },
      "properties": {
        "amenity": "hospital",
        "healthcare": "hospital",
        "name": "Nurul Amin Eye Hospital, Hospital"
      }
    },
    {
      "type": "Feature",
      "geometry": {
        "type": "Point",
        "coordinates": [
          90.3844773,
          24.4061306
        ]
      },
      "properties": {
        "amenity": "clinic",
        "healthcare": "clinic",
        "name": "Doctors Clinic, Bhaluka"
      }
    },
    {
      "type": "Feature",
      "geometry": {
        "type": "Point",
        "coordinates": [
          90.4005658,
          24.6284568
        ]
      },
      "properties": {
        "amenity": "hospital",
        "healthcare": "hospital",
        "name": "S.n.anterprise, Hospital"
      }
    },
    {
      "type": "Feature",
      "geometry": {
        "type": "Point",
        "coordinates": [
          90.3980735,
          24.625147
        ]
      },
      "properties": {
        "amenity": "hospital",
        "healthcare": "hospital",
        "name": "UHAndFWC, Hospital"
      }
    },
    {
      "type": "Feature",
      "geometry": {
        "type": "Point",
        "coordinates": [
          91.1779089,
          23.4592156
        ]
      },
      "properties": {
        "addr:street": "Nazrul Avenue, Kandirpar, Comilla",
        "amenity": "hospital",
        "name": "Gomoti Hospital",
        "phone": "01711798083"
      }
    },
    {
      "type": "Feature",
      "geometry": {
        "type": "Point",
        "coordinates": [
          90.3733865,
          23.8175969
        ]
      },
      "properties": {
        "addr:suburb": "Taltola Slum",
        "amenity": "clinic",
        "capacity:persons": "50",
        "healthcare": "clinic",
        "name": "Brac Clinic",
        "source": "DhakaThrive_Survey"
      }
    },
    {
      "type": "Feature",
      "geometry": {
        "type": "Point",
        "coordinates": [
          90.3485806,
          23.8118078
        ]
      },
      "properties": {
        "addr:suburb": "Bashpotti Slum",
        "amenity": "clinic",
        "capacity:persons": "20",
        "name": "Radda HmSfp centre",
        "source": "DhakaThrive_Survey"
      }
    },
    {
      "type": "Feature",
      "geometry": {
        "type": "Point",
        "coordinates": [
          90.3569145,
          23.8285129
        ]
      },
      "properties": {
        "addr:suburb": "Duaripara East",
        "amenity": "clinic",
        "capacity:persons": "8",
        "healthcare": "clinic",
        "name": "Alo Clinic",
        "source": "DhakaThrive_Survey"
      }
    },
    {
      "type": "Feature",
      "geometry": {
        "type": "Point",
        "coordinates": [
          90.4076925,
          24.741997
        ]
      },
      "properties": {
        "amenity": "hospital",
        "healthcare": "hospital",
        "name": "Desh Specialised Hospital And Diagnostic"
      }
    },
    {
      "type": "Feature",
      "geometry": {
        "type": "Point",
        "coordinates": [
          90.4075909,
          24.7413978
        ]
      },
      "properties": {
        "amenity": "hospital",
        "healthcare": "hospital",
        "name": "Degital diagnostic center, Hospital"
      }
    },
    {
      "type": "Feature",
      "geometry": {
        "type": "Point",
        "coordinates": [
          90.4072791,
          24.7396276
        ]
      },
      "properties": {
        "amenity": "hospital",
        "healthcare": "hospital",
        "name": "Somota (Pvt)hospital, Hospital"
      }
    },
    {
      "type": "Feature",
      "geometry": {
        "type": "Point",
        "coordinates": [
          90.4072822,
          24.7403887
        ]
      },
      "properties": {
        "amenity": "hospital",
        "healthcare": "hospital",
        "name": "The Peoples Hospital and Diagnostic Centre, Private hospital"
      }
    },
    {
      "type": "Feature",
      "geometry": {
        "type": "Point",
        "coordinates": [
          90.4077594,
          24.7429267
        ]
      },
      "properties": {
        "amenity": "hospital",
        "healthcare": "hospital",
        "name": "LabAid hospital"
      }
    },
    {
      "type": "Feature",
      "geometry": {
        "type": "Point",
        "coordinates": [
          90.4075613,
          24.7452616
        ]
      },
      "properties": {
        "amenity": "hospital",
        "healthcare": "hospital",
        "name": "Sapon Hospital and Diagnostic Centre, Hospital"
      }
    },
    {
      "type": "Feature",
      "geometry": {
        "type": "Point",
        "coordinates": [
          90.4080426,
          24.7456542
        ]
      },
      "properties": {
        "amenity": "hospital",
        "healthcare": "hospital",
        "name": "Central Hospital (Pr.), Hospital"
      }
    },
    {
      "type": "Feature",
      "geometry": {
        "type": "Point",
        "coordinates": [
          90.4078402,
          24.7427643
        ]
      },
      "properties": {
        "amenity": "hospital",
        "healthcare": "hospital",
        "name": "Pranto Specialized Hospital, Private hospital"
      }
    },
    {
      "type": "Feature",
      "geometry": {
        "type": "Point",
        "coordinates": [
          90.4084628,
          24.7448878
        ]
      },
      "properties": {
        "amenity": "clinic",
        "healthcare": "clinic",
        "name": "B N Clinic and Diagnostic Center"
      }
    },
    {
      "type": "Feature",
      "geometry": {
        "type": "Point",
        "coordinates": [
          90.4083896,
          24.7441805
        ]
      },
      "properties": {
        "amenity": "hospital",
        "healthcare": "hospital",
        "name": "Unicare Diagnostic Centre, Hospital"
      }
    },
    {
      "type": "Feature",
      "geometry": {
        "type": "Point",
        "coordinates": [
          90.4082165,
          24.7458138
        ]
      },
      "properties": {
        "amenity": "hospital",
        "healthcare": "hospital",
        "name": "New Nagorik Hospital (Pvt.), Hospital"
      }
    },
    {
      "type": "Feature",
      "geometry": {
        "type": "Point",
        "coordinates": [
          90.407916,
          24.7434993
        ]
      },
      "properties": {
        "amenity": "hospital",
        "healthcare": "hospital",
        "name": "Mymensingh Divisional Specialized Hospital"
      }
    },
    {
      "type": "Feature",
      "geometry": {
        "type": "Point",
        "coordinates": [
          90.4085139,
          24.7464531
        ]
      },
      "properties": {
        "amenity": "hospital",
        "healthcare": "hospital",
        "name": "Shathy Privete Hospital And Diagnostic Centre, Private hospital"
      }
    },
    {
      "type": "Feature",
      "geometry": {
        "type": "Point",
        "coordinates": [
          90.4097104,
          24.7236032
        ]
      },
      "properties": {
        "amenity": "hospital",
        "healthcare": "hospital",
        "name": "The United Chokkho Hospital, Hospital"
      }
    },
    {
      "type": "Feature",
      "geometry": {
        "type": "Point",
        "coordinates": [
          90.407495,
          24.7434152
        ]
      },
      "properties": {
        "amenity": "hospital",
        "healthcare": "hospital",
        "name": "Tania Hospital (Pvt), Private hospital"
      }
    },
    {
      "type": "Feature",
      "geometry": {
        "type": "Point",
        "coordinates": [
          92.1455848,
          21.1610223
        ]
      },
      "properties": {
        "amenity": "hospital"
      }
    },
    {
      "type": "Feature",
      "geometry": {
        "type": "Point",
        "coordinates": [
          90.4047304,
          24.7181111
        ]
      },
      "properties": {
        "amenity": "hospital",
        "healthcare": "hospital",
        "name": "Maa-O-Shishu Hospital, Hospital"
      }
    },
    {
      "type": "Feature",
      "geometry": {
        "type": "Point",
        "coordinates": [
          90.360388,
          24.7637281
        ]
      },
      "properties": {
        "amenity": "hospital",
        "healthcare": "hospital",
        "name": "Bagher Kanda Community Clinic, Hospital"
      }
    },
    {
      "type": "Feature",
      "geometry": {
        "type": "Point",
        "coordinates": [
          90.4064246,
          24.7492978
        ]
      },
      "properties": {
        "amenity": "hospital",
        "healthcare": "hospital",
        "name": "Evercare Information Centre Mymensingh, Hospital"
      }
    },
    {
      "type": "Feature",
      "geometry": {
        "type": "Point",
        "coordinates": [
          90.4072732,
          24.7480992
        ]
      },
      "properties": {
        "amenity": "hospital",
        "healthcare": "hospital",
        "name": "Army General Hospital and Diagnostic Centre, Hospital"
      }
    },
    {
      "type": "Feature",
      "geometry": {
        "type": "Point",
        "coordinates": [
          90.4073514,
          24.7487812
        ]
      },
      "properties": {
        "amenity": "hospital",
        "healthcare": "hospital",
        "name": "Sayem Diagno Complex And Hospital, Private hospital"
      }
    },
    {
      "type": "Feature",
      "geometry": {
        "type": "Point",
        "coordinates": [
          90.4067126,
          24.7485056
        ]
      },
      "properties": {
        "amenity": "hospital",
        "healthcare": "hospital",
        "name": "L. Harun Health Complex, Hospital"
      }
    },
    {
      "type": "Feature",
      "geometry": {
        "type": "Point",
        "coordinates": [
          90.4092266,
          24.7475713
        ]
      },
      "properties": {
        "amenity": "hospital",
        "healthcare": "hospital",
        "name": "Hazrat Shahjalal (Pr) Hospital, Hospital"
      }
    },
    {
      "type": "Feature",
      "geometry": {
        "type": "Point",
        "coordinates": [
          90.4082479,
          24.7471778
        ]
      },
      "properties": {
        "amenity": "hospital",
        "healthcare": "hospital",
        "name": "Mymensingh Union Specialized Hospital Limited, General hospital"
      }
    },
    {
      "type": "Feature",
      "geometry": {
        "type": "Point",
        "coordinates": [
          90.4066336,
          24.7486577
        ]
      },
      "properties": {
        "amenity": "hospital",
        "healthcare": "hospital",
        "name": "Alfa Hospital, Hospital"
      }
    },
    {
      "type": "Feature",
      "geometry": {
        "type": "Point",
        "coordinates": [
          90.4118286,
          24.7470102
        ]
      },
      "properties": {
        "amenity": "hospital",
        "healthcare": "hospital",
        "name": "Al Hera Hospital And Trauma Centre"
      }
    },
    {
      "type": "Feature",
      "geometry": {
        "type": "Point",
        "coordinates": [
          90.4070184,
          24.7491079
        ]
      },
      "properties": {
        "amenity": "hospital",
        "healthcare": "hospital",
        "name": "Marristop clinic, Charpara, Hospital"
      }
    },
    {
      "type": "Feature",
      "geometry": {
        "type": "Point",
        "coordinates": [
          90.4103415,
          24.7463972
        ]
      },
      "properties": {
        "amenity": "hospital",
        "healthcare": "hospital",
        "name": "Al-Razi Clinic, Hospital"
      }
    },
    {
      "type": "Feature",
      "geometry": {
        "type": "Point",
        "coordinates": [
          90.4094484,
          24.7468089
        ]
      },
      "properties": {
        "amenity": "hospital",
        "healthcare": "hospital",
        "name": "Serum Lab And Hospital Pvt. Ltd."
      }
    },
    {
      "type": "Feature",
      "geometry": {
        "type": "Point",
        "coordinates": [
          90.4084963,
          24.7466565
        ]
      },
      "properties": {
        "amenity": "hospital",
        "healthcare": "hospital",
        "name": "Janayed private hospitalAndDiagnostic Centre"
      }
    },
    {
      "type": "Feature",
      "geometry": {
        "type": "Point",
        "coordinates": [
          90.367299,
          23.8207664
        ]
      },
      "properties": {
        "addr:postcode": "1216",
        "addr:street": "\u0995\u09be\u09b2\u09b6\u09c0 \u09b8\u09dc\u0995",
        "amenity": "hospital",
        "name": "Mirpur general hospital",
        "opening_hours": "Sa-Th 09:00-18:00",
        "phone": "01616169848"
      }
    },
    {
      "type": "Feature",
      "geometry": {
        "type": "Point",
        "coordinates": [
          90.3920902,
          23.8285385
        ]
      },
      "properties": {
        "addr:street": "Balughat Road",
        "amenity": "hospital",
        "contact:facebook": "permalink.php",
        "name": "Surovi maternity general hospital",
        "opening_hours": "Sa-Th 09:00-21:00",
        "phone": "01726427758"
      }
    },
    {
      "type": "Feature",
      "geometry": {
        "type": "Point",
        "coordinates": [
          90.2030111,
          23.1696379
        ]
      },
      "properties": {
        "amenity": "hospital",
        "emergency": "yes",
        "healthcare": "hospital",
        "healthcare:speciality": "paediatrics;general;otolaryngology;blood_check",
        "mobile": "+8801916945298",
        "name": "Planet Hospital"
      }
    },
    {
      "type": "Feature",
      "geometry": {
        "type": "Point",
        "coordinates": [
          91.1760767,
          23.4804627
        ]
      },
      "properties": {
        "amenity": "hospital",
        "healthcare": "hospital",
        "name": "\u09a8\u0997\u09b0 \u09b8\u09cd\u09ac\u09be\u09b8\u09cd\u09a5\u09cd\u09af \u0995\u09c7\u09a8\u09cd\u09a6\u09cd\u09b0 \u09e9"
      }
    },
    {
      "type": "Feature",
      "geometry": {
        "type": "Point",
        "coordinates": [
          90.4128051,
          24.7444308
        ]
      },
      "properties": {
        "amenity": "hospital",
        "healthcare": "hospital",
        "name": "Mustakin (Pvt.) Hospital"
      }
    },
    {
      "type": "Feature",
      "geometry": {
        "type": "Point",
        "coordinates": [
          90.4127757,
          24.7455923
        ]
      },
      "properties": {
        "amenity": "hospital",
        "healthcare": "hospital",
        "name": "Al-Jannat Haspatal (Pvt.), Private hospital"
      }
    },
    {
      "type": "Feature",
      "geometry": {
        "type": "Point",
        "coordinates": [
          90.4167709,
          24.7459152
        ]
      },
      "properties": {
        "amenity": "hospital",
        "healthcare": "hospital",
        "name": "Porosh (Pvt.) Hospital, Private hospital"
      }
    },
    {
      "type": "Feature",
      "geometry": {
        "type": "Point",
        "coordinates": [
          90.4125191,
          24.7448622
        ]
      },
      "properties": {
        "amenity": "hospital",
        "healthcare": "hospital",
        "name": "Rajdhani Hospital Mymensingh, Hospital"
      }
    },
    {
      "type": "Feature",
      "geometry": {
        "type": "Point",
        "coordinates": [
          90.4139132,
          24.744618
        ]
      },
      "properties": {
        "amenity": "hospital",
        "healthcare": "hospital",
        "name": "VENUS HOSPITAL, Hospital"
      }
    },
    {
      "type": "Feature",
      "geometry": {
        "type": "Point",
        "coordinates": [
          90.3640857,
          24.9472198
        ]
      },
      "properties": {
        "amenity": "hospital",
        "healthcare": "hospital",
        "name": "Popular Diagnostic ComplexAnd Hospital Pvt"
      }
    },
    {
      "type": "Feature",
      "geometry": {
        "type": "Point",
        "coordinates": [
          90.3640425,
          24.9475722
        ]
      },
      "properties": {
        "amenity": "hospital",
        "healthcare": "hospital",
        "name": "Seva general hospital and Diagnostic Centre"
      }
    },
    {
      "type": "Feature",
      "geometry": {
        "type": "Point",
        "coordinates": [
          90.3643924,
          24.9472966
        ]
      },
      "properties": {
        "amenity": "hospital",
        "healthcare": "hospital",
        "name": "City General Hospital"
      }
    },
    {
      "type": "Feature",
      "geometry": {
        "type": "Point",
        "coordinates": [
          90.3578587,
          24.9520519
        ]
      },
      "properties": {
        "amenity": "hospital",
        "healthcare": "hospital",
        "name": "Phulpur Eye Hospital"
      }
    },
    {
      "type": "Feature",
      "geometry": {
        "type": "Point",
        "coordinates": [
          90.3381703,
          25.1189519
        ]
      },
      "properties": {
        "amenity": "clinic",
        "healthcare": "clinic",
        "name": "Pretom medicine centre, Medical Center"
      }
    },
    {
      "type": "Feature",
      "geometry": {
        "type": "Point",
        "coordinates": [
          90.336383,
          25.1099111
        ]
      },
      "properties": {
        "amenity": "hospital",
        "healthcare": "hospital",
        "name": "Haluaghat Eye Care Center, Hospital"
      }
    },
    {
      "type": "Feature",
      "geometry": {
        "type": "Point",
        "coordinates": [
          90.3900633,
          23.8853396
        ]
      },
      "properties": {
        "amenity": "hospital",
        "healthcare": "hospital",
        "name": "Uttara General Hospital"
      }
    },
    {
      "type": "Feature",
      "geometry": {
        "type": "Point",
        "coordinates": [
          90.3940547,
          23.8784371
        ]
      },
      "properties": {
        "amenity": "hospital",
        "healthcare": "hospital",
        "name": "Uttara Lake View Specialized Hospital (Pvt.) LTD"
      }
    },
    {
      "type": "Feature",
      "geometry": {
        "type": "Point",
        "coordinates": [
          90.387713,
          23.891996
        ]
      },
      "properties": {
        "amenity": "hospital",
        "healthcare": "hospital",
        "name": "Atlas Hospital Ltd., Hospital"
      }
    },
    {
      "type": "Feature",
      "geometry": {
        "type": "Point",
        "coordinates": [
          90.3171557,
          23.9139514
        ]
      },
      "properties": {
        "amenity": "hospital",
        "healthcare": "hospital",
        "name": "PMK Hospital And Diagnostic Centre, Hospital"
      }
    },
    {
      "type": "Feature",
      "geometry": {
        "type": "Point",
        "coordinates": [
          90.3002061,
          23.9367608
        ]
      },
      "properties": {
        "amenity": "hospital",
        "healthcare": "hospital",
        "name": "Ashulia Women and Children Hospital Ambulance"
      }
    },
    {
      "type": "Feature",
      "geometry": {
        "type": "Point",
        "coordinates": [
          90.2999076,
          23.936717
        ]
      },
      "properties": {
        "amenity": "hospital",
        "healthcare": "hospital",
        "name": "Cwch Help Desk, Hospital"
      }
    },
    {
      "type": "Feature",
      "geometry": {
        "type": "Point",
        "coordinates": [
          90.299965,
          23.9372134
        ]
      },
      "properties": {
        "amenity": "hospital",
        "healthcare": "hospital",
        "name": "Physiotherapy Department- AWCH"
      }
    },
    {
      "type": "Feature",
      "geometry": {
        "type": "Point",
        "coordinates": [
          90.2973154,
          23.9370067
        ]
      },
      "properties": {
        "amenity": "hospital",
        "healthcare": "hospital",
        "name": "Holy Lab Health Care, Hospital department"
      }
    },
    {
      "type": "Feature",
      "geometry": {
        "type": "Point",
        "coordinates": [
          90.271831,
          23.9369343
        ]
      },
      "properties": {
        "amenity": "hospital",
        "healthcare": "hospital",
        "name": "Happy Physiotherapy Center, Hospital"
      }
    },
    {
      "type": "Feature",
      "geometry": {
        "type": "Point",
        "coordinates": [
          90.2801104,
          23.9363313
        ]
      },
      "properties": {
        "amenity": "hospital",
        "healthcare": "hospital",
        "name": "Apon general hospital, Hospital"
      }
    },
    {
      "type": "Feature",
      "geometry": {
        "type": "Point",
        "coordinates": [
          90.2728667,
          23.9364404
        ]
      },
      "properties": {
        "amenity": "hospital",
        "healthcare": "hospital",
        "name": "Asad Hospital LTD, Hospital"
      }
    },
    {
      "type": "Feature",
      "geometry": {
        "type": "Point",
        "coordinates": [
          90.2816326,
          23.9368262
        ]
      },
      "properties": {
        "amenity": "hospital",
        "healthcare": "hospital",
        "name": "Ashraf Aleya Hospital, Hospital"
      }
    },
    {
      "type": "Feature",
      "geometry": {
        "type": "Point",
        "coordinates": [
          90.2749973,
          23.9499144
        ]
      },
      "properties": {
        "amenity": "hospital",
        "healthcare": "hospital",
        "name": "Famous Clinic, Hospital"
      }
    },
    {
      "type": "Feature",
      "geometry": {
        "type": "Point",
        "coordinates": [
          90.2759219,
          23.9468394
        ]
      },
      "properties": {
        "amenity": "hospital",
        "healthcare": "hospital",
        "name": "Dhaka EPZ Hospital"
      }
    },
    {
      "type": "Feature",
      "geometry": {
        "type": "Point",
        "coordinates": [
          90.2716299,
          23.9430116
        ]
      },
      "properties": {
        "amenity": "hospital",
        "healthcare": "hospital",
        "name": "Al Haz Abdul Ahad Daibetes Center, Hospital"
      }
    },
    {
      "type": "Feature",
      "geometry": {
        "type": "Point",
        "coordinates": [
          90.2731817,
          23.9519354
        ]
      },
      "properties": {
        "amenity": "hospital",
        "healthcare": "hospital",
        "name": "Dhaka EPZ Hospital, Hospital"
      }
    },
    {
      "type": "Feature",
      "geometry": {
        "type": "Point",
        "coordinates": [
          90.2546245,
          23.9937971
        ]
      },
      "properties": {
        "amenity": "hospital",
        "healthcare": "hospital",
        "name": "Zirane Bazar Nasir Uddin Hospital, Hospital"
      }
    },
    {
      "type": "Feature",
      "geometry": {
        "type": "Point",
        "coordinates": [
          90.2688833,
          23.9626862
        ]
      },
      "properties": {
        "amenity": "hospital",
        "healthcare": "hospital",
        "name": "Sreepur Popular Hospital, Hospital"
      }
    },
    {
      "type": "Feature",
      "geometry": {
        "type": "Point",
        "coordinates": [
          90.2558476,
          23.9930741
        ]
      },
      "properties": {
        "amenity": "hospital",
        "healthcare": "hospital",
        "name": "Hazi Romzan Molla Medical Center, Hospital"
      }
    },
    {
      "type": "Feature",
      "geometry": {
        "type": "Point",
        "coordinates": [
          90.241823,
          24.028264
        ]
      },
      "properties": {
        "amenity": "hospital",
        "healthcare": "hospital",
        "name": "RS Dental Surgery, Hospital"
      }
    },
    {
      "type": "Feature",
      "geometry": {
        "type": "Point",
        "coordinates": [
          90.2378206,
          24.0400166
        ]
      },
      "properties": {
        "amenity": "hospital",
        "healthcare": "hospital",
        "name": "Walton Medical Center, Hospital",
        "opening_hours": "24/7"
      }
    },
    {
      "type": "Feature",
      "geometry": {
        "type": "Point",
        "coordinates": [
          90.2385823,
          24.0459624
        ]
      },
      "properties": {
        "amenity": "hospital",
        "healthcare": "hospital",
        "name": "Promise Drug Addiction Treatment Center, Hospital"
      }
    },
    {
      "type": "Feature",
      "geometry": {
        "type": "Point",
        "coordinates": [
          90.2387653,
          24.0450836
        ]
      },
      "properties": {
        "amenity": "hospital",
        "healthcare": "hospital",
        "name": "Suvarna Clinic, Hospital"
      }
    },
    {
      "type": "Feature",
      "geometry": {
        "type": "Point",
        "coordinates": [
          90.2671749,
          23.9684289
        ]
      },
      "properties": {
        "amenity": "hospital",
        "healthcare": "hospital",
        "name": "Hi-Tech Surgicare Hospital And Piles Center, Hospital"
      }
    },
    {
      "type": "Feature",
      "geometry": {
        "type": "Point",
        "coordinates": [
          90.2668503,
          23.969119
        ]
      },
      "properties": {
        "amenity": "hospital",
        "healthcare": "hospital",
        "name": "Lab One Hospital, Hospital"
      }
    },
    {
      "type": "Feature",
      "geometry": {
        "type": "Point",
        "coordinates": [
          90.2561046,
          23.9964649
        ]
      },
      "properties": {
        "amenity": "hospital",
        "healthcare": "hospital",
        "name": "New Super Diagnostic Centre, Hospital"
      }
    },
    {
      "type": "Feature",
      "geometry": {
        "type": "Point",
        "coordinates": [
          90.377135,
          23.9894943
        ]
      },
      "properties": {
        "amenity": "hospital",
        "healthcare": "hospital",
        "name": "City Medical College And Hospital"
      }
    },
    {
      "type": "Feature",
      "geometry": {
        "type": "Point",
        "coordinates": [
          90.3783473,
          23.9898827
        ]
      },
      "properties": {
        "amenity": "hospital",
        "healthcare": "hospital",
        "name": "Seba Hospital, Hospital"
      }
    },
    {
      "type": "Feature",
      "geometry": {
        "type": "Point",
        "coordinates": [
          90.3682463,
          23.9890642
        ]
      },
      "properties": {
        "amenity": "hospital",
        "healthcare": "hospital",
        "name": "City Medical College And Hospital"
      }
    },
    {
      "type": "Feature",
      "geometry": {
        "type": "Point",
        "coordinates": [
          90.3505306,
          23.9942299
        ]
      },
      "properties": {
        "amenity": "hospital",
        "healthcare": "hospital",
        "name": "Kodda Primary Health Center, Government hospital"
      }
    },
    {
      "type": "Feature",
      "geometry": {
        "type": "Point",
        "coordinates": [
          90.319468,
          24.0115934
        ]
      },
      "properties": {
        "amenity": "hospital",
        "contact:facebook": "konabari.popular",
        "healthcare": "hospital",
        "name": "Konabari Popular Hospital, Hospital"
      }
    },
    {
      "type": "Feature",
      "geometry": {
        "type": "Point",
        "coordinates": [
          90.323555,
          24.0107509
        ]
      },
      "properties": {
        "amenity": "hospital",
        "healthcare": "hospital",
        "name": "Rujan Eye Hospital, Hospital"
      }
    },
    {
      "type": "Feature",
      "geometry": {
        "type": "Point",
        "coordinates": [
          90.3187425,
          24.011405
        ]
      },
      "properties": {
        "amenity": "hospital",
        "healthcare": "hospital",
        "name": "Central Hospital, Hospital"
      }
    },
    {
      "type": "Feature",
      "geometry": {
        "type": "Point",
        "coordinates": [
          90.3231222,
          24.0066469
        ]
      },
      "properties": {
        "amenity": "hospital",
        "healthcare": "hospital",
        "name": "Angle International, Hospital"
      }
    },
    {
      "type": "Feature",
      "geometry": {
        "type": "Point",
        "coordinates": [
          90.319693,
          24.0108686
        ]
      },
      "properties": {
        "amenity": "hospital",
        "healthcare": "hospital",
        "name": "Konabari Eye Hospital, Hospital"
      }
    },
    {
      "type": "Feature",
      "geometry": {
        "type": "Point",
        "coordinates": [
          90.320046,
          24.0106227
        ]
      },
      "properties": {
        "amenity": "hospital",
        "healthcare": "hospital",
        "name": "Retina Eye Hospital And Phaco Centre, Hospital"
      }
    },
    {
      "type": "Feature",
      "geometry": {
        "type": "Point",
        "coordinates": [
          90.3087447,
          24.0108992
        ]
      },
      "properties": {
        "amenity": "hospital",
        "healthcare": "hospital",
        "name": "Tajmahal Hospital and Diagnostic, Hospital"
      }
    },
    {
      "type": "Feature",
      "geometry": {
        "type": "Point",
        "coordinates": [
          90.2890046,
          24.0217397
        ]
      },
      "properties": {
        "amenity": "hospital",
        "healthcare": "hospital",
        "name": "Paribarika health clinic, Hospital"
      }
    },
    {
      "type": "Feature",
      "geometry": {
        "type": "Point",
        "coordinates": [
          90.3094966,
          24.0132549
        ]
      },
      "properties": {
        "amenity": "hospital",
        "healthcare": "hospital",
        "name": "Kasimpur homoeopathice medical collage and Hospital"
      }
    },
    {
      "type": "Feature",
      "geometry": {
        "type": "Point",
        "coordinates": [
          90.309316,
          24.0134898
        ]
      },
      "properties": {
        "amenity": "hospital",
        "healthcare": "hospital",
        "name": "Tajmohol Medical, Hospital"
      }
    },
    {
      "type": "Feature",
      "geometry": {
        "type": "Point",
        "coordinates": [
          90.2737226,
          24.0260225
        ]
      },
      "properties": {
        "amenity": "hospital",
        "healthcare": "hospital",
        "name": "New Shafipur General Hospital, Hospital"
      }
    },
    {
      "type": "Feature",
      "geometry": {
        "type": "Point",
        "coordinates": [
          90.2562538,
          24.0373167
        ]
      },
      "properties": {
        "amenity": "hospital",
        "healthcare": "hospital",
        "name": "Molla Dental Care, Hospital"
      }
    },
    {
      "type": "Feature",
      "geometry": {
        "type": "Point",
        "coordinates": [
          90.2760499,
          24.0262525
        ]
      },
      "properties": {
        "amenity": "hospital",
        "healthcare": "hospital",
        "name": "Tanha Healthcare Hospital"
      }
    },
    {
      "type": "Feature",
      "geometry": {
        "type": "Point",
        "coordinates": [
          90.2083363,
          24.0754754
        ]
      },
      "properties": {
        "amenity": "hospital",
        "healthcare": "hospital",
        "name": "Jahanara Memorial Shishu Hospital"
      }
    },
    {
      "type": "Feature",
      "geometry": {
        "type": "Point",
        "coordinates": [
          90.223727,
          24.0583127
        ]
      },
      "properties": {
        "amenity": "hospital",
        "healthcare": "hospital",
        "name": "BASC Dental Clinic, Hospital"
      }
    },
    {
      "type": "Feature",
      "geometry": {
        "type": "Point",
        "coordinates": [
          90.2092646,
          24.0664323
        ]
      },
      "properties": {
        "amenity": "hospital",
        "healthcare": "hospital",
        "name": "Sreefaltoli Hospital"
      }
    },
    {
      "type": "Feature",
      "geometry": {
        "type": "Point",
        "coordinates": [
          90.0956656,
          24.1051079
        ]
      },
      "properties": {
        "amenity": "hospital",
        "healthcare": "hospital",
        "name": "Bongshai Digital Hospital"
      }
    },
    {
      "type": "Feature",
      "geometry": {
        "type": "Point",
        "coordinates": [
          90.0959946,
          24.1050129
        ]
      },
      "properties": {
        "amenity": "hospital",
        "healthcare": "hospital",
        "name": "Bikash Hospital"
      }
    },
    {
      "type": "Feature",
      "geometry": {
        "type": "Point",
        "coordinates": [
          90.096557,
          24.1043789
        ]
      },
      "properties": {
        "amenity": "hospital",
        "healthcare": "hospital",
        "name": "Asif General Hospital"
      }
    },
    {
      "type": "Feature",
      "geometry": {
        "type": "Point",
        "coordinates": [
          90.02024,
          24.1468954
        ]
      },
      "properties": {
        "amenity": "hospital",
        "healthcare": "hospital",
        "name": "Taj Hospital and Diagnostic Center, Private hospital"
      }
    },
    {
      "type": "Feature",
      "geometry": {
        "type": "Point",
        "coordinates": [
          90.0173709,
          24.1422816
        ]
      },
      "properties": {
        "amenity": "clinic",
        "healthcare": "clinic",
        "name": "Pakulya Community Clinic"
      }
    },
    {
      "type": "Feature",
      "geometry": {
        "type": "Point",
        "coordinates": [
          89.9785794,
          24.2091065
        ]
      },
      "properties": {
        "amenity": "hospital",
        "healthcare": "hospital",
        "name": "Hahnemann Homoeo Clinic, Hospital"
      }
    },
    {
      "type": "Feature",
      "geometry": {
        "type": "Point",
        "coordinates": [
          89.9194213,
          24.2513186
        ]
      },
      "properties": {
        "amenity": "hospital",
        "healthcare": "hospital",
        "name": "Life Care General Hospital"
      }
    },
    {
      "type": "Feature",
      "geometry": {
        "type": "Point",
        "coordinates": [
          90.1186614,
          24.0965381
        ]
      },
      "properties": {
        "amenity": "hospital",
        "healthcare": "hospital",
        "name": "Labcare Diagnostic And Hospital, Hospital"
      }
    },
    {
      "type": "Feature",
      "geometry": {
        "type": "Point",
        "coordinates": [
          90.2094295,
          24.0767754
        ]
      },
      "properties": {
        "amenity": "hospital",
        "healthcare": "hospital",
        "name": "Laily Dental Clinic -2"
      }
    },
    {
      "type": "Feature",
      "geometry": {
        "type": "Point",
        "coordinates": [
          90.1737339,
          24.0919518
        ]
      },
      "properties": {
        "amenity": "hospital",
        "healthcare": "hospital",
        "name": "Sikder Specialized Hospital, Hospital"
      }
    },
    {
      "type": "Feature",
      "geometry": {
        "type": "Point",
        "coordinates": [
          90.3930218,
          23.8221089
        ]
      },
      "properties": {
        "addr:housenumber": "571",
        "addr:postcode": "1206",
        "addr:street": "ECB Chattar",
        "amenity": "clinic",
        "email": "official.healthpoint@gmail.com",
        "name": "Health point diagnostic center",
        "opening_hours": "Mo-Su 09:00-22:00",
        "phone": "01575325776;01300806612"
      }
    },
    {
      "type": "Feature",
      "geometry": {
        "type": "Point",
        "coordinates": [
          90.3930214,
          23.822045
        ]
      },
      "properties": {
        "addr:housenumber": "571",
        "addr:postcode": "1206",
        "addr:street": "ECB Chattar",
        "amenity": "hospital",
        "contact:facebook": "61565645874560",
        "name": "Ecb specialized Eye hospital",
        "phone": "+8801300744413"
      }
    },
    {
      "type": "Feature",
      "geometry": {
        "type": "Point",
        "coordinates": [
          90.3939749,
          23.8244584
        ]
      },
      "properties": {
        "addr:housenumber": "695/d",
        "addr:postcode": "1206",
        "addr:street": "Manikde Road",
        "amenity": "clinic",
        "email": "labindiagnostic@gmaill.com",
        "name": "Lab in diagnostic center",
        "opening_hours": "Mo-Su 09:00-14:00, 16:00-22:00",
        "phone": "01926169982"
      }
    },
    {
      "type": "Feature",
      "geometry": {
        "type": "Point",
        "coordinates": [
          89.9831465,
          24.2085128
        ]
      },
      "properties": {
        "amenity": "hospital",
        "healthcare": "hospital",
        "name": "Karatipara Community Clinic, Hospital"
      }
    },
    {
      "type": "Feature",
      "geometry": {
        "type": "Point",
        "coordinates": [
          89.9223174,
          24.2504524
        ]
      },
      "properties": {
        "amenity": "hospital",
        "healthcare": "hospital"
      }
    },
    {
      "type": "Feature",
      "geometry": {
        "type": "Point",
        "coordinates": [
          89.920304,
          24.2521912
        ]
      },
      "properties": {
        "amenity": "hospital",
        "healthcare": "hospital",
        "name": "Upasham Pharmacy, Hospital"
      }
    },
    {
      "type": "Feature",
      "geometry": {
        "type": "Point",
        "coordinates": [
          89.93286,
          24.2484294
        ]
      },
      "properties": {
        "amenity": "hospital",
        "healthcare": "hospital",
        "name": "Ashikpur Open Eye Hospital"
      }
    },
    {
      "type": "Feature",
      "geometry": {
        "type": "Point",
        "coordinates": [
          89.9253127,
          24.335435
        ]
      },
      "properties": {
        "amenity": "hospital",
        "healthcare": "hospital",
        "name": "Elenga Clinic And Nursing Home, Hospital"
      }
    },
    {
      "type": "Feature",
      "geometry": {
        "type": "Point",
        "coordinates": [
          89.9692372,
          24.3743318
        ]
      },
      "properties": {
        "amenity": "hospital",
        "healthcare": "hospital",
        "name": "Ichapur Community Clinic, Hospital"
      }
    },
    {
      "type": "Feature",
      "geometry": {
        "type": "Point",
        "coordinates": [
          89.9242678,
          24.3346361
        ]
      },
      "properties": {
        "amenity": "hospital",
        "healthcare": "hospital",
        "name": "Ellenga Hospital Limited, Hospital"
      }
    },
    {
      "type": "Feature",
      "geometry": {
        "type": "Point",
        "coordinates": [
          89.9238552,
          24.3350101
        ]
      },
      "properties": {
        "amenity": "hospital",
        "healthcare": "hospital",
        "name": "Al razi clinic and hospital, Hospital"
      }
    },
    {
      "type": "Feature",
      "geometry": {
        "type": "Point",
        "coordinates": [
          89.9247483,
          24.3356258
        ]
      },
      "properties": {
        "amenity": "hospital",
        "healthcare": "hospital",
        "name": "Elenga Family Care Diagnostic Centre, Hospital"
      }
    },
    {
      "type": "Feature",
      "geometry": {
        "type": "Point",
        "coordinates": [
          89.994314,
          24.3868889
        ]
      },
      "properties": {
        "amenity": "hospital",
        "healthcare": "hospital",
        "name": "Shahjalal Islami Bank Limited., Hospital"
      }
    },
    {
      "type": "Feature",
      "geometry": {
        "type": "Point",
        "coordinates": [
          89.9958887,
          24.3891986
        ]
      },
      "properties": {
        "amenity": "hospital",
        "healthcare": "hospital",
        "name": "Niramoy General Hospital"
      }
    },
    {
      "type": "Feature",
      "geometry": {
        "type": "Point",
        "coordinates": [
          89.9734956,
          24.4855891
        ]
      },
      "properties": {
        "amenity": "hospital",
        "healthcare": "hospital",
        "name": "Ghatail Digital Clinic And Narsing Home, General hospital"
      }
    },
    {
      "type": "Feature",
      "geometry": {
        "type": "Point",
        "coordinates": [
          89.9828553,
          24.5356287
        ]
      },
      "properties": {
        "amenity": "hospital",
        "healthcare": "hospital",
        "name": "Pakutia Hospital, Hospital"
      }
    },
    {
      "type": "Feature",
      "geometry": {
        "type": "Point",
        "coordinates": [
          89.9947333,
          24.3966452
        ]
      },
      "properties": {
        "amenity": "hospital",
        "healthcare": "hospital",
        "name": "Old Hospital, Hospital"
      }
    },
    {
      "type": "Feature",
      "geometry": {
        "type": "Point",
        "coordinates": [
          90.0271475,
          24.604842
        ]
      },
      "properties": {
        "amenity": "hospital",
        "healthcare": "hospital",
        "name": "Kazi Physiotherapy Center Madhupur, Hospital"
      }
    },
    {
      "type": "Feature",
      "geometry": {
        "type": "Point",
        "coordinates": [
          89.9740907,
          24.4784131
        ]
      },
      "properties": {
        "amenity": "hospital",
        "healthcare": "hospital",
        "name": "Moon Nursing Home, Hospital"
      }
    },
    {
      "type": "Feature",
      "geometry": {
        "type": "Point",
        "coordinates": [
          89.9737776,
          24.4778885
        ]
      },
      "properties": {
        "amenity": "hospital",
        "healthcare": "hospital",
        "name": "Ghatail Animal Hospital"
      }
    },
    {
      "type": "Feature",
      "geometry": {
        "type": "Point",
        "coordinates": [
          89.9740643,
          24.4868678
        ]
      },
      "properties": {
        "amenity": "hospital",
        "healthcare": "hospital",
        "name": "Top 10 Specialised Hospital, Hospital"
      }
    },
    {
      "type": "Feature",
      "geometry": {
        "type": "Point",
        "coordinates": [
          90.0758336,
          24.6444439
        ]
      },
      "properties": {
        "amenity": "hospital",
        "healthcare": "hospital",
        "name": "Tuberculosis and Leprosy Hospital"
      }
    },
    {
      "type": "Feature",
      "geometry": {
        "type": "Point",
        "coordinates": [
          90.1710593,
          24.7166058
        ]
      },
      "properties": {
        "amenity": "hospital",
        "healthcare": "hospital",
        "name": "Su-Sheba Diagnostic Centre, Hospital"
      }
    },
    {
      "type": "Feature",
      "geometry": {
        "type": "Point",
        "coordinates": [
          90.3240476,
          24.0257942
        ]
      },
      "properties": {
        "addr:street": "Dhaka - Tangail Highway",
        "amenity": "hospital",
        "name": "\u0997\u09a3\u09b8\u09cd\u09ac\u09be\u09b8\u09cd\u09a5\u09cd\u09af \u09b9\u09be\u09b8\u09aa\u09be\u09a4\u09be\u09b2",
        "opening_hours": "24/7"
      }
    },
    {
      "type": "Feature",
      "geometry": {
        "type": "Point",
        "coordinates": [
          90.4462573,
          23.7043455
        ]
      },
      "properties": {
        "amenity": "hospital",
        "name": "Salman Hospital and Diagnosis center"
      }
    },
    {
      "type": "Feature",
      "geometry": {
        "type": "Point",
        "coordinates": [
          90.4178506,
          23.6823426
        ]
      },
      "properties": {
        "amenity": "hospital",
        "healthcare": "hospital",
        "name": "Ekuria General Hospital"
      }
    },
    {
      "type": "Feature",
      "geometry": {
        "type": "Point",
        "coordinates": [
          90.2553844,
          24.764885
        ]
      },
      "properties": {
        "amenity": "hospital",
        "healthcare": "hospital",
        "name": "Hasan Diagnostic Center, Hospital"
      }
    },
    {
      "type": "Feature",
      "geometry": {
        "type": "Point",
        "coordinates": [
          90.255372,
          24.7653353
        ]
      },
      "properties": {
        "amenity": "hospital",
        "healthcare": "hospital",
        "name": "Upzila Livestock Hospital"
      }
    },
    {
      "type": "Feature",
      "geometry": {
        "type": "Point",
        "coordinates": [
          90.2582714,
          24.7665165
        ]
      },
      "properties": {
        "amenity": "hospital",
        "healthcare": "hospital",
        "name": "Muktagacha Model Hospital, Private hospital"
      }
    },
    {
      "type": "Feature",
      "geometry": {
        "type": "Point",
        "coordinates": [
          90.255354,
          24.7657966
        ]
      },
      "properties": {
        "amenity": "hospital",
        "healthcare": "hospital",
        "name": "Muktagachha Animal Hospital"
      }
    },
    {
      "type": "Feature",
      "geometry": {
        "type": "Point",
        "coordinates": [
          90.4236421,
          24.0097257
        ]
      },
      "properties": {
        "amenity": "hospital",
        "name": "Shaheed Tajuddin Ahmad Medical College Hospital",
        "opening_hours": "24/7"
      }
    },
    {
      "type": "Feature",
      "geometry": {
        "type": "Point",
        "coordinates": [
          90.2507917,
          24.7633722
        ]
      },
      "properties": {
        "amenity": "hospital",
        "healthcare": "hospital",
        "name": "Talukdar clinic And digital lab, Hospital"
      }
    },
    {
      "type": "Feature",
      "geometry": {
        "type": "Point",
        "coordinates": [
          90.2532067,
          24.7638143
        ]
      },
      "properties": {
        "amenity": "hospital",
        "healthcare": "hospital",
        "name": "Ababil Hospital Limited, Hospital"
      }
    },
    {
      "type": "Feature",
      "geometry": {
        "type": "Point",
        "coordinates": [
          90.2480447,
          24.7626447
        ]
      },
      "properties": {
        "amenity": "hospital",
        "healthcare": "hospital",
        "name": "Al khidmah Diagnostic center, Hospital"
      }
    },
    {
      "type": "Feature",
      "geometry": {
        "type": "Point",
        "coordinates": [
          90.2692595,
          24.7610654
        ]
      },
      "properties": {
        "amenity": "hospital",
        "healthcare": "hospital",
        "name": "Satta Clinic, Hospital"
      }
    },
    {
      "type": "Feature",
      "geometry": {
        "type": "Point",
        "coordinates": [
          90.263103,
          24.7635041
        ]
      },
      "properties": {
        "amenity": "hospital",
        "healthcare": "hospital",
        "name": "Hashem Homeo Hospital"
      }
    },
    {
      "type": "Feature",
      "geometry": {
        "type": "Point",
        "coordinates": [
          90.395123,
          24.7608575
        ]
      },
      "properties": {
        "amenity": "hospital",
        "healthcare": "hospital",
        "name": "Ananda Mohan College Medical Center, Hospital"
      }
    },
    {
      "type": "Feature",
      "geometry": {
        "type": "Point",
        "coordinates": [
          90.412666,
          24.7577881
        ]
      },
      "properties": {
        "amenity": "hospital",
        "healthcare": "hospital",
        "name": "Mother and Child Welfare Centre, Hospital"
      }
    },
    {
      "type": "Feature",
      "geometry": {
        "type": "Point",
        "coordinates": [
          90.4186545,
          24.7496712
        ]
      },
      "properties": {
        "amenity": "hospital",
        "healthcare": "hospital",
        "name": "Civil Surgeon Coatar, Hospital"
      }
    },
    {
      "type": "Feature",
      "geometry": {
        "type": "Point",
        "coordinates": [
          90.2664017,
          23.9303229
        ]
      },
      "properties": {
        "amenity": "hospital",
        "healthcare": "hospital",
        "name": "Habib Hospital, Hospital"
      }
    },
    {
      "type": "Feature",
      "geometry": {
        "type": "Point",
        "coordinates": [
          90.2645943,
          23.8604646
        ]
      },
      "properties": {
        "amenity": "hospital",
        "healthcare": "hospital",
        "name": "Ibrahim General Hospital, Specialized hospital"
      }
    },
    {
      "type": "Feature",
      "geometry": {
        "type": "Point",
        "coordinates": [
          90.2628056,
          23.9236252
        ]
      },
      "properties": {
        "amenity": "hospital",
        "healthcare": "hospital",
        "name": "Goni General Hospital, Private hospital"
      }
    },
    {
      "type": "Feature",
      "geometry": {
        "type": "Point",
        "coordinates": [
          90.261805,
          23.8570858
        ]
      },
      "properties": {
        "amenity": "hospital",
        "healthcare": "hospital",
        "name": "Care Homeo Clinic, Hospital"
      }
    },
    {
      "type": "Feature",
      "geometry": {
        "type": "Point",
        "coordinates": [
          90.2626303,
          23.8547459
        ]
      },
      "properties": {
        "amenity": "hospital",
        "healthcare": "hospital",
        "name": "Apel Physiotherapy And Paralysis Center, Hospital"
      }
    },
    {
      "type": "Feature",
      "geometry": {
        "type": "Point",
        "coordinates": [
          90.2606957,
          23.8361411
        ]
      },
      "properties": {
        "amenity": "hospital",
        "healthcare": "hospital",
        "name": "Monami Hospital, Hospital"
      }
    },
    {
      "type": "Feature",
      "geometry": {
        "type": "Point",
        "coordinates": [
          90.2590398,
          23.8354593
        ]
      },
      "properties": {
        "amenity": "hospital",
        "healthcare": "hospital",
        "name": "Savar United Hospital, Hospital"
      }
    },
    {
      "type": "Feature",
      "geometry": {
        "type": "Point",
        "coordinates": [
          90.2568356,
          23.8437242
        ]
      },
      "properties": {
        "amenity": "hospital",
        "healthcare": "hospital",
        "name": "Islamia Digital Lab And Hospital, Hospital"
      }
    },
    {
      "type": "Feature",
      "geometry": {
        "type": "Point",
        "coordinates": [
          90.2570517,
          23.8425257
        ]
      },
      "properties": {
        "amenity": "hospital",
        "healthcare": "hospital",
        "name": "Labaid Ltd Diagnostic savar branch, Hospital"
      }
    },
    {
      "type": "Feature",
      "geometry": {
        "type": "Point",
        "coordinates": [
          90.2581887,
          23.8413909
        ]
      },
      "properties": {
        "amenity": "hospital",
        "healthcare": "hospital",
        "name": "Savar Sonali Hospital, Hospital"
      }
    },
    {
      "type": "Feature",
      "geometry": {
        "type": "Point",
        "coordinates": [
          90.2577662,
          23.8403272
        ]
      },
      "properties": {
        "amenity": "hospital",
        "healthcare": "hospital",
        "name": "Polash Hospital And Diagnosis, Hospital"
      }
    },
    {
      "type": "Feature",
      "geometry": {
        "type": "Point",
        "coordinates": [
          90.2589263,
          23.836715
        ]
      },
      "properties": {
        "amenity": "hospital",
        "healthcare": "hospital",
        "name": "Ruposi Bangla Hospital, Hospital"
      }
    },
    {
      "type": "Feature",
      "geometry": {
        "type": "Point",
        "coordinates": [
          90.258942,
          23.8363585
        ]
      },
      "properties": {
        "amenity": "hospital",
        "healthcare": "hospital",
        "name": "Sima General Haspatal, Hospital"
      }
    },
    {
      "type": "Feature",
      "geometry": {
        "type": "Point",
        "coordinates": [
          90.32707,
          23.7889073
        ]
      },
      "properties": {
        "amenity": "hospital",
        "healthcare": "hospital",
        "name": "Kanchonpuri Hospital, Hospital"
      }
    },
    {
      "type": "Feature",
      "geometry": {
        "type": "Point",
        "coordinates": [
          90.3273052,
          23.7881134
        ]
      },
      "properties": {
        "amenity": "hospital",
        "healthcare": "hospital",
        "name": "SPBK Hospital And Diagnostic Center, Hospital"
      }
    },
    {
      "type": "Feature",
      "geometry": {
        "type": "Point",
        "coordinates": [
          90.3296026,
          23.7871179
        ]
      },
      "properties": {
        "amenity": "hospital",
        "healthcare": "hospital",
        "name": "Allahar Dan Phermacy, Hospital"
      }
    },
    {
      "type": "Feature",
      "geometry": {
        "type": "Point",
        "coordinates": [
          90.2575557,
          23.8394712
        ]
      },
      "properties": {
        "amenity": "hospital",
        "healthcare": "hospital",
        "name": "Savar Diabetic, Hospital"
      }
    },
    {
      "type": "Feature",
      "geometry": {
        "type": "Point",
        "coordinates": [
          90.2604824,
          23.8555322
        ]
      },
      "properties": {
        "amenity": "hospital",
        "healthcare": "hospital",
        "name": "Life Care Specialized Hospital, Hospital"
      }
    },
    {
      "type": "Feature",
      "geometry": {
        "type": "Point",
        "coordinates": [
          90.2725631,
          23.7926545
        ]
      },
      "properties": {
        "amenity": "hospital",
        "healthcare": "hospital",
        "name": "TB Medicine Savar, Hospital"
      }
    },
    {
      "type": "Feature",
      "geometry": {
        "type": "Point",
        "coordinates": [
          90.268956,
          23.7930926
        ]
      },
      "properties": {
        "amenity": "hospital",
        "healthcare": "hospital",
        "name": "Jamal Clinic Hamayetpur, Hospital"
      }
    },
    {
      "type": "Feature",
      "geometry": {
        "type": "Point",
        "coordinates": [
          90.2746617,
          23.7933792
        ]
      },
      "properties": {
        "amenity": "hospital",
        "healthcare": "hospital",
        "name": "Hemayetpur Eye Hospital, Hospital"
      }
    },
    {
      "type": "Feature",
      "geometry": {
        "type": "Point",
        "coordinates": [
          90.3480626,
          23.7664643
        ]
      },
      "properties": {
        "amenity": "hospital",
        "healthcare": "hospital",
        "name": "Paramount Hospital And Diagnostic Center, Hospital"
      }
    },
    {
      "type": "Feature",
      "geometry": {
        "type": "Point",
        "coordinates": [
          90.360447,
          23.7780669
        ]
      },
      "properties": {
        "amenity": "hospital",
        "healthcare": "hospital",
        "name": "Bangladesh Spine And Orthopaedic Hospital -BSOH, General hospital",
        "wheelchair": "yes"
      }
    },
    {
      "type": "Feature",
      "geometry": {
        "type": "Point",
        "coordinates": [
          90.3602135,
          23.7781845
        ]
      },
      "properties": {
        "amenity": "hospital",
        "healthcare": "hospital",
        "name": "MONONIRAMOY Psychiatric Hospital, Hospital"
      }
    },
    {
      "type": "Feature",
      "geometry": {
        "type": "Point",
        "coordinates": [
          90.3667623,
          23.7722725
        ]
      },
      "properties": {
        "amenity": "hospital",
        "healthcare": "hospital",
        "name": "Islamia Mental Hospital, Hospital"
      }
    },
    {
      "type": "Feature",
      "geometry": {
        "type": "Point",
        "coordinates": [
          90.3662741,
          23.7737593
        ]
      },
      "properties": {
        "amenity": "hospital",
        "healthcare": "hospital",
        "name": "Dhaka Trauma Center And Specialised Orthopedic Hospital, Hospital"
      }
    },
    {
      "type": "Feature",
      "geometry": {
        "type": "Point",
        "coordinates": [
          90.3676276,
          23.7695992
        ]
      },
      "properties": {
        "amenity": "hospital",
        "healthcare": "hospital",
        "name": "Bangladesh Trauma Specialized Hospital, Hospital"
      }
    },
    {
      "type": "Feature",
      "geometry": {
        "type": "Point",
        "coordinates": [
          90.3670524,
          23.7729342
        ]
      },
      "properties": {
        "amenity": "hospital",
        "healthcare": "hospital",
        "name": "Ashiq spelalista Hospital, Hospital"
      }
    },
    {
      "type": "Feature",
      "geometry": {
        "type": "Point",
        "coordinates": [
          90.3686407,
          23.768438
        ]
      },
      "properties": {
        "amenity": "hospital",
        "healthcare": "hospital",
        "name": "Remedy Care Hospital Limited, Hospital"
      }
    },
    {
      "type": "Feature",
      "geometry": {
        "type": "Point",
        "coordinates": [
          91.8739425,
          24.9001442
        ]
      },
      "properties": {
        "amenity": "hospital",
        "emergency": "yes",
        "healthcare": "hospital",
        "name": "Mount Adora Hospital",
        "survey:date": "2025-01-18",
        "wheelchair": "yes"
      }
    },
    {
      "type": "Feature",
      "geometry": {
        "type": "Point",
        "coordinates": [
          90.3592268,
          23.7805645
        ]
      },
      "properties": {
        "amenity": "hospital",
        "healthcare": "hospital",
        "name": "Lalmatia Shishu Hospital, Hospital",
        "wheelchair": "no"
      }
    },
    {
      "type": "Feature",
      "geometry": {
        "type": "Point",
        "coordinates": [
          90.3693256,
          23.7728827
        ]
      },
      "properties": {
        "amenity": "hospital",
        "healthcare": "hospital",
        "name": "Bangladesh Shishu Hospital And Institute"
      }
    },
    {
      "type": "Feature",
      "geometry": {
        "type": "Point",
        "coordinates": [
          90.2319496,
          23.9121362
        ]
      },
      "properties": {
        "amenity": "hospital",
        "healthcare": "hospital",
        "name": "Doctors Diagnostic Centre, Hospital"
      }
    },
    {
      "type": "Feature",
      "geometry": {
        "type": "Point",
        "coordinates": [
          90.3518566,
          23.7840522
        ]
      },
      "properties": {
        "amenity": "hospital",
        "healthcare": "hospital",
        "name": "Bangladesh Institute of Dermatology STD And AIDS, Hospital"
      }
    },
    {
      "type": "Feature",
      "geometry": {
        "type": "Point",
        "coordinates": [
          90.226829,
          23.9132302
        ]
      },
      "properties": {
        "amenity": "hospital",
        "healthcare": "hospital",
        "name": "Seba Medical Centre, Hospital"
      }
    },
    {
      "type": "Feature",
      "geometry": {
        "type": "Point",
        "coordinates": [
          90.2121662,
          23.9101141
        ]
      },
      "properties": {
        "amenity": "hospital",
        "healthcare": "hospital",
        "name": "Momtaz Diabetic Hospital And Diagnostic Centre, Private hospital"
      }
    },
    {
      "type": "Feature",
      "geometry": {
        "type": "Point",
        "coordinates": [
          90.2263607,
          23.9095854
        ]
      },
      "properties": {
        "amenity": "hospital",
        "healthcare": "hospital",
        "name": "Chayanica Hospital And Diagnostic Center Ltd., Hospital"
      }
    },
    {
      "type": "Feature",
      "geometry": {
        "type": "Point",
        "coordinates": [
          90.2198616,
          23.9054603
        ]
      },
      "properties": {
        "amenity": "hospital",
        "healthcare": "hospital",
        "name": "Dhamrai Diabetes Hospital, Hospital"
      }
    },
    {
      "type": "Feature",
      "geometry": {
        "type": "Point",
        "coordinates": [
          90.1262677,
          23.9195443
        ]
      },
      "properties": {
        "amenity": "hospital",
        "healthcare": "hospital",
        "name": "Sreerampur Square Hospital, Private hospital"
      }
    },
    {
      "type": "Feature",
      "geometry": {
        "type": "Point",
        "coordinates": [
          90.0034646,
          23.8711368
        ]
      },
      "properties": {
        "amenity": "hospital",
        "healthcare": "hospital",
        "name": "Pallyshasthya Hospital., Hospital"
      }
    },
    {
      "type": "Feature",
      "geometry": {
        "type": "Point",
        "coordinates": [
          90.0032107,
          23.8713921
        ]
      },
      "properties": {
        "amenity": "hospital",
        "healthcare": "hospital",
        "name": "Path Drug Addiction Information Support and Rehabilitation Centre, Hospital"
      }
    },
    {
      "type": "Feature",
      "geometry": {
        "type": "Point",
        "coordinates": [
          90.0028839,
          23.8721557
        ]
      },
      "properties": {
        "amenity": "hospital",
        "healthcare": "hospital",
        "name": "Pallyshasthya Meditech Hospital, Hospital"
      }
    },
    {
      "type": "Feature",
      "geometry": {
        "type": "Point",
        "coordinates": [
          89.9973428,
          23.8732755
        ]
      },
      "properties": {
        "amenity": "hospital",
        "healthcare": "hospital",
        "name": "National General Hospital, Hospital"
      }
    },
    {
      "type": "Feature",
      "geometry": {
        "type": "Point",
        "coordinates": [
          89.9977565,
          23.8709982
        ]
      },
      "properties": {
        "amenity": "hospital",
        "healthcare": "hospital",
        "name": "Islami Bank Community Hospital, Hospital"
      }
    },
    {
      "type": "Feature",
      "geometry": {
        "type": "Point",
        "coordinates": [
          89.9977086,
          23.8734879
        ]
      },
      "properties": {
        "amenity": "hospital",
        "healthcare": "hospital",
        "name": "Manikganj Life Care Hospital"
      }
    },
    {
      "type": "Feature",
      "geometry": {
        "type": "Point",
        "coordinates": [
          90.0671333,
          23.9110755
        ]
      },
      "properties": {
        "amenity": "hospital",
        "healthcare": "hospital",
        "name": "Barobaria Gonoshasthaya Kendro, Hospital"
      }
    },
    {
      "type": "Feature",
      "geometry": {
        "type": "Point",
        "coordinates": [
          90.03602,
          23.8948394
        ]
      },
      "properties": {
        "amenity": "hospital",
        "healthcare": "hospital",
        "name": "New Step- Prosthetic Arm and Leg Addition Centre, Hospital"
      }
    },
    {
      "type": "Feature",
      "geometry": {
        "type": "Point",
        "coordinates": [
          92.2263826,
          22.1891154
        ]
      },
      "properties": {
        "amenity": "hospital",
        "healthcare": "hospital"
      }
    },
    {
      "type": "Feature",
      "geometry": {
        "type": "Point",
        "coordinates": [
          89.9997919,
          23.8667627
        ]
      },
      "properties": {
        "amenity": "hospital",
        "healthcare": "hospital",
        "name": "Balaka General Hospital, Hospital"
      }
    },
    {
      "type": "Feature",
      "geometry": {
        "type": "Point",
        "coordinates": [
          89.9996513,
          23.8672563
        ]
      },
      "properties": {
        "amenity": "hospital",
        "healthcare": "hospital",
        "name": "Health Care Medical Centre, Hospital"
      }
    },
    {
      "type": "Feature",
      "geometry": {
        "type": "Point",
        "coordinates": [
          90.0005524,
          23.8616004
        ]
      },
      "properties": {
        "amenity": "hospital",
        "healthcare": "hospital",
        "name": "Niramoy Nursing Home and Diagnostic Centre, Hospital"
      }
    },
    {
      "type": "Feature",
      "geometry": {
        "type": "Point",
        "coordinates": [
          89.9996444,
          23.8673367
        ]
      },
      "properties": {
        "amenity": "hospital",
        "healthcare": "hospital",
        "name": "Shapla Medical Center, Hospital"
      }
    },
    {
      "type": "Feature",
      "geometry": {
        "type": "Point",
        "coordinates": [
          90.0015069,
          23.8591419
        ]
      },
      "properties": {
        "amenity": "hospital",
        "healthcare": "hospital",
        "name": "Manikganj Apollo Hospital, Hospital"
      }
    },
    {
      "type": "Feature",
      "geometry": {
        "type": "Point",
        "coordinates": [
          91.2052388,
          23.4556454
        ]
      },
      "properties": {
        "amenity": "hospital",
        "healthcare": "hospital",
        "name": "\u09ae\u09af\u09bc\u09a8\u09be\u09ae\u09a4\u09bf \u09ae\u09c7\u09a1\u09bf\u0995\u09c7\u09b2 \u0995\u09b2\u09c7\u099c \u0993 \u09b9\u09be\u09b8\u09aa\u09be\u09a4\u09be\u09b2",
        "name:en": "Mainamoti Medical College and Hospital"
      }
    },
    {
      "type": "Feature",
      "geometry": {
        "type": "Point",
        "coordinates": [
          89.9988683,
          23.869124
        ]
      },
      "properties": {
        "amenity": "hospital",
        "healthcare": "hospital",
        "name": "Hamdard Treatment And Sales Center, Hospital"
      }
    },
    {
      "type": "Feature",
      "geometry": {
        "type": "Point",
        "coordinates": [
          90.046822,
          23.8168881
        ]
      },
      "properties": {
        "amenity": "hospital",
        "healthcare": "hospital",
        "name": "Mitora General Hospital And Diagnostic Center, Hospital"
      }
    },
    {
      "type": "Feature",
      "geometry": {
        "type": "Point",
        "coordinates": [
          89.998128,
          23.8683684
        ]
      },
      "properties": {
        "amenity": "hospital",
        "healthcare": "hospital",
        "name": "Manikgonj Orthopedic And General Hospital, Hospital"
      }
    },
    {
      "type": "Feature",
      "geometry": {
        "type": "Point",
        "coordinates": [
          90.147915,
          23.8082459
        ]
      },
      "properties": {
        "amenity": "hospital",
        "healthcare": "hospital",
        "name": "Singair Clinic And Diagnostic Centre, Hospital"
      }
    },
    {
      "type": "Feature",
      "geometry": {
        "type": "Point",
        "coordinates": [
          90.2579256,
          23.7920882
        ]
      },
      "properties": {
        "amenity": "hospital",
        "healthcare": "hospital",
        "name": "Hemayetpur General Hospital, Hospital"
      }
    },
    {
      "type": "Feature",
      "geometry": {
        "type": "Point",
        "coordinates": [
          90.0399569,
          23.8266903
        ]
      },
      "properties": {
        "amenity": "hospital",
        "healthcare": "hospital",
        "name": "CARE AND CURE DIAGNOSTIC CENTER, Hospital"
      }
    },
    {
      "type": "Feature",
      "geometry": {
        "type": "Point",
        "coordinates": [
          90.095008,
          23.8151075
        ]
      },
      "properties": {
        "amenity": "hospital",
        "healthcare": "hospital",
        "name": "Tanveer Medical Hall, Hospital"
      }
    },
    {
      "type": "Feature",
      "geometry": {
        "type": "Point",
        "coordinates": [
          90.0960353,
          23.8146782
        ]
      },
      "properties": {
        "amenity": "hospital",
        "healthcare": "hospital",
        "name": "Baimail shasto kendro, Hospital"
      }
    },
    {
      "type": "Feature",
      "geometry": {
        "type": "Point",
        "coordinates": [
          89.8214633,
          23.8461378
        ]
      },
      "properties": {
        "amenity": "hospital",
        "healthcare": "hospital",
        "name": "Shibalaya Upazila Health Complex, Government hospital"
      }
    },
    {
      "type": "Feature",
      "geometry": {
        "type": "Point",
        "coordinates": [
          89.8820114,
          23.8487179
        ]
      },
      "properties": {
        "amenity": "hospital",
        "healthcare": "hospital",
        "name": "Mohadebpour Health Care, Hospital"
      }
    },
    {
      "type": "Feature",
      "geometry": {
        "type": "Point",
        "coordinates": [
          89.821498,
          23.8454711
        ]
      },
      "properties": {
        "amenity": "hospital",
        "healthcare": "hospital",
        "name": "Al-Ehsan Digital Diagnostic Centre, Hospital"
      }
    },
    {
      "type": "Feature",
      "geometry": {
        "type": "Point",
        "coordinates": [
          89.8142956,
          23.7944697
        ]
      },
      "properties": {
        "amenity": "hospital",
        "healthcare": "hospital"
      }
    },
    {
      "type": "Feature",
      "geometry": {
        "type": "Point",
        "coordinates": [
          89.8795736,
          23.8901547
        ]
      },
      "properties": {
        "amenity": "hospital",
        "healthcare": "hospital",
        "name": "Ghior Upazila Parishad Hospital, Hospital"
      }
    },
    {
      "type": "Feature",
      "geometry": {
        "type": "Point",
        "coordinates": [
          89.8770202,
          23.890705
        ]
      },
      "properties": {
        "amenity": "hospital",
        "healthcare": "hospital",
        "name": "Ghior Hospital (50 Beds), Hospital"
      }
    },
    {
      "type": "Feature",
      "geometry": {
        "type": "Point",
        "coordinates": [
          89.8298883,
          23.9691358
        ]
      },
      "properties": {
        "amenity": "hospital",
        "healthcare": "hospital",
        "name": "Animal Hospital, Hospital"
      }
    },
    {
      "type": "Feature",
      "geometry": {
        "type": "Point",
        "coordinates": [
          89.8734034,
          24.0516846
        ]
      },
      "properties": {
        "amenity": "hospital",
        "healthcare": "hospital",
        "name": "Nagarpur Hospital Ground"
      }
    },
    {
      "type": "Feature",
      "geometry": {
        "type": "Point",
        "coordinates": [
          89.899443,
          24.1383886
        ]
      },
      "properties": {
        "amenity": "hospital",
        "healthcare": "hospital",
        "name": "Elasin Union Health and Family Welfare Centre, Hospital"
      }
    },
    {
      "type": "Feature",
      "geometry": {
        "type": "Point",
        "coordinates": [
          89.9041622,
          24.2063005
        ]
      },
      "properties": {
        "amenity": "hospital",
        "healthcare": "hospital",
        "name": "Bakultala Alloa Tarini Community Clinic, Hospital"
      }
    },
    {
      "type": "Feature",
      "geometry": {
        "type": "Point",
        "coordinates": [
          89.91163,
          24.2433406
        ]
      },
      "properties": {
        "amenity": "hospital",
        "healthcare": "hospital",
        "name": "Rokeya Eye Care center, Private hospital"
      }
    },
    {
      "type": "Feature",
      "geometry": {
        "type": "Point",
        "coordinates": [
          89.9135414,
          24.2450874
        ]
      },
      "properties": {
        "amenity": "hospital",
        "healthcare": "hospital",
        "name": "MCWC Tangail, Hospital"
      }
    },
    {
      "type": "Feature",
      "geometry": {
        "type": "Point",
        "coordinates": [
          89.9137097,
          24.2484445
        ]
      },
      "properties": {
        "amenity": "hospital",
        "healthcare": "hospital",
        "name": "Ayesha Khanam Memorial Hospital, Hospital"
      }
    },
    {
      "type": "Feature",
      "geometry": {
        "type": "Point",
        "coordinates": [
          89.9133563,
          24.2454304
        ]
      },
      "properties": {
        "amenity": "hospital",
        "healthcare": "hospital",
        "name": "Metarnity Hospital, Hospital"
      }
    },
    {
      "type": "Feature",
      "geometry": {
        "type": "Point",
        "coordinates": [
          89.913337,
          24.2444668
        ]
      },
      "properties": {
        "amenity": "hospital",
        "healthcare": "hospital",
        "name": "DR.PRANOB KARMAKER, MD (Cardiology), Medical Center"
      }
    },
    {
      "type": "Feature",
      "geometry": {
        "type": "Point",
        "coordinates": [
          89.9138722,
          24.249639
        ]
      },
      "properties": {
        "amenity": "hospital",
        "healthcare": "hospital",
        "name": "Capital Hospital, Hospital"
      }
    },
    {
      "type": "Feature",
      "geometry": {
        "type": "Point",
        "coordinates": [
          89.9095122,
          24.243086
        ]
      },
      "properties": {
        "amenity": "hospital",
        "healthcare": "hospital",
        "name": "Chittagong Unani Medical Center, Hospital"
      }
    },
    {
      "type": "Feature",
      "geometry": {
        "type": "Point",
        "coordinates": [
          89.913203,
          24.2471868
        ]
      },
      "properties": {
        "amenity": "hospital",
        "healthcare": "hospital",
        "name": "Niramoy clinic, Hospital"
      }
    },
    {
      "type": "Feature",
      "geometry": {
        "type": "Point",
        "coordinates": [
          89.9130093,
          24.2442573
        ]
      },
      "properties": {
        "amenity": "hospital",
        "healthcare": "hospital",
        "name": "Joy clinic And Hospital, Hospital"
      }
    },
    {
      "type": "Feature",
      "geometry": {
        "type": "Point",
        "coordinates": [
          89.9212922,
          24.3866508
        ]
      },
      "properties": {
        "amenity": "hospital",
        "healthcare": "hospital",
        "name": "Anwara Hashem Hospital, Hospital"
      }
    },
    {
      "type": "Feature",
      "geometry": {
        "type": "Point",
        "coordinates": [
          89.8602197,
          24.3747764
        ]
      },
      "properties": {
        "amenity": "hospital",
        "healthcare": "hospital",
        "name": "Old Hospital, Hospital"
      }
    },
    {
      "type": "Feature",
      "geometry": {
        "type": "Point",
        "coordinates": [
          89.8738195,
          24.4603882
        ]
      },
      "properties": {
        "amenity": "hospital",
        "healthcare": "hospital",
        "name": "Mirza Clinic, Hospital"
      }
    },
    {
      "type": "Feature",
      "geometry": {
        "type": "Point",
        "coordinates": [
          89.9116373,
          24.4065424
        ]
      },
      "properties": {
        "amenity": "hospital",
        "healthcare": "hospital",
        "name": "Health Narinda, Hospital"
      }
    },
    {
      "type": "Feature",
      "geometry": {
        "type": "Point",
        "coordinates": [
          89.8966836,
          24.421673
        ]
      },
      "properties": {
        "amenity": "hospital",
        "healthcare": "hospital",
        "name": "Singuriya Community Clinic, Hospital"
      }
    },
    {
      "type": "Feature",
      "geometry": {
        "type": "Point",
        "coordinates": [
          89.8754466,
          24.4587781
        ]
      },
      "properties": {
        "amenity": "hospital",
        "healthcare": "hospital",
        "name": "City Heart Hospital, Hospital"
      }
    },
    {
      "type": "Feature",
      "geometry": {
        "type": "Point",
        "coordinates": [
          89.8191456,
          24.395784
        ]
      },
      "properties": {
        "amenity": "hospital",
        "healthcare": "hospital",
        "name": "Ma o Shishu General Hospital and Diabetes Center, Hospital"
      }
    },
    {
      "type": "Feature",
      "geometry": {
        "type": "Point",
        "coordinates": [
          89.8731516,
          24.4585708
        ]
      },
      "properties": {
        "amenity": "hospital",
        "healthcare": "hospital",
        "name": "Animal Hospital Bhuapur, Animal hospital"
      }
    },
    {
      "type": "Feature",
      "geometry": {
        "type": "Point",
        "coordinates": [
          89.9565217,
          24.666996
        ]
      },
      "properties": {
        "amenity": "hospital",
        "healthcare": "hospital",
        "name": "upazila Laefsok offes, Hospital"
      }
    },
    {
      "type": "Feature",
      "geometry": {
        "type": "Point",
        "coordinates": [
          89.9532516,
          24.6743639
        ]
      },
      "properties": {
        "amenity": "hospital",
        "healthcare": "hospital",
        "name": "Sheba Hospital, Hospital"
      }
    },
    {
      "type": "Feature",
      "geometry": {
        "type": "Point",
        "coordinates": [
          89.953442,
          24.6889905
        ]
      },
      "properties": {
        "amenity": "hospital",
        "healthcare": "hospital",
        "name": "Dhanbari Central Hospital, Hospital"
      }
    },
    {
      "type": "Feature",
      "geometry": {
        "type": "Point",
        "coordinates": [
          90.027189,
          24.607788
        ]
      },
      "properties": {
        "amenity": "hospital",
        "healthcare": "hospital",
        "name": "Medilab Hospital, Hospital"
      }
    },
    {
      "type": "Feature",
      "geometry": {
        "type": "Point",
        "coordinates": [
          90.0254623,
          24.6084935
        ]
      },
      "properties": {
        "amenity": "hospital",
        "healthcare": "hospital",
        "name": "Emergency - Upazila Health Complex"
      }
    },
    {
      "type": "Feature",
      "geometry": {
        "type": "Point",
        "coordinates": [
          90.0226624,
          24.6089478
        ]
      },
      "properties": {
        "amenity": "hospital",
        "healthcare": "hospital",
        "name": "Doctors Medical Center And Hospital, Hospital"
      }
    },
    {
      "type": "Feature",
      "geometry": {
        "type": "Point",
        "coordinates": [
          89.9596307,
          24.6676063
        ]
      },
      "properties": {
        "amenity": "hospital",
        "healthcare": "hospital",
        "name": "Chhand Drug Addiction Counseling and Treatment Centre, Hospital department"
      }
    },
    {
      "type": "Feature",
      "geometry": {
        "type": "Point",
        "coordinates": [
          89.9542716,
          24.6897979
        ]
      },
      "properties": {
        "amenity": "hospital",
        "healthcare": "hospital",
        "name": "Upazila Health Complex, Government hospital"
      }
    },
    {
      "type": "Feature",
      "geometry": {
        "type": "Point",
        "coordinates": [
          89.9532214,
          24.6751271
        ]
      },
      "properties": {
        "amenity": "hospital",
        "healthcare": "hospital",
        "name": "Ma O Sishu Hospital, Hospital"
      }
    },
    {
      "type": "Feature",
      "geometry": {
        "type": "Point",
        "coordinates": [
          89.9524466,
          24.6784923
        ]
      },
      "properties": {
        "amenity": "hospital",
        "healthcare": "hospital",
        "name": "Care Hospital, Hospital"
      }
    },
    {
      "type": "Feature",
      "geometry": {
        "type": "Point",
        "coordinates": [
          89.9265827,
          24.7670343
        ]
      },
      "properties": {
        "amenity": "hospital",
        "healthcare": "hospital",
        "name": "Dubai Hospital BD, Hospital"
      }
    },
    {
      "type": "Feature",
      "geometry": {
        "type": "Point",
        "coordinates": [
          89.9292787,
          24.7645438
        ]
      },
      "properties": {
        "amenity": "hospital",
        "healthcare": "hospital",
        "name": "DIGPAIT RD,JAMALPUR SADAR,JAMALPUR, Hospital"
      }
    },
    {
      "type": "Feature",
      "geometry": {
        "type": "Point",
        "coordinates": [
          89.9262063,
          24.7666674
        ]
      },
      "properties": {
        "amenity": "hospital",
        "healthcare": "hospital",
        "name": "Digpait Upo-Shahor, Hospital"
      }
    },
    {
      "type": "Feature",
      "geometry": {
        "type": "Point",
        "coordinates": [
          89.9250663,
          24.7650471
        ]
      },
      "properties": {
        "amenity": "hospital",
        "healthcare": "hospital",
        "name": "Digpait Sub-Health Centre, Hospital"
      }
    },
    {
      "type": "Feature",
      "geometry": {
        "type": "Point",
        "coordinates": [
          89.9499711,
          24.9058473
        ]
      },
      "properties": {
        "amenity": "hospital",
        "healthcare": "hospital",
        "name": "The South View Hospital, Hospital"
      }
    },
    {
      "type": "Feature",
      "geometry": {
        "type": "Point",
        "coordinates": [
          89.949957,
          24.9065125
        ]
      },
      "properties": {
        "amenity": "hospital",
        "healthcare": "hospital",
        "name": "Doctors General Hospital, Hospital"
      }
    },
    {
      "type": "Feature",
      "geometry": {
        "type": "Point",
        "coordinates": [
          89.945816,
          24.9271756
        ]
      },
      "properties": {
        "amenity": "hospital",
        "healthcare": "hospital",
        "name": "Matri Sodon Hospital, Hospital"
      }
    },
    {
      "type": "Feature",
      "geometry": {
        "type": "Point",
        "coordinates": [
          89.948197,
          24.9264092
        ]
      },
      "properties": {
        "amenity": "hospital",
        "healthcare": "hospital",
        "name": "Punom Nursing Home, Hospital"
      }
    },
    {
      "type": "Feature",
      "geometry": {
        "type": "Point",
        "coordinates": [
          89.9467536,
          24.9270485
        ]
      },
      "properties": {
        "amenity": "hospital",
        "healthcare": "hospital",
        "name": "Matrikalyan Hospital, Hospital"
      }
    },
    {
      "type": "Feature",
      "geometry": {
        "type": "Point",
        "coordinates": [
          89.9399454,
          24.9357208
        ]
      },
      "properties": {
        "amenity": "hospital",
        "healthcare": "hospital",
        "name": "Upashom General Hospital, Hospital"
      }
    },
    {
      "type": "Feature",
      "geometry": {
        "type": "Point",
        "coordinates": [
          89.942197,
          24.9332296
        ]
      },
      "properties": {
        "amenity": "hospital",
        "healthcare": "hospital",
        "name": "Jamalpur Central Hospital Ltd., General hospital"
      }
    },
    {
      "type": "Feature",
      "geometry": {
        "type": "Point",
        "coordinates": [
          89.9405657,
          24.9341599
        ]
      },
      "properties": {
        "amenity": "hospital",
        "healthcare": "hospital",
        "name": "Niramoy Hospital, Hospital"
      }
    },
    {
      "type": "Feature",
      "geometry": {
        "type": "Point",
        "coordinates": [
          89.9409043,
          24.9336696
        ]
      },
      "properties": {
        "amenity": "hospital",
        "healthcare": "hospital",
        "name": "Jamalpur Apollo Hospital, Hospital"
      }
    },
    {
      "type": "Feature",
      "geometry": {
        "type": "Point",
        "coordinates": [
          89.9526937,
          24.9135265
        ]
      },
      "properties": {
        "amenity": "hospital",
        "healthcare": "hospital",
        "name": "Janata General Hospital"
      }
    },
    {
      "type": "Feature",
      "geometry": {
        "type": "Point",
        "coordinates": [
          89.9482563,
          24.9271181
        ]
      },
      "properties": {
        "amenity": "hospital",
        "healthcare": "hospital",
        "name": "Europa Diagnostic Centre and Hospital"
      }
    },
    {
      "type": "Feature",
      "geometry": {
        "type": "Point",
        "coordinates": [
          89.9478251,
          24.9275558
        ]
      },
      "properties": {
        "amenity": "hospital",
        "healthcare": "hospital",
        "name": "New City Hospital, Hospital"
      }
    },
    {
      "type": "Feature",
      "geometry": {
        "type": "Point",
        "coordinates": [
          89.9480598,
          24.9271978
        ]
      },
      "properties": {
        "amenity": "hospital",
        "healthcare": "hospital",
        "name": "Upazila Livestock Department and Veterinary Hospital, Hospital"
      }
    },
    {
      "type": "Feature",
      "geometry": {
        "type": "Point",
        "coordinates": [
          89.950689,
          24.9227388
        ]
      },
      "properties": {
        "amenity": "hospital",
        "healthcare": "hospital",
        "name": "Nokib Uddin Hospital"
      }
    },
    {
      "type": "Feature",
      "geometry": {
        "type": "Point",
        "coordinates": [
          89.2128427,
          23.1634791
        ]
      },
      "properties": {
        "amenity": "hospital",
        "healthcare": "hospital",
        "name": "Ad-din Sakina Medical College and Hospital \u0986\u09a6-\u09a6\u09cd\u09ac\u09c0\u09a8 \u09b8\u0996\u09bf\u09a8\u09be \u09ae\u09c7\u09a1\u09bf\u0995\u09c7\u09b2 \u0995\u09b2\u09c7\u099c \u0993 \u09b9\u09be\u09b8\u09aa\u09be\u09a4\u09be\u09b2"
      }
    },
    {
      "type": "Feature",
      "geometry": {
        "type": "Point",
        "coordinates": [
          88.6249601,
          24.3608343
        ]
      },
      "properties": {
        "amenity": "clinic",
        "healthcare": "clinic",
        "name": "Padma Nursing"
      }
    },
    {
      "type": "Feature",
      "geometry": {
        "type": "Point",
        "coordinates": [
          90.0009975,
          24.9914705
        ]
      },
      "properties": {
        "amenity": "hospital",
        "healthcare": "hospital",
        "name": "Kusumhati, Sherpur Sadar, Hospital"
      }
    },
    {
      "type": "Feature",
      "geometry": {
        "type": "Point",
        "coordinates": [
          90.0144816,
          25.0277882
        ]
      },
      "properties": {
        "amenity": "hospital",
        "healthcare": "hospital",
        "name": "Uttara Specialized Hospital, Hospital"
      }
    },
    {
      "type": "Feature",
      "geometry": {
        "type": "Point",
        "coordinates": [
          90.0146166,
          25.0268917
        ]
      },
      "properties": {
        "amenity": "hospital",
        "healthcare": "hospital",
        "name": "Sherpur Doctors Hospital, Hospital"
      }
    },
    {
      "type": "Feature",
      "geometry": {
        "type": "Point",
        "coordinates": [
          90.0134567,
          25.0185451
        ]
      },
      "properties": {
        "amenity": "hospital",
        "healthcare": "hospital",
        "name": "Popular pathological laboratoryHospital"
      }
    },
    {
      "type": "Feature",
      "geometry": {
        "type": "Point",
        "coordinates": [
          90.0157594,
          25.0219632
        ]
      },
      "properties": {
        "amenity": "hospital",
        "healthcare": "hospital",
        "name": "Zaman Modern Hospital, Hospital"
      }
    },
    {
      "type": "Feature",
      "geometry": {
        "type": "Point",
        "coordinates": [
          90.0131406,
          25.0189248
        ]
      },
      "properties": {
        "amenity": "hospital",
        "healthcare": "hospital",
        "name": "Firuza Mortuz Hospital And Diagnostic Center, Hospital"
      }
    },
    {
      "type": "Feature",
      "geometry": {
        "type": "Point",
        "coordinates": [
          90.0156549,
          25.015749
        ]
      },
      "properties": {
        "amenity": "hospital",
        "healthcare": "hospital",
        "name": "Uttara General Hospital, Hospital"
      }
    },
    {
      "type": "Feature",
      "geometry": {
        "type": "Point",
        "coordinates": [
          90.013995,
          25.0191378
        ]
      },
      "properties": {
        "amenity": "hospital",
        "healthcare": "hospital",
        "name": "Bangladesh Phermacy, Hospital"
      }
    },
    {
      "type": "Feature",
      "geometry": {
        "type": "Point",
        "coordinates": [
          90.0145059,
          25.0232645
        ]
      },
      "properties": {
        "amenity": "hospital",
        "healthcare": "hospital",
        "name": "Sherpur ibnasina general pvt hospital, Hospital department"
      }
    },
    {
      "type": "Feature",
      "geometry": {
        "type": "Point",
        "coordinates": [
          90.029078,
          25.0635795
        ]
      },
      "properties": {
        "amenity": "hospital",
        "healthcare": "hospital",
        "name": "Alhaj Abdul Sattar Homeopathic Medical College and Hospital"
      }
    },
    {
      "type": "Feature",
      "geometry": {
        "type": "Point",
        "coordinates": [
          90.0165747,
          25.0326863
        ]
      },
      "properties": {
        "amenity": "hospital",
        "healthcare": "hospital",
        "name": "Sherpur Diagnostic Centre, Hospital"
      }
    },
    {
      "type": "Feature",
      "geometry": {
        "type": "Point",
        "coordinates": [
          90.0807413,
          25.1163026
        ]
      },
      "properties": {
        "amenity": "hospital",
        "healthcare": "hospital",
        "name": "Union Health Complex, Hospital"
      }
    },
    {
      "type": "Feature",
      "geometry": {
        "type": "Point",
        "coordinates": [
          90.188281,
          25.0931291
        ]
      },
      "properties": {
        "amenity": "hospital",
        "healthcare": "hospital",
        "name": "Mithun Medicare Centre, Hospital"
      }
    },
    {
      "type": "Feature",
      "geometry": {
        "type": "Point",
        "coordinates": [
          90.1892466,
          25.0931887
        ]
      },
      "properties": {
        "amenity": "hospital",
        "healthcare": "hospital",
        "name": "Nalitabari Upozila Health Complex, Government hospital"
      }
    },
    {
      "type": "Feature",
      "geometry": {
        "type": "Point",
        "coordinates": [
          90.1950058,
          25.0915026
        ]
      },
      "properties": {
        "amenity": "hospital",
        "healthcare": "hospital",
        "name": "Eye Hospital, Hospital"
      }
    },
    {
      "type": "Feature",
      "geometry": {
        "type": "Point",
        "coordinates": [
          90.3177199,
          25.1138436
        ]
      },
      "properties": {
        "amenity": "clinic",
        "healthcare": "clinic",
        "name": "Ms. Islam Medicine Corner, Parapharmacy"
      }
    },
    {
      "type": "Feature",
      "geometry": {
        "type": "Point",
        "coordinates": [
          90.1903673,
          25.0916643
        ]
      },
      "properties": {
        "amenity": "hospital",
        "healthcare": "hospital",
        "name": "Garden - Nalitabari Animal Hospital"
      }
    },
    {
      "type": "Feature",
      "geometry": {
        "type": "Point",
        "coordinates": [
          90.016618,
          25.0133285
        ]
      },
      "properties": {
        "amenity": "hospital",
        "healthcare": "hospital",
        "name": "Sherpur Diabetic Hospital, Hospital"
      }
    },
    {
      "type": "Feature",
      "geometry": {
        "type": "Point",
        "coordinates": [
          90.0331633,
          24.9920815
        ]
      },
      "properties": {
        "amenity": "hospital",
        "healthcare": "hospital",
        "name": "Genome Medical College and Hospital Ltd., Hospital"
      }
    },
    {
      "type": "Feature",
      "geometry": {
        "type": "Point",
        "coordinates": [
          90.0216287,
          25.0071146
        ]
      },
      "properties": {
        "amenity": "hospital",
        "healthcare": "hospital",
        "name": "Haji Guest House, Hospital"
      }
    },
    {
      "type": "Feature",
      "geometry": {
        "type": "Point",
        "coordinates": [
          90.17939,
          24.9700049
        ]
      },
      "properties": {
        "amenity": "hospital",
        "healthcare": "hospital",
        "name": "Upazilla Veterinary Hospital, Veterans hospital"
      }
    },
    {
      "type": "Feature",
      "geometry": {
        "type": "Point",
        "coordinates": [
          90.1787643,
          24.9706071
        ]
      },
      "properties": {
        "amenity": "clinic",
        "healthcare": "clinic",
        "name": "Afaz Uddin Medical Hall, Medical Center"
      }
    },
    {
      "type": "Feature",
      "geometry": {
        "type": "Point",
        "coordinates": [
          90.3516474,
          24.9525861
        ]
      },
      "properties": {
        "amenity": "hospital",
        "healthcare": "hospital",
        "name": "Veterinary Hospital, Hospital"
      }
    },
    {
      "type": "Feature",
      "geometry": {
        "type": "Point",
        "coordinates": [
          90.274884,
          24.9602821
        ]
      },
      "properties": {
        "amenity": "hospital",
        "healthcare": "hospital",
        "name": "Hossainpur Community Clinic, Hospital"
      }
    },
    {
      "type": "Feature",
      "geometry": {
        "type": "Point",
        "coordinates": [
          90.1897446,
          25.0856684
        ]
      },
      "properties": {
        "amenity": "hospital",
        "healthcare": "hospital",
        "name": "Nalitabari Diabetic Hospital, Hospital"
      }
    },
    {
      "type": "Feature",
      "geometry": {
        "type": "Point",
        "coordinates": [
          90.1781986,
          25.0604908
        ]
      },
      "properties": {
        "amenity": "hospital",
        "healthcare": "hospital",
        "name": "Yogania Union Health and Family Welfare Center, Yogania Hospital"
      }
    },
    {
      "type": "Feature",
      "geometry": {
        "type": "Point",
        "coordinates": [
          90.189195,
          25.0827658
        ]
      },
      "properties": {
        "amenity": "hospital",
        "healthcare": "hospital",
        "name": "Surjer Hashi Clinic, Hospital"
      }
    },
    {
      "type": "Feature",
      "geometry": {
        "type": "Point",
        "coordinates": [
          90.0504752,
          25.1205203
        ]
      },
      "properties": {
        "amenity": "hospital",
        "healthcare": "hospital",
        "name": "AK Medicine Centre, Hospital"
      }
    },
    {
      "type": "Feature",
      "geometry": {
        "type": "Point",
        "coordinates": [
          90.1966266,
          25.1947343
        ]
      },
      "properties": {
        "amenity": "hospital",
        "healthcare": "hospital",
        "name": "Islamic Mission Hospital, Hospital"
      }
    },
    {
      "type": "Feature",
      "geometry": {
        "type": "Point",
        "coordinates": [
          90.3821496,
          23.808181
        ]
      },
      "properties": {
        "addr:housenumber": "6/1",
        "addr:postcode": "1216",
        "amenity": "hospital",
        "contact:facebook": "OGSBHospital",
        "email": "ogsbhospital@yahoo.com",
        "name": "OGSB HOSPITAL \u0993\u099c\u09bf\u098f\u09b8\u09ac\u09bf \u09b9\u09be\u09b8\u09aa\u09be\u09a4\u09be\u09b2",
        "opening_hours": "24/7",
        "phone": "01762044348",
        "website": "https://ogsbh-irch.ac.bd"
      }
    },
    {
      "type": "Feature",
      "geometry": {
        "type": "Point",
        "coordinates": [
          90.025062,
          25.0183574
        ]
      },
      "properties": {
        "amenity": "hospital",
        "healthcare": "hospital",
        "name": "250-bed District Headquarters Hospital, Government hospital"
      }
    },
    {
      "type": "Feature",
      "geometry": {
        "type": "Point",
        "coordinates": [
          90.0281222,
          25.0186218
        ]
      },
      "properties": {
        "amenity": "hospital",
        "healthcare": "hospital",
        "name": "Hazi Nimayullah Hospital, Hospital"
      }
    },
    {
      "type": "Feature",
      "geometry": {
        "type": "Point",
        "coordinates": [
          90.0265797,
          25.0171542
        ]
      },
      "properties": {
        "amenity": "hospital",
        "healthcare": "hospital",
        "name": "Al-Baraka Hospital, Hospital"
      }
    },
    {
      "type": "Feature",
      "geometry": {
        "type": "Point",
        "coordinates": [
          90.0222823,
          25.0187208
        ]
      },
      "properties": {
        "amenity": "hospital",
        "healthcare": "hospital",
        "name": "Akota Specialized Pvt., Hospital"
      }
    },
    {
      "type": "Feature",
      "geometry": {
        "type": "Point",
        "coordinates": [
          90.0184604,
          25.0195264
        ]
      },
      "properties": {
        "amenity": "hospital",
        "healthcare": "hospital",
        "name": "Nirapad General Hospital and Diagnostic Center, Hospital"
      }
    },
    {
      "type": "Feature",
      "geometry": {
        "type": "Point",
        "coordinates": [
          90.021632,
          25.0190074
        ]
      },
      "properties": {
        "amenity": "hospital",
        "healthcare": "hospital",
        "name": "Sherpur Ever Care Hospital, Hospital"
      }
    },
    {
      "type": "Feature",
      "geometry": {
        "type": "Point",
        "coordinates": [
          89.3959635,
          23.028633
        ]
      },
      "properties": {
        "amenity": "hospital",
        "emergency": "yes",
        "healthcare": "hospital",
        "healthcare:speciality": "general;surgery;gynaecology",
        "name": "Doctors' Clinic",
        "name:bn": "\u09a1\u0995\u09cd\u099f\u09b0\u09b8 \u0995\u09cd\u09b2\u09bf\u09a8\u09bf\u0995",
        "name:en": "Doctors' Clinic",
        "operator": "Dr. Abdul Gaffar",
        "operator:type": "private"
      }
    },
    {
      "type": "Feature",
      "geometry": {
        "type": "Point",
        "coordinates": [
          90.0888184,
          25.050027
        ]
      },
      "properties": {
        "amenity": "hospital",
        "healthcare": "hospital",
        "name": "Government Hospital, Hospital"
      }
    },
    {
      "type": "Feature",
      "geometry": {
        "type": "Point",
        "coordinates": [
          90.0223092,
          25.0192025
        ]
      },
      "properties": {
        "amenity": "hospital",
        "healthcare": "hospital",
        "name": "Ekota And Bondhon General Pvt Hospital, Hospital"
      }
    },
    {
      "type": "Feature",
      "geometry": {
        "type": "Point",
        "coordinates": [
          90.022746,
          25.0191492
        ]
      },
      "properties": {
        "amenity": "hospital",
        "healthcare": "hospital",
        "name": "Amzad diagnostic center, Hospital"
      }
    },
    {
      "type": "Feature",
      "geometry": {
        "type": "Point",
        "coordinates": [
          90.0279849,
          25.0187667
        ]
      },
      "properties": {
        "amenity": "hospital",
        "healthcare": "hospital",
        "name": "Darus Shifa Islamia General Hospital, Hospital"
      }
    },
    {
      "type": "Feature",
      "geometry": {
        "type": "Point",
        "coordinates": [
          90.368771,
          23.8248106
        ]
      },
      "properties": {
        "addr:housenumber": "12-c, 21-1/1",
        "addr:postcode": "1216",
        "addr:street": "Adhunik Hospital Road",
        "amenity": "hospital",
        "name": "Zara health care hospital diagnostic center \u099c\u09be\u09b0\u09be \u09b9\u09c7\u09b2\u09a5 \u0995\u09c7\u09df\u09be\u09b0 \u09b9\u09be\u09b8\u09aa\u09be\u09a4\u09be\u09b2 \u0993 \u09a1\u09be\u09df\u09be\u0997\u09a8\u09b8\u09cd\u099f\u09bf\u0995 \u09b8\u09c7\u09a8\u09cd\u099f\u09be\u09b0",
        "opening_hours": "24/7",
        "phone": "01992752780"
      }
    },
    {
      "type": "Feature",
      "geometry": {
        "type": "Point",
        "coordinates": [
          89.325152,
          24.3540554
        ]
      },
      "properties": {
        "amenity": "hospital",
        "healthcare": "hospital",
        "name": "Charhamkuria General Hospital, Hospital"
      }
    },
    {
      "type": "Feature",
      "geometry": {
        "type": "Point",
        "coordinates": [
          90.017925,
          25.02194
        ]
      },
      "properties": {
        "amenity": "hospital",
        "healthcare": "hospital",
        "name": "MCWC Sherpur, Hospital"
      }
    },
    {
      "type": "Feature",
      "geometry": {
        "type": "Point",
        "coordinates": [
          90.0178343,
          25.0218481
        ]
      },
      "properties": {
        "amenity": "hospital",
        "healthcare": "hospital",
        "name": "Civil Surgeon Office, Hospital"
      }
    },
    {
      "type": "Feature",
      "geometry": {
        "type": "Point",
        "coordinates": [
          90.0176887,
          25.0216667
        ]
      },
      "properties": {
        "amenity": "hospital",
        "healthcare": "hospital",
        "name": "Matrisadan Hospital, Hospital"
      }
    },
    {
      "type": "Feature",
      "geometry": {
        "type": "Point",
        "coordinates": [
          89.5403412,
          24.4162475
        ]
      },
      "properties": {
        "amenity": "hospital",
        "healthcare": "hospital",
        "name": "Arif Morium Hospital, Hospital"
      }
    },
    {
      "type": "Feature",
      "geometry": {
        "type": "Point",
        "coordinates": [
          89.5628796,
          24.4208039
        ]
      },
      "properties": {
        "amenity": "hospital",
        "healthcare": "hospital",
        "name": "Sakhawat Memorial Hospital, Hospital"
      }
    },
    {
      "type": "Feature",
      "geometry": {
        "type": "Point",
        "coordinates": [
          89.5521943,
          24.4195938
        ]
      },
      "properties": {
        "amenity": "hospital",
        "healthcare": "hospital",
        "name": "Bangladesh General Hospital, Hospital"
      }
    },
    {
      "type": "Feature",
      "geometry": {
        "type": "Point",
        "coordinates": [
          89.550252,
          24.4183245
        ]
      },
      "properties": {
        "amenity": "hospital",
        "healthcare": "hospital",
        "name": "Health Care Hospital, Hospital"
      }
    },
    {
      "type": "Feature",
      "geometry": {
        "type": "Point",
        "coordinates": [
          89.6754427,
          24.4029901
        ]
      },
      "properties": {
        "amenity": "hospital",
        "healthcare": "hospital",
        "name": "Jhawoil Union Porishod Hospital, Hospital"
      }
    },
    {
      "type": "Feature",
      "geometry": {
        "type": "Point",
        "coordinates": [
          89.6930204,
          24.3952127
        ]
      },
      "properties": {
        "amenity": "hospital",
        "healthcare": "hospital",
        "name": "Esquire Hospital, Hospital"
      }
    },
    {
      "type": "Feature",
      "geometry": {
        "type": "Point",
        "coordinates": [
          89.5362695,
          24.6662984
        ]
      },
      "properties": {
        "addr:city": "Dhunat, Bogura",
        "addr:postcode": "5850",
        "addr:street": "Belkuchi Rd",
        "amenity": "hospital",
        "healthcare": "hospital",
        "healthcare:speciality": "community;emergency",
        "name": "Belkuchi Community Hospital",
        "name:bn": "\u09ac\u09c7\u09b2\u0995\u09c1\u099a\u09bf \u0995\u09ae\u09bf\u09a8\u09bf\u0989\u099f\u09bf \u09b9\u09be\u09b8\u09aa\u09be\u09a4\u09be\u09b2",
        "operator": "Ministry of Health and Family Welfare (MOHFW)",
        "operator:type": "government"
      }
    },
    {
      "type": "Feature",
      "geometry": {
        "type": "Point",
        "coordinates": [
          89.549044,
          24.4292893
        ]
      },
      "properties": {
        "amenity": "hospital",
        "healthcare": "hospital",
        "name": "Germany Homio Center, Hospital"
      }
    },
    {
      "type": "Feature",
      "geometry": {
        "type": "Point",
        "coordinates": [
          89.547151,
          24.4299355
        ]
      },
      "properties": {
        "amenity": "hospital",
        "healthcare": "hospital",
        "name": "Maa general hospital, Hospital"
      }
    },
    {
      "type": "Feature",
      "geometry": {
        "type": "Point",
        "coordinates": [
          89.5041043,
          24.5555095
        ]
      },
      "properties": {
        "amenity": "hospital",
        "healthcare": "hospital",
        "name": "Comfort Diagnostic And Consultation Center, Hospital"
      }
    },
    {
      "type": "Feature",
      "geometry": {
        "type": "Point",
        "coordinates": [
          89.4344346,
          24.6360543
        ]
      },
      "properties": {
        "amenity": "hospital",
        "healthcare": "hospital",
        "name": "Mirzapur uhAndfwc, Hospital"
      }
    },
    {
      "type": "Feature",
      "geometry": {
        "type": "Point",
        "coordinates": [
          89.4236823,
          24.6567088
        ]
      },
      "properties": {
        "amenity": "hospital",
        "healthcare": "hospital",
        "name": "Pulse General Hospital, Private hospital"
      }
    },
    {
      "type": "Feature",
      "geometry": {
        "type": "Point",
        "coordinates": [
          89.4185167,
          24.6654888
        ]
      },
      "properties": {
        "amenity": "hospital",
        "healthcare": "hospital"
      }
    },
    {
      "type": "Feature",
      "geometry": {
        "type": "Point",
        "coordinates": [
          89.4166166,
          24.6661473
        ]
      },
      "properties": {
        "amenity": "hospital",
        "healthcare": "hospital",
        "name": "Life Line General Hospital, Hospital"
      }
    },
    {
      "type": "Feature",
      "geometry": {
        "type": "Point",
        "coordinates": [
          89.4164169,
          24.6654681
        ]
      },
      "properties": {
        "amenity": "hospital",
        "healthcare": "hospital",
        "name": "Sejoan diagonostic clinic, Hospital"
      }
    },
    {
      "type": "Feature",
      "geometry": {
        "type": "Point",
        "coordinates": [
          89.4171263,
          24.6658828
        ]
      },
      "properties": {
        "amenity": "hospital",
        "healthcare": "hospital",
        "name": "Sherpur Model Clinic, Hospital"
      }
    },
    {
      "type": "Feature",
      "geometry": {
        "type": "Point",
        "coordinates": [
          89.4156776,
          24.6657813
        ]
      },
      "properties": {
        "amenity": "hospital",
        "healthcare": "hospital",
        "name": "Sherpur Government Hospital, Hospital"
      }
    },
    {
      "type": "Feature",
      "geometry": {
        "type": "Point",
        "coordinates": [
          90.371005,
          23.7462349
        ]
      },
      "properties": {
        "addr:housenumber": "47",
        "addr:postcode": "1205",
        "addr:street": "\u09b8\u09be\u09a4\u09ae\u09b8\u099c\u09bf\u09a6 \u09b0\u09cb\u09a1",
        "amenity": "hospital",
        "name": "Ibn Sina Cancer Diagnostic Center",
        "opening_hours": "Mo-Su 07:00-23:30",
        "phone": "01313-095910",
        "website": "https://ibnsinatrust.com/"
      }
    },
    {
      "type": "Feature",
      "geometry": {
        "type": "Point",
        "coordinates": [
          89.410671,
          24.6792568
        ]
      },
      "properties": {
        "amenity": "hospital",
        "healthcare": "hospital",
        "name": "ARHC Hospital, Hospital"
      }
    },
    {
      "type": "Feature",
      "geometry": {
        "type": "Point",
        "coordinates": [
          89.4091726,
          24.6812418
        ]
      },
      "properties": {
        "amenity": "hospital",
        "healthcare": "hospital",
        "name": "ABC Eye Hospital, Hospital"
      }
    },
    {
      "type": "Feature",
      "geometry": {
        "type": "Point",
        "coordinates": [
          89.4195476,
          24.670434
        ]
      },
      "properties": {
        "amenity": "hospital",
        "healthcare": "hospital",
        "name": "Burmon Health Care, Hospital"
      }
    },
    {
      "type": "Feature",
      "geometry": {
        "type": "Point",
        "coordinates": [
          89.4192646,
          24.6653798
        ]
      },
      "properties": {
        "amenity": "hospital",
        "healthcare": "hospital",
        "name": "Mahbub Clinic And Diagnostic, Hospital"
      }
    },
    {
      "type": "Feature",
      "geometry": {
        "type": "Point",
        "coordinates": [
          89.4201214,
          24.6638399
        ]
      },
      "properties": {
        "amenity": "hospital",
        "healthcare": "hospital",
        "name": "National Clinic and Diagnostic Centre, Hospital"
      }
    },
    {
      "type": "Feature",
      "geometry": {
        "type": "Point",
        "coordinates": [
          89.4171094,
          24.6738404
        ]
      },
      "properties": {
        "amenity": "hospital",
        "healthcare": "hospital",
        "name": "Seba Nursing Home, Hospital"
      }
    },
    {
      "type": "Feature",
      "geometry": {
        "type": "Point",
        "coordinates": [
          89.3978823,
          24.7730426
        ]
      },
      "properties": {
        "amenity": "hospital",
        "healthcare": "hospital",
        "name": "Professor Clinic, Hospital"
      }
    },
    {
      "type": "Feature",
      "geometry": {
        "type": "Point",
        "coordinates": [
          89.3940686,
          24.8052818
        ]
      },
      "properties": {
        "amenity": "hospital",
        "healthcare": "hospital",
        "name": "Recommended Naturopathic kidney hospital, Hospital"
      }
    },
    {
      "type": "Feature",
      "geometry": {
        "type": "Point",
        "coordinates": [
          89.3830436,
          24.8087511
        ]
      },
      "properties": {
        "amenity": "hospital",
        "healthcare": "hospital",
        "name": "Hamdard Unani Medical College O Hospital, Hospital"
      }
    },
    {
      "type": "Feature",
      "geometry": {
        "type": "Point",
        "coordinates": [
          89.376735,
          24.8313488
        ]
      },
      "properties": {
        "amenity": "hospital",
        "healthcare": "hospital",
        "name": "SAIC General Hospital Ltd., Hospital"
      }
    },
    {
      "type": "Feature",
      "geometry": {
        "type": "Point",
        "coordinates": [
          89.377298,
          24.8297611
        ]
      },
      "properties": {
        "amenity": "hospital",
        "healthcare": "hospital",
        "name": "Care And Cure Hospital, Hospital"
      }
    },
    {
      "type": "Feature",
      "geometry": {
        "type": "Point",
        "coordinates": [
          89.3786677,
          24.8289374
        ]
      },
      "properties": {
        "amenity": "hospital",
        "healthcare": "hospital",
        "name": "Soasso Sheba Hospital, Hospital"
      }
    },
    {
      "type": "Feature",
      "geometry": {
        "type": "Point",
        "coordinates": [
          89.3794806,
          24.8268683
        ]
      },
      "properties": {
        "amenity": "hospital",
        "healthcare": "hospital",
        "name": "Combined Mats and Hospital, Hospital"
      }
    },
    {
      "type": "Feature",
      "geometry": {
        "type": "Point",
        "coordinates": [
          89.3818769,
          24.8228094
        ]
      },
      "properties": {
        "amenity": "hospital",
        "healthcare": "hospital",
        "name": "CARE And CURE, Hospital"
      }
    },
    {
      "type": "Feature",
      "geometry": {
        "type": "Point",
        "coordinates": [
          89.3782693,
          24.8259094
        ]
      },
      "properties": {
        "amenity": "hospital",
        "healthcare": "hospital",
        "name": "Super Care Hospital, Hospital"
      }
    },
    {
      "type": "Feature",
      "geometry": {
        "type": "Point",
        "coordinates": [
          89.3777396,
          24.8290367
        ]
      },
      "properties": {
        "amenity": "clinic",
        "healthcare": "clinic",
        "name": "Dr. Sharups Arthroscopy And Arthroplasty Clinic"
      }
    },
    {
      "type": "Feature",
      "geometry": {
        "type": "Point",
        "coordinates": [
          89.3762733,
          24.8327332
        ]
      },
      "properties": {
        "amenity": "hospital",
        "healthcare": "hospital",
        "name": "Bogra National Hospital and Fatema Kidney Dialysis Center, Hospital"
      }
    },
    {
      "type": "Feature",
      "geometry": {
        "type": "Point",
        "coordinates": [
          89.374958,
          24.8360675
        ]
      },
      "properties": {
        "amenity": "hospital",
        "healthcare": "hospital",
        "name": "Multipurpose Building, 250-bed Mohammad Ali Hospital Extension Building, Hospital"
      }
    },
    {
      "type": "Feature",
      "geometry": {
        "type": "Point",
        "coordinates": [
          89.3761734,
          24.8357765
        ]
      },
      "properties": {
        "amenity": "hospital",
        "healthcare": "hospital",
        "name": "Garib Shah Clinic And Diagnostic Center, Hospital"
      }
    },
    {
      "type": "Feature",
      "geometry": {
        "type": "Point",
        "coordinates": [
          89.374953,
          24.8381807
        ]
      },
      "properties": {
        "amenity": "hospital",
        "healthcare": "hospital",
        "name": "Fatema General Hospital. Hospital"
      }
    },
    {
      "type": "Feature",
      "geometry": {
        "type": "Point",
        "coordinates": [
          89.3761741,
          24.8328716
        ]
      },
      "properties": {
        "amenity": "hospital",
        "healthcare": "hospital",
        "name": "Specialized Bogura Hospital, Hospital"
      }
    },
    {
      "type": "Feature",
      "geometry": {
        "type": "Point",
        "coordinates": [
          89.375219,
          24.8414564
        ]
      },
      "properties": {
        "amenity": "hospital",
        "healthcare": "hospital",
        "name": "Nazara Najeshi Mother and Child Clinic, Hospital"
      }
    },
    {
      "type": "Feature",
      "geometry": {
        "type": "Point",
        "coordinates": [
          89.375109,
          24.8382233
        ]
      },
      "properties": {
        "amenity": "hospital",
        "healthcare": "hospital",
        "name": "Tesla Neuroscience Hospital, Hospital"
      }
    },
    {
      "type": "Feature",
      "geometry": {
        "type": "Point",
        "coordinates": [
          89.374393,
          24.8401665
        ]
      },
      "properties": {
        "amenity": "hospital",
        "healthcare": "hospital",
        "name": "BASIC Amzad Tower, Hospital"
      }
    },
    {
      "type": "Feature",
      "geometry": {
        "type": "Point",
        "coordinates": [
          89.395449,
          24.7686665
        ]
      },
      "properties": {
        "amenity": "hospital",
        "healthcare": "hospital",
        "name": "21 Field Ambulance, Hospital"
      }
    },
    {
      "type": "Feature",
      "geometry": {
        "type": "Point",
        "coordinates": [
          89.3968443,
          24.7550162
        ]
      },
      "properties": {
        "amenity": "hospital",
        "healthcare": "hospital",
        "name": "Cant. General hospital bogura, Hospital"
      }
    },
    {
      "type": "Feature",
      "geometry": {
        "type": "Point",
        "coordinates": [
          89.3768519,
          24.8132791
        ]
      },
      "properties": {
        "amenity": "hospital",
        "healthcare": "hospital",
        "name": "4R Adhunik Hospital, Hospital"
      }
    },
    {
      "type": "Feature",
      "geometry": {
        "type": "Point",
        "coordinates": [
          89.3816216,
          24.8032754
        ]
      },
      "properties": {
        "amenity": "hospital",
        "healthcare": "hospital",
        "name": "Gramin GC Eye Hospital, Hospital"
      }
    },
    {
      "type": "Feature",
      "geometry": {
        "type": "Point",
        "coordinates": [
          89.3135629,
          24.7094707
        ]
      },
      "properties": {
        "amenity": "hospital",
        "healthcare": "hospital",
        "name": "Jaya Dental Care Jamadar Pukur, Hospital"
      }
    },
    {
      "type": "Feature",
      "geometry": {
        "type": "Point",
        "coordinates": [
          89.2539736,
          24.6438064
        ]
      },
      "properties": {
        "amenity": "hospital",
        "healthcare": "hospital",
        "name": "Islam Life Care Hospital, Hospital"
      }
    },
    {
      "type": "Feature",
      "geometry": {
        "type": "Point",
        "coordinates": [
          89.3314064,
          24.7347554
        ]
      },
      "properties": {
        "amenity": "hospital",
        "healthcare": "hospital",
        "name": "Kharna Union Parishad Hospital, Hospital"
      }
    },
    {
      "type": "Feature",
      "geometry": {
        "type": "Point",
        "coordinates": [
          89.2767557,
          24.6697963
        ]
      },
      "properties": {
        "amenity": "hospital",
        "healthcare": "hospital",
        "name": "Fatema Clinic and Diagnostic Center, Hospital"
      }
    },
    {
      "type": "Feature",
      "geometry": {
        "type": "Point",
        "coordinates": [
          89.3696687,
          24.772187
        ]
      },
      "properties": {
        "amenity": "hospital",
        "healthcare": "hospital",
        "name": "Shajahanpur Upazilla Health Complex, Hospital"
      }
    },
    {
      "type": "Feature",
      "geometry": {
        "type": "Point",
        "coordinates": [
          90.4237621,
          23.7075503
        ]
      },
      "properties": {
        "addr:city": "Dhaka",
        "addr:housenumber": "111/1/A Distillery Road",
        "addr:postcode": "1204",
        "addr:street": "Gandaria",
        "amenity": "hospital",
        "healthcare": "hospital",
        "healthcare:speciality": "general",
        "name": "Asgar Ali Hospital Emergency Department"
      }
    },
    {
      "type": "Feature",
      "geometry": {
        "type": "Point",
        "coordinates": [
          89.2491857,
          24.6456822
        ]
      },
      "properties": {
        "amenity": "hospital",
        "healthcare": "hospital",
        "name": "Up-Health Center, Government hospital"
      }
    },
    {
      "type": "Feature",
      "geometry": {
        "type": "Point",
        "coordinates": [
          89.3509923,
          24.7850198
        ]
      },
      "properties": {
        "amenity": "hospital",
        "healthcare": "hospital",
        "name": "New world Rehabilitating Center, Hospital"
      }
    },
    {
      "type": "Feature",
      "geometry": {
        "type": "Point",
        "coordinates": [
          89.3446426,
          24.7694011
        ]
      },
      "properties": {
        "amenity": "hospital",
        "healthcare": "hospital",
        "name": "Birgram Community Clinic, Hospital"
      }
    },
    {
      "type": "Feature",
      "geometry": {
        "type": "Point",
        "coordinates": [
          89.3744163,
          24.8342298
        ]
      },
      "properties": {
        "amenity": "hospital",
        "healthcare": "hospital",
        "name": "NAS Hospital, Hospital"
      }
    },
    {
      "type": "Feature",
      "geometry": {
        "type": "Point",
        "coordinates": [
          89.3744468,
          24.8348607
        ]
      },
      "properties": {
        "amenity": "hospital",
        "healthcare": "hospital",
        "name": "R H Step MR Clinic, Hospital"
      }
    },
    {
      "type": "Feature",
      "geometry": {
        "type": "Point",
        "coordinates": [
          89.372724,
          24.8407081
        ]
      },
      "properties": {
        "amenity": "hospital",
        "healthcare": "hospital",
        "name": "Alif General Hospital, Hospital"
      }
    },
    {
      "type": "Feature",
      "geometry": {
        "type": "Point",
        "coordinates": [
          89.3741,
          24.8377322
        ]
      },
      "properties": {
        "amenity": "hospital",
        "healthcare": "hospital",
        "name": "Shah Sultan Eye Hospital, Hospital"
      }
    },
    {
      "type": "Feature",
      "geometry": {
        "type": "Point",
        "coordinates": [
          89.37384,
          24.8384833
        ]
      },
      "properties": {
        "amenity": "hospital",
        "healthcare": "hospital",
        "name": "Central general hospital, Hospital"
      }
    },
    {
      "type": "Feature",
      "geometry": {
        "type": "Point",
        "coordinates": [
          89.3755233,
          24.8326791
        ]
      },
      "properties": {
        "amenity": "hospital",
        "healthcare": "hospital",
        "name": "Matin Specialized Hospital, General hospital"
      }
    },
    {
      "type": "Feature",
      "geometry": {
        "type": "Point",
        "coordinates": [
          89.3729122,
          24.8407691
        ]
      },
      "properties": {
        "amenity": "hospital",
        "healthcare": "hospital",
        "name": "Sandhani General Hospital, Hospital"
      }
    },
    {
      "type": "Feature",
      "geometry": {
        "type": "Point",
        "coordinates": [
          89.3769764,
          24.8296308
        ]
      },
      "properties": {
        "amenity": "hospital",
        "healthcare": "hospital",
        "name": "Public General Hospital, Hospital"
      }
    },
    {
      "type": "Feature",
      "geometry": {
        "type": "Point",
        "coordinates": [
          89.374824,
          24.8343533
        ]
      },
      "properties": {
        "amenity": "hospital",
        "healthcare": "hospital",
        "name": "Bogura Impulse Hospital, Hospital"
      }
    },
    {
      "type": "Feature",
      "geometry": {
        "type": "Point",
        "coordinates": [
          89.3729216,
          24.844199
        ]
      },
      "properties": {
        "amenity": "hospital",
        "healthcare": "hospital",
        "name": "Saic General Hospital, General hospital"
      }
    },
    {
      "type": "Feature",
      "geometry": {
        "type": "Point",
        "coordinates": [
          89.3718536,
          24.846687
        ]
      },
      "properties": {
        "amenity": "hospital",
        "healthcare": "hospital",
        "name": "Health Ways Hospital, Hospital"
      }
    },
    {
      "type": "Feature",
      "geometry": {
        "type": "Point",
        "coordinates": [
          89.3732761,
          24.8429341
        ]
      },
      "properties": {
        "amenity": "hospital",
        "healthcare": "hospital",
        "name": "Islami Hospital And Diagnostic Center, Hospital"
      }
    },
    {
      "type": "Feature",
      "geometry": {
        "type": "Point",
        "coordinates": [
          89.3661053,
          24.8288917
        ]
      },
      "properties": {
        "amenity": "hospital",
        "healthcare": "hospital",
        "name": "BAVS Hospital, Hospital"
      }
    },
    {
      "type": "Feature",
      "geometry": {
        "type": "Point",
        "coordinates": [
          89.367877,
          24.8408603
        ]
      },
      "properties": {
        "amenity": "hospital",
        "healthcare": "hospital",
        "name": "Bogura Christian (Mission) Hospital, Hospital"
      }
    },
    {
      "type": "Feature",
      "geometry": {
        "type": "Point",
        "coordinates": [
          89.3688977,
          24.8444231
        ]
      },
      "properties": {
        "amenity": "hospital",
        "healthcare": "hospital",
        "name": "Rabeya Nursing Home, Hospital"
      }
    },
    {
      "type": "Feature",
      "geometry": {
        "type": "Point",
        "coordinates": [
          89.355203,
          24.8437826
        ]
      },
      "properties": {
        "amenity": "hospital",
        "healthcare": "hospital",
        "name": "Sunmoon Nursing home And Diagnostic Centre, Hospital"
      }
    },
    {
      "type": "Feature",
      "geometry": {
        "type": "Point",
        "coordinates": [
          89.3556839,
          24.827243
        ]
      },
      "properties": {
        "amenity": "hospital",
        "healthcare": "hospital",
        "name": "Ibn Sina Diagnostic Center, Hospital"
      }
    },
    {
      "type": "Feature",
      "geometry": {
        "type": "Point",
        "coordinates": [
          89.348494,
          24.8418148
        ]
      },
      "properties": {
        "amenity": "hospital",
        "healthcare": "hospital",
        "name": "Grameen clinic, Hospital"
      }
    },
    {
      "type": "Feature",
      "geometry": {
        "type": "Point",
        "coordinates": [
          89.3543216,
          24.8259637
        ]
      },
      "properties": {
        "amenity": "hospital",
        "healthcare": "hospital",
        "name": "Bogura Medical College Hospital, Hospital"
      }
    },
    {
      "type": "Feature",
      "geometry": {
        "type": "Point",
        "coordinates": [
          89.3528553,
          24.8279011
        ]
      },
      "properties": {
        "amenity": "hospital",
        "healthcare": "hospital",
        "name": "Shaheed Ziaur Rahman Medical College Hospital, Hospital"
      }
    },
    {
      "type": "Feature",
      "geometry": {
        "type": "Point",
        "coordinates": [
          89.353844,
          24.825515
        ]
      },
      "properties": {
        "amenity": "hospital",
        "healthcare": "hospital",
        "name": "Institute Of Nuclear Medicine And Allied Sciences, Hospital"
      }
    },
    {
      "type": "Feature",
      "geometry": {
        "type": "Point",
        "coordinates": [
          89.3540782,
          24.8271366
        ]
      },
      "properties": {
        "amenity": "hospital",
        "healthcare": "hospital",
        "name": "Outdoor GastroLiver And Kidney Clinic, Hospital"
      }
    },
    {
      "type": "Feature",
      "geometry": {
        "type": "Point",
        "coordinates": [
          89.3712976,
          24.8565414
        ]
      },
      "properties": {
        "amenity": "hospital",
        "healthcare": "hospital",
        "name": "Polash Clinic, Hospital"
      }
    },
    {
      "type": "Feature",
      "geometry": {
        "type": "Point",
        "coordinates": [
          89.3720089,
          24.8630438
        ]
      },
      "properties": {
        "amenity": "clinic",
        "healthcare": "clinic",
        "name": "The Homeopathy Clinic, Medical Center"
      }
    },
    {
      "type": "Feature",
      "geometry": {
        "type": "Point",
        "coordinates": [
          89.3569657,
          24.884748
        ]
      },
      "properties": {
        "amenity": "hospital",
        "healthcare": "hospital",
        "name": "Ayat Memorial Hospital, Hospital"
      }
    },
    {
      "type": "Feature",
      "geometry": {
        "type": "Point",
        "coordinates": [
          89.3590809,
          24.8553667
        ]
      },
      "properties": {
        "amenity": "hospital",
        "healthcare": "hospital",
        "name": "District Veterinary Hospital, Hospital"
      }
    },
    {
      "type": "Feature",
      "geometry": {
        "type": "Point",
        "coordinates": [
          89.3596467,
          24.8624239
        ]
      },
      "properties": {
        "amenity": "hospital",
        "healthcare": "hospital",
        "name": "Chest Diseases Hospital, Hospital"
      }
    },
    {
      "type": "Feature",
      "geometry": {
        "type": "Point",
        "coordinates": [
          89.3589882,
          24.8547882
        ]
      },
      "properties": {
        "amenity": "hospital",
        "healthcare": "hospital",
        "name": "District Veterinary Hospital"
      }
    },
    {
      "type": "Feature",
      "geometry": {
        "type": "Point",
        "coordinates": [
          89.3626133,
          24.8535415
        ]
      },
      "properties": {
        "amenity": "hospital",
        "healthcare": "hospital",
        "name": "City Hospital, Hospital"
      }
    },
    {
      "type": "Feature",
      "geometry": {
        "type": "Point",
        "coordinates": [
          89.359809,
          24.8888607
        ]
      },
      "properties": {
        "amenity": "hospital",
        "healthcare": "hospital",
        "name": "Insaf General Hospital Bogura, Hospital"
      }
    },
    {
      "type": "Feature",
      "geometry": {
        "type": "Point",
        "coordinates": [
          89.3616054,
          24.8888698
        ]
      },
      "properties": {
        "amenity": "hospital",
        "healthcare": "hospital",
        "name": "Janasheba Diagnostic Center, Hospital"
      }
    },
    {
      "type": "Feature",
      "geometry": {
        "type": "Point",
        "coordinates": [
          89.3607316,
          24.8893017
        ]
      },
      "properties": {
        "amenity": "hospital",
        "healthcare": "hospital",
        "name": "CMC General Hospital, Hospital"
      }
    },
    {
      "type": "Feature",
      "geometry": {
        "type": "Point",
        "coordinates": [
          89.370392,
          25.0050148
        ]
      },
      "properties": {
        "amenity": "hospital",
        "healthcare": "hospital",
        "name": "Muradpur Community Clinic, Hospital"
      }
    },
    {
      "type": "Feature",
      "geometry": {
        "type": "Point",
        "coordinates": [
          89.3699546,
          25.0055242
        ]
      },
      "properties": {
        "amenity": "hospital",
        "healthcare": "hospital",
        "name": "Kaviraj Hospital, Hospital"
      }
    },
    {
      "type": "Feature",
      "geometry": {
        "type": "Point",
        "coordinates": [
          89.3580588,
          25.0144652
        ]
      },
      "properties": {
        "amenity": "hospital",
        "healthcare": "hospital",
        "name": "Bhagkola Sub Health Center, Hospital"
      }
    },
    {
      "type": "Feature",
      "geometry": {
        "type": "Point",
        "coordinates": [
          89.374493,
          25.0727533
        ]
      },
      "properties": {
        "amenity": "hospital",
        "healthcare": "hospital",
        "name": "AYESHA JABBAR CONSULTATION AndDIAGNOSTIC CENTER, Hospital"
      }
    },
    {
      "type": "Feature",
      "geometry": {
        "type": "Point",
        "coordinates": [
          90.4327361,
          23.6951311
        ]
      },
      "properties": {
        "addr:city": "Dhaka",
        "addr:place": "\u099c\u09c1\u09b0\u09be\u0987\u09a8",
        "addr:postcode": "1204",
        "amenity": "hospital",
        "healthcare": "hospital",
        "name": "Ad-din Barrister Rafiq-ul-haque Hospital"
      }
    },
    {
      "type": "Feature",
      "geometry": {
        "type": "Point",
        "coordinates": [
          90.4328301,
          23.6948662
        ]
      },
      "properties": {
        "addr:city": "Dhaka",
        "addr:place": "\u099c\u09c1\u09b0\u09be\u0987\u09a8",
        "addr:postcode": "1204",
        "amenity": "hospital",
        "healthcare": "hospital",
        "name": "Ad-din Berrister Rafiq-ul- Haque hospital,Jurain"
      }
    },
    {
      "type": "Feature",
      "geometry": {
        "type": "Point",
        "coordinates": [
          89.3815013,
          25.0864756
        ]
      },
      "properties": {
        "amenity": "hospital",
        "healthcare": "hospital",
        "name": "Fasitola Community Clinic, Hospital"
      }
    },
    {
      "type": "Feature",
      "geometry": {
        "type": "Point",
        "coordinates": [
          89.3924357,
          25.1721399
        ]
      },
      "properties": {
        "amenity": "hospital",
        "healthcare": "hospital",
        "name": "FMSS MEDICAL COLLEGE And HOSPITAL LTD., Hospital"
      }
    },
    {
      "type": "Feature",
      "geometry": {
        "type": "Point",
        "coordinates": [
          89.3891547,
          25.1351136
        ]
      },
      "properties": {
        "amenity": "hospital",
        "healthcare": "hospital",
        "name": "Sheba Clinic And Diagnostic Centre, Hospital"
      }
    },
    {
      "type": "Feature",
      "geometry": {
        "type": "Point",
        "coordinates": [
          89.3886867,
          25.1355097
        ]
      },
      "properties": {
        "amenity": "hospital",
        "healthcare": "hospital",
        "name": "Health City General Hospital, Hospital"
      }
    },
    {
      "type": "Feature",
      "geometry": {
        "type": "Point",
        "coordinates": [
          89.3901291,
          25.1351487
        ]
      },
      "properties": {
        "amenity": "hospital",
        "healthcare": "hospital",
        "name": "Poly Ultrasono and Diagonostic Center, Hospital"
      }
    },
    {
      "type": "Feature",
      "geometry": {
        "type": "Point",
        "coordinates": [
          89.3905358,
          25.1356422
        ]
      },
      "properties": {
        "amenity": "hospital",
        "healthcare": "hospital",
        "name": "Alshifa Clinic, Hospital"
      }
    },
    {
      "type": "Feature",
      "geometry": {
        "type": "Point",
        "coordinates": [
          89.3879627,
          25.1358232
        ]
      },
      "properties": {
        "amenity": "hospital",
        "healthcare": "hospital",
        "name": "Radia General Hospital, Hospital"
      }
    },
    {
      "type": "Feature",
      "geometry": {
        "type": "Point",
        "coordinates": [
          89.3883002,
          25.1462514
        ]
      },
      "properties": {
        "amenity": "hospital",
        "healthcare": "hospital",
        "name": "Eye Hospital, Hospital"
      }
    },
    {
      "type": "Feature",
      "geometry": {
        "type": "Point",
        "coordinates": [
          89.3536171,
          25.2794042
        ]
      },
      "properties": {
        "amenity": "hospital",
        "healthcare": "hospital",
        "name": "Palashbari Ibn Sina, Hospital"
      }
    },
    {
      "type": "Feature",
      "geometry": {
        "type": "Point",
        "coordinates": [
          88.6304005,
          25.6294417
        ]
      },
      "properties": {
        "amenity": "hospital",
        "name:en": "Aurobindo Shishu Hospital, Dinajpur"
      }
    },
    {
      "type": "Feature",
      "geometry": {
        "type": "Point",
        "coordinates": [
          89.3505856,
          25.2823551
        ]
      },
      "properties": {
        "amenity": "hospital",
        "healthcare": "hospital",
        "name": "palashshbariprofecerpara, Hospital"
      }
    },
    {
      "type": "Feature",
      "geometry": {
        "type": "Point",
        "coordinates": [
          89.351074,
          25.2854604
        ]
      },
      "properties": {
        "amenity": "hospital",
        "healthcare": "hospital",
        "name": "New Life Clinic And Consultation Center, Hospital"
      }
    },
    {
      "type": "Feature",
      "geometry": {
        "type": "Point",
        "coordinates": [
          89.330016,
          25.3653964
        ]
      },
      "properties": {
        "amenity": "hospital",
        "healthcare": "hospital",
        "name": "Madarpur Community Clinic, Hospital"
      }
    },
    {
      "type": "Feature",
      "geometry": {
        "type": "Point",
        "coordinates": [
          89.342761,
          25.3451963
        ]
      },
      "properties": {
        "amenity": "hospital",
        "healthcare": "hospital",
        "name": "Dhaperhat Sub-District Health Center Office, Hospital"
      }
    },
    {
      "type": "Feature",
      "geometry": {
        "type": "Point",
        "coordinates": [
          89.3284114,
          25.3780491
        ]
      },
      "properties": {
        "amenity": "hospital",
        "healthcare": "hospital",
        "name": "Khejmatpur Hospitals, Khejmatpur Union Sub-Health Center, Hospital"
      }
    },
    {
      "type": "Feature",
      "geometry": {
        "type": "Point",
        "coordinates": [
          89.3167109,
          25.4173105
        ]
      },
      "properties": {
        "amenity": "hospital",
        "healthcare": "hospital",
        "name": "Pirganj General Hospital And Diagnostic Center, Hospital"
      }
    },
    {
      "type": "Feature",
      "geometry": {
        "type": "Point",
        "coordinates": [
          89.3119153,
          25.4223983
        ]
      },
      "properties": {
        "amenity": "hospital",
        "healthcare": "hospital",
        "name": "Nagar Matrisadan, Hospital"
      }
    },
    {
      "type": "Feature",
      "geometry": {
        "type": "Point",
        "coordinates": [
          89.273316,
          25.5798437
        ]
      },
      "properties": {
        "amenity": "hospital",
        "healthcare": "hospital",
        "name": "Royal Health City Hospital, Hospital"
      }
    },
    {
      "type": "Feature",
      "geometry": {
        "type": "Point",
        "coordinates": [
          89.2849853,
          25.5323649
        ]
      },
      "properties": {
        "amenity": "hospital",
        "healthcare": "hospital",
        "name": "Safura Eye Hospital, Hospital"
      }
    },
    {
      "type": "Feature",
      "geometry": {
        "type": "Point",
        "coordinates": [
          90.8907323,
          22.8753182
        ]
      },
      "properties": {
        "amenity": "hospital",
        "healthcare": "hospital",
        "name": "\u09a4\u09c7\u0993\u09af\u09bc\u09be\u09b0\u09c0\u0997\u099e\u09cd\u099c \u09b9\u09be\u09b8\u09aa\u09be\u09a4\u09be\u09b2",
        "name:bn": "\u09a4\u09c7\u0993\u09af\u09bc\u09be\u09b0\u09c0\u0997\u099e\u09cd\u099c \u09b9\u09be\u09b8\u09aa\u09be\u09a4\u09be\u09b2",
        "name:en": "Tewariganj Hospital"
      }
    },
    {
      "type": "Feature",
      "geometry": {
        "type": "Point",
        "coordinates": [
          91.8595489,
          24.8984469
        ]
      },
      "properties": {
        "addr:housenumber": "22",
        "addr:postcode": "3100",
        "addr:street": "Old Medical Road",
        "amenity": "hospital",
        "name": "Shah Jalal Hospital",
        "phone": "+8801757637473;+8801757654939"
      }
    },
    {
      "type": "Feature",
      "geometry": {
        "type": "Point",
        "coordinates": [
          89.246357,
          25.7173066
        ]
      },
      "properties": {
        "amenity": "hospital",
        "healthcare": "hospital",
        "name": "Makbul Hosen General Hospital, Hospital"
      }
    },
    {
      "type": "Feature",
      "geometry": {
        "type": "Point",
        "coordinates": [
          89.2314081,
          25.7569399
        ]
      },
      "properties": {
        "amenity": "hospital",
        "healthcare": "hospital",
        "name": "Manob Seba Hospital, Hospital"
      }
    },
    {
      "type": "Feature",
      "geometry": {
        "type": "Point",
        "coordinates": [
          89.2313057,
          25.7560779
        ]
      },
      "properties": {
        "amenity": "hospital",
        "healthcare": "hospital",
        "name": "Asian General Hospital, Hospital"
      }
    },
    {
      "type": "Feature",
      "geometry": {
        "type": "Point",
        "coordinates": [
          89.2310047,
          25.7587184
        ]
      },
      "properties": {
        "amenity": "hospital",
        "healthcare": "hospital",
        "name": "Metro Hospital, Hospital"
      }
    },
    {
      "type": "Feature",
      "geometry": {
        "type": "Point",
        "coordinates": [
          89.231162,
          25.7582564
        ]
      },
      "properties": {
        "amenity": "hospital",
        "healthcare": "hospital",
        "name": "Nirjon Clinic And Nursing Home, Hospital"
      }
    },
    {
      "type": "Feature",
      "geometry": {
        "type": "Point",
        "coordinates": [
          89.2307625,
          25.749218
        ]
      },
      "properties": {
        "amenity": "hospital",
        "healthcare": "hospital",
        "name": "Apollo Eye Hospital, Hospital"
      }
    },
    {
      "type": "Feature",
      "geometry": {
        "type": "Point",
        "coordinates": [
          89.231189,
          25.7597384
        ]
      },
      "properties": {
        "amenity": "hospital",
        "healthcare": "hospital",
        "name": "Ideal General Hospital, Hospital"
      }
    },
    {
      "type": "Feature",
      "geometry": {
        "type": "Point",
        "coordinates": [
          90.8812367,
          24.1169171
        ]
      },
      "properties": {
        "addr:city": "kuliarchar",
        "addr:street": "khidirpur chwok bazar",
        "amenity": "hospital",
        "healthcare": "hospital",
        "healthcare:speciality": "pharmacology",
        "name": "\u09b9\u09be\u09ac\u09bf\u09ac \u09ae\u09c7\u09a1\u09bf\u0995\u09c7\u09b2 \u09b9\u09b2 \u098f\u09a8\u09cd\u09a1 \u099a\u09bf\u0995\u09bf\u09ce\u09b8\u09be\u09b2\u09af\u09bc",
        "operator": "\u09a1\u09be\u0983 \u09b9\u09be\u09ac\u09bf\u09ac\u09c1\u09b0 \u09b0\u09b9\u09ae\u09be\u09a8",
        "operator:type": "pharmacy"
      }
    },
    {
      "type": "Feature",
      "geometry": {
        "type": "Point",
        "coordinates": [
          89.2360146,
          25.7618687
        ]
      },
      "properties": {
        "amenity": "hospital",
        "healthcare": "hospital",
        "name": "Bangladesh Hospital, Hospital"
      }
    },
    {
      "type": "Feature",
      "geometry": {
        "type": "Point",
        "coordinates": [
          89.2364204,
          25.7626967
        ]
      },
      "properties": {
        "amenity": "hospital",
        "healthcare": "hospital",
        "name": "Active Hospital Rangpur, Hospital"
      }
    },
    {
      "type": "Feature",
      "geometry": {
        "type": "Point",
        "coordinates": [
          89.232468,
          25.7649268
        ]
      },
      "properties": {
        "amenity": "hospital",
        "healthcare": "hospital",
        "name": "Health Plus Diagnostic, Hospital"
      }
    },
    {
      "type": "Feature",
      "geometry": {
        "type": "Point",
        "coordinates": [
          89.2361573,
          25.7623916
        ]
      },
      "properties": {
        "amenity": "hospital",
        "healthcare": "hospital",
        "name": "Evergreen Hospital, Hospital"
      }
    },
    {
      "type": "Feature",
      "geometry": {
        "type": "Point",
        "coordinates": [
          89.237322,
          25.7612079
        ]
      },
      "properties": {
        "amenity": "hospital",
        "healthcare": "hospital",
        "name": "Rangpur City Hospital, Private hospital"
      }
    },
    {
      "type": "Feature",
      "geometry": {
        "type": "Point",
        "coordinates": [
          89.2379057,
          25.7606704
        ]
      },
      "properties": {
        "amenity": "hospital",
        "healthcare": "hospital",
        "name": "Prime Care Hospital And Diagnostic Center, Hospital"
      }
    },
    {
      "type": "Feature",
      "geometry": {
        "type": "Point",
        "coordinates": [
          89.2494843,
          25.75768
        ]
      },
      "properties": {
        "amenity": "hospital",
        "healthcare": "hospital",
        "name": "Rangpur Police Hospital, Government hospital"
      }
    },
    {
      "type": "Feature",
      "geometry": {
        "type": "Point",
        "coordinates": [
          89.2351,
          25.7629606
        ]
      },
      "properties": {
        "amenity": "hospital",
        "healthcare": "hospital",
        "name": "Update Care Hospital, Hospital"
      }
    },
    {
      "type": "Feature",
      "geometry": {
        "type": "Point",
        "coordinates": [
          89.2403485,
          25.7284915
        ]
      },
      "properties": {
        "amenity": "hospital",
        "healthcare": "hospital",
        "name": "Begum Rokeya Medical College And Hospital, Hospital"
      }
    },
    {
      "type": "Feature",
      "geometry": {
        "type": "Point",
        "coordinates": [
          89.2344236,
          25.7401329
        ]
      },
      "properties": {
        "amenity": "hospital",
        "healthcare": "hospital",
        "name": "Lucky Hospital, Hospital"
      }
    },
    {
      "type": "Feature",
      "geometry": {
        "type": "Point",
        "coordinates": [
          89.2369753,
          25.7606959
        ]
      },
      "properties": {
        "amenity": "hospital",
        "healthcare": "hospital",
        "name": "Good Helth Clinic, Hospital"
      }
    },
    {
      "type": "Feature",
      "geometry": {
        "type": "Point",
        "coordinates": [
          89.233822,
          25.7421667
        ]
      },
      "properties": {
        "amenity": "hospital",
        "healthcare": "hospital",
        "name": "Holy Crescent Hospital, Hospital"
      }
    },
    {
      "type": "Feature",
      "geometry": {
        "type": "Point",
        "coordinates": [
          89.23596,
          25.7609428
        ]
      },
      "properties": {
        "amenity": "hospital",
        "healthcare": "hospital",
        "name": "RK Hospital, Hospital"
      }
    },
    {
      "type": "Feature",
      "geometry": {
        "type": "Point",
        "coordinates": [
          89.23179,
          25.757876
        ]
      },
      "properties": {
        "amenity": "hospital",
        "healthcare": "hospital",
        "name": "International Hospital, Hospital"
      }
    },
    {
      "type": "Feature",
      "geometry": {
        "type": "Point",
        "coordinates": [
          89.2344517,
          25.7621969
        ]
      },
      "properties": {
        "amenity": "hospital",
        "healthcare": "hospital",
        "name": "Uttomsheba Hospital, Hospital"
      }
    },
    {
      "type": "Feature",
      "geometry": {
        "type": "Point",
        "coordinates": [
          89.232633,
          25.7601298
        ]
      },
      "properties": {
        "amenity": "hospital",
        "healthcare": "hospital",
        "name": "Padma Digital Diagonstic Centre, Hospital"
      }
    },
    {
      "type": "Feature",
      "geometry": {
        "type": "Point",
        "coordinates": [
          89.2353284,
          25.7614644
        ]
      },
      "properties": {
        "amenity": "hospital",
        "healthcare": "hospital",
        "name": "Mount Pacific Hospital, Hospital"
      }
    },
    {
      "type": "Feature",
      "geometry": {
        "type": "Point",
        "coordinates": [
          89.23425,
          25.7616243
        ]
      },
      "properties": {
        "amenity": "hospital",
        "healthcare": "hospital",
        "name": "Elma General Hospital, Hospital"
      }
    },
    {
      "type": "Feature",
      "geometry": {
        "type": "Point",
        "coordinates": [
          89.2324693,
          25.7637831
        ]
      },
      "properties": {
        "amenity": "hospital",
        "healthcare": "hospital",
        "name": "Asha Hospital And Diagnostic Center, Hospital"
      }
    },
    {
      "type": "Feature",
      "geometry": {
        "type": "Point",
        "coordinates": [
          89.2341904,
          25.7623094
        ]
      },
      "properties": {
        "amenity": "hospital",
        "healthcare": "hospital",
        "name": "Rangpur General Hospital, Hospital"
      }
    },
    {
      "type": "Feature",
      "geometry": {
        "type": "Point",
        "coordinates": [
          89.238739,
          25.7599146
        ]
      },
      "properties": {
        "amenity": "hospital",
        "healthcare": "hospital",
        "name": "Impulse Care Hospital, Hospital"
      }
    },
    {
      "type": "Feature",
      "geometry": {
        "type": "Point",
        "coordinates": [
          89.2323733,
          25.7641919
        ]
      },
      "properties": {
        "amenity": "hospital",
        "healthcare": "hospital",
        "name": "Rainbow Clinic, Private hospital"
      }
    },
    {
      "type": "Feature",
      "geometry": {
        "type": "Point",
        "coordinates": [
          89.231868,
          25.7633039
        ]
      },
      "properties": {
        "amenity": "hospital",
        "healthcare": "hospital",
        "name": "Rangpur Talukdar Hospital Private Limited, Hospital"
      }
    },
    {
      "type": "Feature",
      "geometry": {
        "type": "Point",
        "coordinates": [
          89.250884,
          25.7525091
        ]
      },
      "properties": {
        "amenity": "hospital",
        "healthcare": "hospital",
        "name": "Upazila Health Complex, Sadar Rangpur, Government hospital"
      }
    },
    {
      "type": "Feature",
      "geometry": {
        "type": "Point",
        "coordinates": [
          89.251889,
          25.7523819
        ]
      },
      "properties": {
        "amenity": "hospital",
        "healthcare": "hospital",
        "name": "Childrens Hospital, Hospital"
      }
    },
    {
      "type": "Feature",
      "geometry": {
        "type": "Point",
        "coordinates": [
          89.255969,
          25.8577566
        ]
      },
      "properties": {
        "amenity": "hospital",
        "healthcare": "hospital",
        "name": "Nurunnahar Community Clinic, Hospital"
      }
    },
    {
      "type": "Feature",
      "geometry": {
        "type": "Point",
        "coordinates": [
          89.2541925,
          25.8650732
        ]
      },
      "properties": {
        "amenity": "hospital",
        "healthcare": "hospital",
        "name": "Family planning Hospital, Hospital"
      }
    },
    {
      "type": "Feature",
      "geometry": {
        "type": "Point",
        "coordinates": [
          89.2355886,
          25.7676016
        ]
      },
      "properties": {
        "amenity": "hospital",
        "healthcare": "hospital",
        "name": "Rangpur Good Health Nursing College, Hospital"
      }
    },
    {
      "type": "Feature",
      "geometry": {
        "type": "Point",
        "coordinates": [
          89.2286683,
          25.7699373
        ]
      },
      "properties": {
        "amenity": "hospital",
        "healthcare": "hospital",
        "name": "Medinova Clinic And Nursing Home, Hospital"
      }
    },
    {
      "type": "Feature",
      "geometry": {
        "type": "Point",
        "coordinates": [
          90.3587307,
          23.7849601
        ]
      },
      "properties": {
        "addr:suburb": "Kalyanpur Pora Bostee",
        "amenity": "clinic",
        "capacity:persons": "10",
        "healthcare": "clinic",
        "name": "PHC Medical and Dental Clinic",
        "opening_hours": "Mo-Su 10:00-13:00,17:00-22:00",
        "source": "DhakaThrive_Survey",
        "wheelchair": "no"
      }
    },
    {
      "type": "Feature",
      "geometry": {
        "type": "Point",
        "coordinates": [
          89.221831,
          25.7768591
        ]
      },
      "properties": {
        "amenity": "clinic",
        "healthcare": "clinic",
        "name": "Hearing Care Center, Hearing aid store"
      }
    },
    {
      "type": "Feature",
      "geometry": {
        "type": "Point",
        "coordinates": [
          89.2303717,
          25.7673749
        ]
      },
      "properties": {
        "amenity": "hospital",
        "healthcare": "hospital",
        "name": "Emergency And Casualty, Hospital"
      }
    },
    {
      "type": "Feature",
      "geometry": {
        "type": "Point",
        "coordinates": [
          89.2267407,
          25.7723302
        ]
      },
      "properties": {
        "amenity": "hospital",
        "healthcare": "hospital",
        "name": "Sufia Kamal Memorial Hospital, Hospital"
      }
    },
    {
      "type": "Feature",
      "geometry": {
        "type": "Point",
        "coordinates": [
          89.226008,
          25.772708
        ]
      },
      "properties": {
        "amenity": "hospital",
        "healthcare": "hospital",
        "name": "Health care Hospital, Hospitalt"
      }
    },
    {
      "type": "Feature",
      "geometry": {
        "type": "Point",
        "coordinates": [
          89.0826039,
          25.8116056
        ]
      },
      "properties": {
        "amenity": "hospital",
        "healthcare": "hospital",
        "name": "Ekarchali FWC, Hospital"
      }
    },
    {
      "type": "Feature",
      "geometry": {
        "type": "Point",
        "coordinates": [
          89.0688426,
          25.8115659
        ]
      },
      "properties": {
        "amenity": "hospital",
        "healthcare": "hospital",
        "name": "Family Checkup, Hospital"
      }
    },
    {
      "type": "Feature",
      "geometry": {
        "type": "Point",
        "coordinates": [
          89.0314114,
          25.8108783
        ]
      },
      "properties": {
        "amenity": "hospital",
        "healthcare": "hospital",
        "name": "Taragonj Upazilla Health Complex, Hospital"
      }
    },
    {
      "type": "Feature",
      "geometry": {
        "type": "Point",
        "coordinates": [
          88.9144085,
          25.7803219
        ]
      },
      "properties": {
        "amenity": "hospital",
        "healthcare": "hospital",
        "name": "SAP Medicare center, Hospital"
      }
    },
    {
      "type": "Feature",
      "geometry": {
        "type": "Point",
        "coordinates": [
          88.9048833,
          25.7796662
        ]
      },
      "properties": {
        "amenity": "hospital",
        "healthcare": "hospital",
        "name": "Saidpur Community Eye Hospital, Hospital"
      }
    },
    {
      "type": "Feature",
      "geometry": {
        "type": "Point",
        "coordinates": [
          88.9092483,
          25.7793698
        ]
      },
      "properties": {
        "amenity": "hospital",
        "healthcare": "hospital",
        "name": "LABZONE GENERAL HOSPITAL, General hospital"
      }
    },
    {
      "type": "Feature",
      "geometry": {
        "type": "Point",
        "coordinates": [
          88.9046754,
          25.7785704
        ]
      },
      "properties": {
        "amenity": "hospital",
        "healthcare": "hospital",
        "name": "Surjer Hashi Clinic, Hospital"
      }
    },
    {
      "type": "Feature",
      "geometry": {
        "type": "Point",
        "coordinates": [
          88.9147319,
          25.7806192
        ]
      },
      "properties": {
        "amenity": "hospital",
        "healthcare": "hospital",
        "name": "Hamdard Treatment and Sales Centre, Hospital"
      }
    },
    {
      "type": "Feature",
      "geometry": {
        "type": "Point",
        "coordinates": [
          88.905142,
          25.778635
        ]
      },
      "properties": {
        "amenity": "clinic",
        "healthcare": "clinic",
        "name": "Sajeda (Pvt) Clinic, Hospital"
      }
    },
    {
      "type": "Feature",
      "geometry": {
        "type": "Point",
        "coordinates": [
          88.8933676,
          25.7795594
        ]
      },
      "properties": {
        "amenity": "hospital",
        "healthcare": "hospital",
        "name": "Rotary Eye Hospital, Hospital"
      }
    },
    {
      "type": "Feature",
      "geometry": {
        "type": "Point",
        "coordinates": [
          88.894421,
          25.7783162
        ]
      },
      "properties": {
        "amenity": "hospital",
        "healthcare": "hospital",
        "name": "Popular Lab And Mission General Hospital, Hospital"
      }
    },
    {
      "type": "Feature",
      "geometry": {
        "type": "Point",
        "coordinates": [
          88.885274,
          25.7757943
        ]
      },
      "properties": {
        "amenity": "hospital",
        "healthcare": "hospital",
        "name": "100 Bed Hospital, Hospital"
      }
    },
    {
      "type": "Feature",
      "geometry": {
        "type": "Point",
        "coordinates": [
          88.8888337,
          25.7779647
        ]
      },
      "properties": {
        "amenity": "hospital",
        "healthcare": "hospital",
        "name": "Dr.Dil Afroza Memorial Hospital, Hospital"
      }
    },
    {
      "type": "Feature",
      "geometry": {
        "type": "Point",
        "coordinates": [
          88.8949343,
          25.7781014
        ]
      },
      "properties": {
        "amenity": "hospital",
        "healthcare": "hospital",
        "name": "City Community Hospital, Hospital"
      }
    },
    {
      "type": "Feature",
      "geometry": {
        "type": "Point",
        "coordinates": [
          88.8928506,
          25.7776059
        ]
      },
      "properties": {
        "amenity": "hospital",
        "healthcare": "hospital",
        "name": "Green Life Lab and Hospital, Hospital"
      }
    },
    {
      "type": "Feature",
      "geometry": {
        "type": "Point",
        "coordinates": [
          88.8920251,
          25.7773622
        ]
      },
      "properties": {
        "amenity": "clinic",
        "healthcare": "clinic",
        "name": "T.R Road Saidpur Nillphamary, Medical clinic"
      }
    },
    {
      "type": "Feature",
      "geometry": {
        "type": "Point",
        "coordinates": [
          88.6758926,
          25.7562779
        ]
      },
      "properties": {
        "amenity": "hospital",
        "healthcare": "hospital",
        "name": "Astha Clinic and Diagnostic Center (anup), Hospital"
      }
    },
    {
      "type": "Feature",
      "geometry": {
        "type": "Point",
        "coordinates": [
          88.8939319,
          25.777991
        ]
      },
      "properties": {
        "amenity": "hospital",
        "healthcare": "hospital",
        "name": "Maa Hospital And Diagnostic Centre, Hospital"
      }
    },
    {
      "type": "Feature",
      "geometry": {
        "type": "Point",
        "coordinates": [
          88.9022896,
          25.7778894
        ]
      },
      "properties": {
        "amenity": "hospital",
        "healthcare": "hospital",
        "name": "Labzone Diagnostic Center"
      }
    },
    {
      "type": "Feature",
      "geometry": {
        "type": "Point",
        "coordinates": [
          88.8972253,
          25.782947
        ]
      },
      "properties": {
        "amenity": "hospital",
        "healthcare": "hospital",
        "name": "Health Care Digital Diagnostic Centre, Hospital"
      }
    },
    {
      "type": "Feature",
      "geometry": {
        "type": "Point",
        "coordinates": [
          88.8975036,
          25.779366
        ]
      },
      "properties": {
        "amenity": "hospital",
        "healthcare": "hospital",
        "name": "Alpha Diagnostic Centre, Hospital"
      }
    },
    {
      "type": "Feature",
      "geometry": {
        "type": "Point",
        "coordinates": [
          88.8679356,
          25.8469438
        ]
      },
      "properties": {
        "amenity": "hospital",
        "healthcare": "hospital",
        "name": "Sangalshi Govt. Hospital, Hospital"
      }
    },
    {
      "type": "Feature",
      "geometry": {
        "type": "Point",
        "coordinates": [
          88.8681803,
          25.8823973
        ]
      },
      "properties": {
        "amenity": "hospital",
        "healthcare": "hospital",
        "name": "Bangladesh China Friendship 1000 Bed Hospital, Hospital"
      }
    },
    {
      "type": "Feature",
      "geometry": {
        "type": "Point",
        "coordinates": [
          88.8647013,
          25.858332
        ]
      },
      "properties": {
        "amenity": "hospital",
        "healthcare": "hospital",
        "name": "Uttara EPZ Medical Center, Hospital"
      }
    },
    {
      "type": "Feature",
      "geometry": {
        "type": "Point",
        "coordinates": [
          88.8664293,
          25.9227618
        ]
      },
      "properties": {
        "amenity": "hospital",
        "healthcare": "hospital",
        "name": "Internal Hospital, Nilphamari Jail, Hospital"
      }
    },
    {
      "type": "Feature",
      "geometry": {
        "type": "Point",
        "coordinates": [
          88.856976,
          25.9285526
        ]
      },
      "properties": {
        "amenity": "hospital",
        "healthcare": "hospital",
        "name": "Shaha Plaza Hospital, Hospital"
      }
    },
    {
      "type": "Feature",
      "geometry": {
        "type": "Point",
        "coordinates": [
          88.8468939,
          25.9300165
        ]
      },
      "properties": {
        "amenity": "hospital",
        "healthcare": "hospital",
        "name": "Mouno general hospital, Hospital"
      }
    },
    {
      "type": "Feature",
      "geometry": {
        "type": "Point",
        "coordinates": [
          88.8455126,
          25.9305128
        ]
      },
      "properties": {
        "amenity": "hospital",
        "healthcare": "hospital",
        "name": "Adhunik Sadar Hospital, Hospital"
      }
    },
    {
      "type": "Feature",
      "geometry": {
        "type": "Point",
        "coordinates": [
          88.8532483,
          25.9310945
        ]
      },
      "properties": {
        "amenity": "hospital",
        "healthcare": "hospital",
        "name": "Mother and Child Welfare Centre, Maternity hospital"
      }
    },
    {
      "type": "Feature",
      "geometry": {
        "type": "Point",
        "coordinates": [
          88.8508156,
          25.9310301
        ]
      },
      "properties": {
        "amenity": "hospital",
        "healthcare": "hospital",
        "name": "A. R General Hospital, Hospital"
      }
    },
    {
      "type": "Feature",
      "geometry": {
        "type": "Point",
        "coordinates": [
          88.8452043,
          25.9284005
        ]
      },
      "properties": {
        "amenity": "hospital",
        "healthcare": "hospital",
        "name": "Disability Service and Assistance Center, Hospital"
      }
    },
    {
      "type": "Feature",
      "geometry": {
        "type": "Point",
        "coordinates": [
          88.845703,
          25.9387645
        ]
      },
      "properties": {
        "amenity": "hospital",
        "healthcare": "hospital",
        "name": "Roots Hospital And Diagnostic Center, Hospital"
      }
    },
    {
      "type": "Feature",
      "geometry": {
        "type": "Point",
        "coordinates": [
          88.8483354,
          25.9305866
        ]
      },
      "properties": {
        "amenity": "hospital",
        "healthcare": "hospital",
        "name": "DIGI Care Nilphamari, Hospital"
      }
    },
    {
      "type": "Feature",
      "geometry": {
        "type": "Point",
        "coordinates": [
          90.4161215,
          23.7984012
        ]
      },
      "properties": {
        "addr:city": "Dhaka",
        "addr:housenumber": "UN House",
        "addr:postcode": "1212",
        "addr:street": "House 1, Road 88, Gulshan-2",
        "air_conditioning": "yes",
        "amenity": "clinic",
        "check_date": "2025-09-17",
        "email": "dhakaha@iom.int",
        "fax": "+88028817701",
        "healthcare": "clinic",
        "level": "1",
        "mobile": "+8801713481798",
        "name": "International Organization of Migrarion (IOM)",
        "opening_hours": "Su-Th 08:30-17:30",
        "payment:cash": "yes",
        "phone": "+8801777761309",
        "short_name": "IOM",
        "website": "https://bangladesh.iom.int/",
        "wheelchair": "yes",
        "wikidata": "Q472311",
        "wikipedia": "en:International Organization for Migration"
      }
    },
    {
      "type": "Feature",
      "geometry": {
        "type": "Point",
        "coordinates": [
          88.8385264,
          25.9566167
        ]
      },
      "properties": {
        "amenity": "hospital",
        "healthcare": "hospital",
        "name": "District Animal Resources Office, Animal hospital"
      }
    },
    {
      "type": "Feature",
      "geometry": {
        "type": "Point",
        "coordinates": [
          88.4192128,
          26.0392783
        ]
      },
      "properties": {
        "addr:city": "Thakurgaon Road, Thakurgaon",
        "addr:housenumber": "Holding No: 17, Ward No: 12, Chitchillarong",
        "addr:postcode": "5101",
        "addr:street": "Airport Road",
        "amenity": "clinic",
        "healthcare": "clinic",
        "healthcare:speciality": "general",
        "name": "Late Dr. M. N. AMIN"
      }
    },
    {
      "type": "Feature",
      "geometry": {
        "type": "Point",
        "coordinates": [
          88.826603,
          26.1021617
        ]
      },
      "properties": {
        "amenity": "hospital",
        "healthcare": "hospital",
        "name": "Sun Hospital And Diagnostic Center, Hospital"
      }
    },
    {
      "type": "Feature",
      "geometry": {
        "type": "Point",
        "coordinates": [
          88.8431176,
          25.9664739
        ]
      },
      "properties": {
        "amenity": "hospital",
        "healthcare": "hospital",
        "name": "Government Leprosy Hospital, Hospital"
      }
    },
    {
      "type": "Feature",
      "geometry": {
        "type": "Point",
        "coordinates": [
          88.8425623,
          25.9668075
        ]
      },
      "properties": {
        "amenity": "hospital",
        "healthcare": "hospital",
        "name": "Notkhana Kusto Hospital, Hospital"
      }
    },
    {
      "type": "Feature",
      "geometry": {
        "type": "Point",
        "coordinates": [
          88.8424733,
          25.9842249
        ]
      },
      "properties": {
        "amenity": "hospital",
        "healthcare": "hospital",
        "name": "Palash Bari Diabetes Clinic, Hospital"
      }
    },
    {
      "type": "Feature",
      "geometry": {
        "type": "Point",
        "coordinates": [
          88.8461242,
          25.9695585
        ]
      },
      "properties": {
        "amenity": "hospital",
        "healthcare": "hospital",
        "name": "Danish Bangladesh Leprosy Mission, Hospital"
      }
    },
    {
      "type": "Feature",
      "geometry": {
        "type": "Point",
        "coordinates": [
          88.830876,
          26.0312869
        ]
      },
      "properties": {
        "amenity": "hospital",
        "healthcare": "hospital",
        "name": "Laxmichup UH And FWC, Hospital"
      }
    },
    {
      "type": "Feature",
      "geometry": {
        "type": "Point",
        "coordinates": [
          92.1166466,
          24.5991665
        ]
      },
      "properties": {
        "amenity": "hospital",
        "healthcare": "hospital",
        "name": "Bodor Uddin General Hospital,"
      }
    },
    {
      "type": "Feature",
      "geometry": {
        "type": "Point",
        "coordinates": [
          88.7551739,
          26.1164544
        ]
      },
      "properties": {
        "amenity": "hospital",
        "healthcare": "hospital",
        "name": "Debiganj Sadar Hospital, Hospital"
      }
    },
    {
      "type": "Feature",
      "geometry": {
        "type": "Point",
        "coordinates": [
          92.1142693,
          24.5975352
        ]
      },
      "properties": {
        "amenity": "hospital",
        "healthcare": "hospital",
        "name": "JURI ADHUNIK PVT., HOSPITAL, Hospital"
      }
    },
    {
      "type": "Feature",
      "geometry": {
        "type": "Point",
        "coordinates": [
          92.1166584,
          24.599152
        ]
      },
      "properties": {
        "amenity": "hospital",
        "healthcare": "hospital",
        "name": "Bodor Uddin General Hospital, Hospital"
      }
    },
    {
      "type": "Feature",
      "geometry": {
        "type": "Point",
        "coordinates": [
          92.1270236,
          24.6074339
        ]
      },
      "properties": {
        "amenity": "hospital",
        "healthcare": "hospital",
        "name": "Upazila Health Complex, Hospital"
      }
    },
    {
      "type": "Feature",
      "geometry": {
        "type": "Point",
        "coordinates": [
          92.1832909,
          24.6911599
        ]
      },
      "properties": {
        "amenity": "hospital",
        "healthcare": "hospital",
        "name": "Barlekha City Clinik, Hospital"
      }
    },
    {
      "type": "Feature",
      "geometry": {
        "type": "Point",
        "coordinates": [
          92.1868066,
          24.6945951
        ]
      },
      "properties": {
        "amenity": "hospital",
        "healthcare": "hospital",
        "name": "Misbah Pharmacy, Hospital"
      }
    },
    {
      "type": "Feature",
      "geometry": {
        "type": "Point",
        "coordinates": [
          92.1849897,
          24.6937442
        ]
      },
      "properties": {
        "amenity": "hospital",
        "healthcare": "hospital",
        "name": "Barlekha Upazila Health Complex, Hospital"
      }
    },
    {
      "type": "Feature",
      "geometry": {
        "type": "Point",
        "coordinates": [
          92.1609817,
          24.8267328
        ]
      },
      "properties": {
        "amenity": "hospital",
        "healthcare": "hospital",
        "name": "Beanibazar Diabetic and Hormone Centre, Hospital"
      }
    },
    {
      "type": "Feature",
      "geometry": {
        "type": "Point",
        "coordinates": [
          92.1617706,
          24.8279281
        ]
      },
      "properties": {
        "amenity": "hospital",
        "healthcare": "hospital",
        "name": "New Life General Hospital, Hospital"
      }
    },
    {
      "type": "Feature",
      "geometry": {
        "type": "Point",
        "coordinates": [
          92.1610451,
          24.8236948
        ]
      },
      "properties": {
        "amenity": "hospital",
        "healthcare": "hospital",
        "name": "Hill View Hospital, Hospital"
      }
    },
    {
      "type": "Feature",
      "geometry": {
        "type": "Point",
        "coordinates": [
          92.1620956,
          24.8298612
        ]
      },
      "properties": {
        "amenity": "hospital",
        "healthcare": "hospital",
        "name": "Beanibazar animal hospital, Hospital"
      }
    },
    {
      "type": "Feature",
      "geometry": {
        "type": "Point",
        "coordinates": [
          88.5548581,
          26.2028597
        ]
      },
      "properties": {
        "amenity": "hospital",
        "healthcare": "hospital",
        "name": "Surma General Hospital and diagnostic centre, Hospital"
      }
    },
    {
      "type": "Feature",
      "geometry": {
        "type": "Point",
        "coordinates": [
          88.5550295,
          26.202913
        ]
      },
      "properties": {
        "amenity": "hospital",
        "healthcare": "hospital",
        "name": "B Four General Hospital, Hospital"
      }
    },
    {
      "type": "Feature",
      "geometry": {
        "type": "Point",
        "coordinates": [
          88.5553827,
          26.199342
        ]
      },
      "properties": {
        "amenity": "hospital",
        "healthcare": "hospital",
        "name": "Upazila Livestock Department and Veterinary Hospital, Animal hospital"
      }
    },
    {
      "type": "Feature",
      "geometry": {
        "type": "Point",
        "coordinates": [
          88.554056,
          26.2026186
        ]
      },
      "properties": {
        "amenity": "hospital",
        "healthcare": "hospital",
        "name": "Boda Upazila Health Complex, Hospital"
      }
    },
    {
      "type": "Feature",
      "geometry": {
        "type": "Point",
        "coordinates": [
          88.5569407,
          26.3442635
        ]
      },
      "properties": {
        "amenity": "hospital",
        "healthcare": "hospital",
        "name": "Diabetic Hospital Panchagarh, Hospital"
      }
    },
    {
      "type": "Feature",
      "geometry": {
        "type": "Point",
        "coordinates": [
          88.5588687,
          26.2531121
        ]
      },
      "properties": {
        "amenity": "hospital",
        "healthcare": "hospital",
        "name": "Rashed Medical Store, Hospital"
      }
    },
    {
      "type": "Feature",
      "geometry": {
        "type": "Point",
        "coordinates": [
          88.554884,
          26.3344195
        ]
      },
      "properties": {
        "amenity": "hospital",
        "healthcare": "hospital",
        "name": "Health Care Specialized Hospital, Hospital"
      }
    },
    {
      "type": "Feature",
      "geometry": {
        "type": "Point",
        "coordinates": [
          90.3470998,
          23.7882071
        ]
      },
      "properties": {
        "amenity": "hospital",
        "healthcare": "hospital",
        "name": "Sorkari Bohi:Bivagio Dispensary, Government hospital"
      }
    },
    {
      "type": "Feature",
      "geometry": {
        "type": "Point",
        "coordinates": [
          90.341372,
          23.7890918
        ]
      },
      "properties": {
        "amenity": "hospital",
        "healthcare": "hospital",
        "name": "Dr. A R Khan Hospital, Hospital"
      }
    },
    {
      "type": "Feature",
      "geometry": {
        "type": "Point",
        "coordinates": [
          90.3536692,
          23.7885153
        ]
      },
      "properties": {
        "amenity": "hospital",
        "healthcare": "hospital",
        "name": "National Heart Foundation, Heart Hospital",
        "wheelchair": "yes"
      }
    },
    {
      "type": "Feature",
      "geometry": {
        "type": "Point",
        "coordinates": [
          90.3551563,
          23.7992345
        ]
      },
      "properties": {
        "amenity": "hospital",
        "healthcare": "hospital",
        "name": "Zakia memorial Hospital LTD, Hospital"
      }
    },
    {
      "type": "Feature",
      "geometry": {
        "type": "Point",
        "coordinates": [
          90.3540994,
          23.7975926
        ]
      },
      "properties": {
        "amenity": "hospital",
        "healthcare": "hospital",
        "name": "B.M. Hospital, Hospital",
        "wheelchair": "no"
      }
    },
    {
      "type": "Feature",
      "geometry": {
        "type": "Point",
        "coordinates": [
          90.355491,
          23.7993511
        ]
      },
      "properties": {
        "amenity": "hospital",
        "healthcare": "hospital",
        "name": "Bushra Clinic, Hospital"
      }
    },
    {
      "type": "Feature",
      "geometry": {
        "type": "Point",
        "coordinates": [
          90.3548049,
          23.7992472
        ]
      },
      "properties": {
        "amenity": "hospital",
        "healthcare": "hospital",
        "name": "SuperCare Hospital And Trauma Center, Hospital"
      }
    },
    {
      "type": "Feature",
      "geometry": {
        "type": "Point",
        "coordinates": [
          90.387635,
          23.7911556
        ]
      },
      "properties": {
        "amenity": "hospital",
        "healthcare": "hospital",
        "name": "Combined Care Hospital LTD, Hospital"
      }
    },
    {
      "type": "Feature",
      "geometry": {
        "type": "Point",
        "coordinates": [
          90.3819769,
          23.7993964
        ]
      },
      "properties": {
        "amenity": "hospital",
        "healthcare": "hospital",
        "name": "Homeopathic Charitable Hospital, Hospital"
      }
    },
    {
      "type": "Feature",
      "geometry": {
        "type": "Point",
        "coordinates": [
          90.367232,
          23.8064718
        ]
      },
      "properties": {
        "amenity": "hospital",
        "healthcare": "hospital",
        "name": "National Healthcare Network, Ibrahim General Hospital, Hospital"
      }
    },
    {
      "type": "Feature",
      "geometry": {
        "type": "Point",
        "coordinates": [
          90.3678648,
          23.8080055
        ]
      },
      "properties": {
        "amenity": "hospital",
        "healthcare": "hospital",
        "name": "FSCD Burn Unite Hospital, Hospital",
        "wheelchair": "yes"
      }
    },
    {
      "type": "Feature",
      "geometry": {
        "type": "Point",
        "coordinates": [
          90.3879243,
          23.7990528
        ]
      },
      "properties": {
        "amenity": "hospital",
        "healthcare": "hospital",
        "name": "Dhaka Dental College And Hospital, Government hospital"
      }
    },
    {
      "type": "Feature",
      "geometry": {
        "type": "Point",
        "coordinates": [
          90.3525702,
          23.7995461
        ]
      },
      "properties": {
        "amenity": "hospital",
        "healthcare": "hospital",
        "name": "Newton maternity clinic, Hospital"
      }
    },
    {
      "type": "Feature",
      "geometry": {
        "type": "Point",
        "coordinates": [
          90.370032,
          23.8073458
        ]
      },
      "properties": {
        "amenity": "hospital",
        "healthcare": "hospital",
        "name": "Radda MCH-FP Centre (Mirpur-10), Hospital"
      }
    },
    {
      "type": "Feature",
      "geometry": {
        "type": "Point",
        "coordinates": [
          90.370015,
          23.8075607
        ]
      },
      "properties": {
        "amenity": "hospital",
        "healthcare": "hospital",
        "name": "Government Outdoor Dispensary mirpur 10 (GPD), Hospital"
      }
    },
    {
      "type": "Feature",
      "geometry": {
        "type": "Point",
        "coordinates": [
          90.312085,
          23.8698113
        ]
      },
      "properties": {
        "amenity": "hospital",
        "healthcare": "hospital",
        "name": "Mayer Hasi General Hospital and Diagnostic Center, Hospital"
      }
    },
    {
      "type": "Feature",
      "geometry": {
        "type": "Point",
        "coordinates": [
          90.320257,
          23.8579719
        ]
      },
      "properties": {
        "amenity": "hospital",
        "healthcare": "hospital",
        "name": "Birulia sub health centre, Hospital"
      }
    },
    {
      "type": "Feature",
      "geometry": {
        "type": "Point",
        "coordinates": [
          90.332647,
          23.8941732
        ]
      },
      "properties": {
        "amenity": "hospital",
        "healthcare": "hospital",
        "name": "Remedy General Hospital, Hospital"
      }
    },
    {
      "type": "Feature",
      "geometry": {
        "type": "Point",
        "coordinates": [
          90.42027,
          23.7631641
        ]
      },
      "properties": {
        "addr:housenumber": "381/A",
        "addr:postcode": "1219",
        "addr:street": "West Rampura, DIT Road",
        "amenity": "clinic",
        "name": "Delta Health Care, Rampura Limited"
      }
    },
    {
      "type": "Feature",
      "geometry": {
        "type": "Point",
        "coordinates": [
          90.3217154,
          23.9927311
        ]
      },
      "properties": {
        "addr:city": "Gazipur",
        "addr:postcode": "1346",
        "addr:street": "Kashimpur Road",
        "amenity": "hospital",
        "contact:facebook": "https://www.facebook.com/citydigitalhospital/",
        "healthcare": "hospital",
        "name": "\u09b8\u09bf\u099f\u09bf \u09a1\u09bf\u099c\u09bf\u099f\u09be\u09b2 \u09a1\u09be\u09af\u09bc\u09be\u0997\u09a8\u09b8\u09cd\u099f\u09bf\u0995 \u098f\u09a8\u09cd\u09a1 \u0995\u09a8\u09b8\u09be\u09b2\u099f\u09c7\u09b6\u09a8 \u09b8\u09c7\u09a8\u09cd\u099f\u09be\u09b0"
      }
    },
    {
      "type": "Feature",
      "geometry": {
        "type": "Point",
        "coordinates": [
          90.3647961,
          23.7726957
        ]
      },
      "properties": {
        "amenity": "hospital",
        "healthcare": "hospital",
        "name": "Shefa General Hospital & Diagnostic Centre"
      }
    },
    {
      "type": "Feature",
      "geometry": {
        "type": "Point",
        "coordinates": [
          91.827983,
          22.3601439
        ]
      },
      "properties": {
        "addr:city": "Chittagong",
        "addr:housenumber": "1486/1672",
        "addr:postcode": "4000",
        "addr:street": "O. R. Nizam Road",
        "amenity": "clinic",
        "healthcare": "clinic",
        "healthcare:speciality": "fertility",
        "name": "Lin Nissa Fertility Center"
      }
    },
    {
      "type": "Feature",
      "geometry": {
        "type": "Point",
        "coordinates": [
          90.3624958,
          22.6583516
        ]
      },
      "properties": {
        "amenity": "hospital",
        "name": "University Medical Centre"
      }
    },
    {
      "type": "Feature",
      "geometry": {
        "type": "Point",
        "coordinates": [
          90.3619416,
          22.6927683
        ]
      },
      "properties": {
        "amenity": "hospital",
        "name": "Popular diagnostic center"
      }
    },
    {
      "type": "Feature",
      "geometry": {
        "type": "Point",
        "coordinates": [
          89.6900073,
          24.4662253
        ]
      },
      "properties": {
        "amenity": "hospital",
        "healthcare": "hospital",
        "name": "\u098f\u0996\u09be\u09a8\u09c7 \u099a\u09be\u0981\u09a6\u09be \u09a4\u09cb\u09b2\u09be \u09b9\u09af\u09bc"
      }
    },
    {
      "type": "Feature",
      "geometry": {
        "type": "Point",
        "coordinates": [
          89.6901333,
          24.4543088
        ]
      },
      "properties": {
        "amenity": "hospital",
        "healthcare": "hospital",
        "name": "\u098f\u0996\u09be\u09a8\u09c7 \u099a\u09be\u0981\u09a6\u09be \u09a4\u09cb\u09b2\u09be \u09b9\u09af\u09bc"
      }
    },
    {
      "type": "Feature",
      "geometry": {
        "type": "Point",
        "coordinates": [
          90.2946315,
          24.0238607
        ]
      },
      "properties": {
        "addr:street": "Mouchak - Fulbaria Rd",
        "amenity": "hospital",
        "healthcare": "hospital",
        "name": "\u09b8\u09c1\u09ab\u09bf\u09df\u09be \u09b9\u09b8\u09aa\u09bf\u099f\u09be\u09b2 \u098f\u09a8\u09cd\u09a1 \u09a1\u09be\u09df\u09be\u0997\u09a8\u09b7\u09cd\u099f\u09bf\u0995 \u0995\u09ae\u09aa\u09cd\u09b2\u09c7\u0995\u09cd\u09b8",
        "opening_hours": "24/7",
        "phone": "01324204688"
      }
    },
    {
      "type": "Feature",
      "geometry": {
        "type": "Point",
        "coordinates": [
          90.2943221,
          24.0230145
        ]
      },
      "properties": {
        "addr:street": "Dhaka - Tangail Highway",
        "amenity": "hospital",
        "healthcare": "hospital",
        "name": "\u09ae\u09cc\u099a\u09be\u0995 \u09aa\u09aa\u09c1\u09b2\u09be\u09b0 \u09b9\u09b8\u09aa\u09bf\u099f\u09be\u09b2",
        "name:en": "Mouchak Popular Hospital",
        "opening_hours": "24/7",
        "phone": "01779309835"
      }
    },
    {
      "type": "Feature",
      "geometry": {
        "type": "Point",
        "coordinates": [
          89.9164511,
          24.2537322
        ]
      },
      "properties": {
        "amenity": "hospital",
        "healthcare": "hospital",
        "name": "Central Mucta Hospital"
      }
    },
    {
      "type": "Feature",
      "geometry": {
        "type": "Point",
        "coordinates": [
          90.3619802,
          23.9904266
        ]
      },
      "properties": {
        "addr:street": "Dhaka - Tangail Highway",
        "amenity": "hospital",
        "healthcare": "hospital",
        "name": "\u09b8\u09bf\u099f\u09bf \u09ae\u09c7\u09a1\u09bf\u0995\u09c7\u09b2 \u0995\u09b2\u09c7\u099c \u098f\u09a8\u09cd\u09a1 \u09b9\u09b8\u09aa\u09bf\u099f\u09be\u09b2,\u0997\u09be\u099c\u09c0\u09aa\u09c1\u09b0",
        "opening_hours": "24/7",
        "phone": "01770178257",
        "website": "http://cimch.com"
      }
    },
    {
      "type": "Feature",
      "geometry": {
        "type": "Point",
        "coordinates": [
          90.4536461,
          24.0989726
        ]
      },
      "properties": {
        "amenity": "clinic",
        "healthcare": "clinic",
        "name": "\u09b0\u09be\u099c\u09c7\u09a8\u09cd\u09a6\u09cd\u09b0\u09aa\u09c1\u09b0 \u099c\u09c7\u09a8\u09be\u09b0\u09c7\u09b2 \u09b9\u09b8\u09aa\u09bf\u099f\u09be\u09b2 \u0985\u09cd\u09af\u09be\u09a8\u09cd\u09a1 \u09a1\u09be\u09af\u09bc\u09be\u0997\u09a8\u09b7\u09cd\u099f\u09bf\u0995 \u09b8\u09c7\u09a8\u09cd\u099f\u09be\u09b0",
        "opening_hours": "24/7",
        "phone": "01747999299"
      }
    },
    {
      "type": "Feature",
      "geometry": {
        "type": "Point",
        "coordinates": [
          89.4187844,
          23.7871221
        ]
      },
      "properties": {
        "addr:housenumber": "2nd floor Bismillah Tower",
        "amenity": "clinic",
        "healthcare": "clinic",
        "name": "\u0987\u09a8\u09b8\u09be\u09ab \u09a1\u09be\u09af\u09bc\u09be\u0997\u09a8\u09b8\u09cd\u099f\u09bf\u0995 \u09b8\u09c7\u09a8\u09cd\u099f\u09be\u09b0"
      }
    },
    {
      "type": "Feature",
      "geometry": {
        "type": "Point",
        "coordinates": [
          91.3844387,
          23.0094797
        ]
      },
      "properties": {
        "amenity": "hospital",
        "healthcare": "hospital",
        "name": "New Upasham General Hospital Ltd."
      }
    },
    {
      "type": "Feature",
      "geometry": {
        "type": "Point",
        "coordinates": [
          91.3859532,
          23.0092788
        ]
      },
      "properties": {
        "amenity": "clinic",
        "healthcare": "clinic",
        "name": "Doctor's Dream Lab"
      }
    },
    {
      "type": "Feature",
      "geometry": {
        "type": "Point",
        "coordinates": [
          91.3935541,
          23.0086548
        ]
      },
      "properties": {
        "amenity": "hospital",
        "healthcare": "hospital",
        "name": "Al Chemi Hospital"
      }
    },
    {
      "type": "Feature",
      "geometry": {
        "type": "Point",
        "coordinates": [
          88.5551931,
          26.1966532
        ]
      },
      "properties": {
        "addr:city": "\u09ac\u09cb\u09a6\u09be",
        "addr:postcode": "5010",
        "addr:street": "\u09a1\u09be\u0995 \u09ac\u09be\u0982\u09b2\u09cb \u09b0\u09cb\u09a1 (Daak Bangla Road)",
        "amenity": "hospital",
        "healthcare": "hospital",
        "healthcare:speciality": "gynaecology;biology;psychiatry;internal;physiotherapy",
        "name": "Child Health & Mother Care Hospital (\u09ae\u09be \u0993 \u09b6\u09bf\u09b6\u09c1 \u0995\u09b2\u09cd\u09af\u09be\u09a3 \u0995\u09c7\u09a8\u09cd\u09a6\u09cd\u09b0, \u09ac\u09cb\u09a6\u09be, \u09aa\u099e\u09cd\u099a\u0997\u09a1\u09bc)",
        "name:bn": "\u09ae\u09be \u0993 \u09b6\u09bf\u09b6\u09c1 \u0995\u09b2\u09cd\u09af\u09be\u09a3 \u0995\u09c7\u09a8\u09cd\u09a6\u09cd\u09b0, \u09ac\u09cb\u09a6\u09be, \u09aa\u099e\u09cd\u099a\u0997\u09dc",
        "operator": "\u09ae\u09be \u0993 \u09b6\u09bf\u09b6\u09c1 \u0995\u09b2\u09cd\u09af\u09be\u09a3 \u0995\u09c7\u09a8\u09cd\u09a6\u09cd\u09b0, \u09ac\u09cb\u09a6\u09be, \u09aa\u099e\u09cd\u099a\u0997\u09a1\u09bc",
        "operator:type": "public"
      }
    },
    {
      "type": "Feature",
      "geometry": {
        "type": "Point",
        "coordinates": [
          91.9434882,
          22.3523022
        ]
      },
      "properties": {
        "amenity": "clinic",
        "check_date": "2026-03-26",
        "healthcare": "clinic",
        "name": "\u09b8\u09be\u09b0\u09cb\u09df\u09be\u09b0\u09a4\u09b2\u09c0 \u0987\u0989\u09a8\u09bf\u09df\u09a8 \u09b8\u09cd\u09ac\u09be\u09b8\u09cd\u09a5\u09cd\u09af \u0993 \u09aa\u09b0\u09bf\u09ac\u09be\u09b0 \u0995\u09b2\u09cd\u09af\u09be\u09a3 \u0995\u09c7\u09a8\u09cd\u09a6\u09cd\u09b0"
      }
    },
    {
      "type": "Feature",
      "geometry": {
        "type": "Point",
        "coordinates": [
          88.9965509,
          24.4117018
        ]
      },
      "properties": {
        "amenity": "clinic",
        "healthcare": "clinic",
        "name": "Ideal Diagnostic Centre, Natore"
      }
    },
    {
      "type": "Feature",
      "geometry": {
        "type": "Point",
        "coordinates": [
          88.9979092,
          24.411785
        ]
      },
      "properties": {
        "amenity": "clinic",
        "healthcare": "clinic",
        "name": "Bandhan Clinic"
      }
    },
    {
      "type": "Feature",
      "geometry": {
        "type": "Point",
        "coordinates": [
          90.3936411,
          23.738687
        ]
      },
      "properties": {
        "amenity": "hospital",
        "name": "Medicine and Dental OPD PG Hospital"
      }
    },
    {
      "type": "Feature",
      "geometry": {
        "type": "Point",
        "coordinates": [
          90.3941414,
          23.7386957
        ]
      },
      "properties": {
        "addr:housenumber": "2",
        "addr:street": "\u09b6\u09be\u09b9\u09ac\u09be\u0997 \u09b0\u09cb\u09a1",
        "amenity": "hospital",
        "name": "BMU Surgery OPD"
      }
    },
    {
      "type": "Feature",
      "geometry": {
        "type": "Point",
        "coordinates": [
          90.0055881,
          23.858687
        ]
      },
      "properties": {
        "addr:postcode": "1800",
        "addr:street": "Girls' School Road",
        "amenity": "hospital",
        "name:en": "\u09ae\u09be \u0993 \u09b6\u09bf\u09b6\u09c1 \u0995\u09b2\u09cd\u09af\u09be\u09a3 \u0995\u09c7\u09a8\u09cd\u09a6\u09cd\u09b0,\u09b8\u09a6\u09b0,\u09ae\u09be\u09a8\u09bf\u0995\u0997\u099e\u09cd\u099c"
      }
    }
  ]
}