{"type": "FeatureCollection", "features": [{"type": "Feature", "geometry": {"type": "Point", "coordinates": [122.974, 10.0207]}, "properties": {"country": "Phillipines", "cause": "Torrential rain", "date": "1985-01-20", "dead": "43"}}, {"type": "Feature", "geometry": {"type": "Point", "coordinates": [124.606, 1.01489]}, "properties": {"country": "Indonesia", "cause": "Torrential rain", "date": "1985-02-04", "dead": "21"}}, {"type": "Feature", "geometry": {"type": "Point", "coordinates": [108.14, -7.04008]}, "properties": {"country": "Indonesia", "cause": "Heavy rain", "date": "1985-02-19", "dead": "10"}}, {"type": "Feature", "geometry": {"type": "Point", "coordinates": [127.897, 48.0917]}, "properties": {"country": "China", "cause": "Ice jam/break-up", "date": "1985-04-21", "dead": "0"}}, {"type": "Feature", "geometry": {"type": "Point", "coordinates": [109.57, 25.6694]}, "properties": {"country": "China", "cause": "Heavy rain", "date": "1985-05-26", "dead": "64"}}, {"type": "Feature", "geometry": {"type": "Point", "coordinates": [91.8542, 24.6497]}, "properties": {"country": "Bangladesh", "cause": "Heavy rain", "date": "1985-06-03", "dead": "7"}}, {"type": "Feature", "geometry": {"type": "Point", "coordinates": [120.916, 14.7417]}, "properties": {"country": "Philippines", "cause": "Tropical cyclone", "date": "1985-06-22", "dead": "98"}}, {"type": "Feature", "geometry": {"type": "Point", "coordinates": [75.0937, 14.5398]}, "properties": {"country": "India", "cause": "Heavy rain", "date": "1985-06-23", "dead": "95"}}, {"type": "Feature", "geometry": {"type": "Point", "coordinates": [109.974, 27.7882]}, "properties": {"country": "China", "cause": "Heavy rain", "date": "1985-06-28", "dead": "275"}}, {"type": "Feature", "geometry": {"type": "Point", "coordinates": [89.9853, 22.6176]}, "properties": {"country": "Bangladesh", "cause": "Heavy rain", "date": "1985-07-03", "dead": "2"}}, {"type": "Feature", "geometry": {"type": "Point", "coordinates": [76.9103, 32.8353]}, "properties": {"country": "India", "cause": "Heavy rain", "date": "1985-07-18", "dead": "340"}}, {"type": "Feature", "geometry": {"type": "Point", "coordinates": [125.156, 42.6953]}, "properties": {"country": "China", "cause": "Tropical cyclone", "date": "1985-07-20", "dead": "200"}}, {"type": "Feature", "geometry": {"type": "Point", "coordinates": [90.1999, 23.1028]}, "properties": {"country": "Bangladesh", "cause": "Heavy rain", "date": "1985-07-21", "dead": "15"}}, {"type": "Feature", "geometry": {"type": "Point", "coordinates": [120.376, 31.5112]}, "properties": {"country": "China", "cause": "Heavy rain", "date": "1985-08-01", "dead": "3"}}, {"type": "Feature", "geometry": {"type": "Point", "coordinates": [87.1258, 27.5049]}, "properties": {"country": "Nepal", "cause": "Heavy Rain", "date": "1985-08-04", "dead": "3"}}, {"type": "Feature", "geometry": {"type": "Point", "coordinates": [100.797, 23.5255]}, "properties": {"country": "China", "cause": "Heavy rain", "date": "1985-08-06", "dead": "283"}}, {"type": "Feature", "geometry": {"type": "Point", "coordinates": [111.342, 25.3728]}, "properties": {"country": "China", "cause": "Tropical cyclone", "date": "1985-08-30", "dead": "147"}}, {"type": "Feature", "geometry": {"type": "Point", "coordinates": [109.825, 21.6782]}, "properties": {"country": "China", "cause": "Heavy rain", "date": "1985-08-30", "dead": "0"}}, {"type": "Feature", "geometry": {"type": "Point", "coordinates": [142.796, 43.4577]}, "properties": {"country": "Japan", "cause": "Tropical cyclone", "date": "1985-09-01", "dead": "11"}}, {"type": "Feature", "geometry": {"type": "Point", "coordinates": [110.542, 21.0725]}, "properties": {"country": "China", "cause": "Heavy rain", "date": "1985-09-01", "dead": "26"}}, {"type": "Feature", "geometry": {"type": "Point", "coordinates": [86.3518, 27.3195]}, "properties": {"country": "Nepal", "cause": "Heavy rain", "date": "1985-09-06", "dead": "30"}}, {"type": "Feature", "geometry": {"type": "Point", "coordinates": [82.8434, 26.4816]}, "properties": {"country": "India", "cause": "Heavy Rain", "date": "1985-09-13", "dead": "557"}}, {"type": "Feature", "geometry": {"type": "Point", "coordinates": [89.6457, 24.7027]}, "properties": {"country": "Bangladesh", "cause": "Heavy Rain", "date": "1985-09-27", "dead": "0"}}, {"type": "Feature", "geometry": {"type": "Point", "coordinates": [99.6423, 12.9425]}, "properties": {"country": "Thailand", "cause": "Heavy Rain", "date": "1985-10-12", "dead": "18"}}, {"type": "Feature", "geometry": {"type": "Point", "coordinates": [86.7154, 21.1495]}, "properties": {"country": "India", "cause": "Tropical cyclone", "date": "1985-10-18", "dead": "49"}}, {"type": "Feature", "geometry": {"type": "Point", "coordinates": [121.138, 16.1135]}, "properties": {"country": "Phillipines", "cause": "Tropical cyclone", "date": "1985-10-19", "dead": "31"}}, {"type": "Feature", "geometry": {"type": "Point", "coordinates": [49.8267, 33.3427]}, "properties": {"country": "Iran", "cause": "Heavy rain", "date": "1986-05-02", "dead": "26"}}, {"type": "Feature", "geometry": {"type": "Point", "coordinates": [100.638, 15.0651]}, "properties": {"country": "Thailand", "cause": "Monsoonal rain", "date": "1986-05-09", "dead": "32"}}, {"type": "Feature", "geometry": {"type": "Point", "coordinates": [120.905, 15.6456]}, "properties": {"country": "Philippines", "cause": "Tropical cyclone", "date": "1986-07-09", "dead": "103"}}, {"type": "Feature", "geometry": {"type": "Point", "coordinates": [84.0726, 25.6339]}, "properties": {"country": "India", "cause": "Monsoonal rain", "date": "1986-06-15", "dead": "258"}}, {"type": "Feature", "geometry": {"type": "Point", "coordinates": [105.593, 21.5735]}, "properties": {"country": "Vietnam", "cause": "Heavy rain", "date": "1986-07-25", "dead": "0"}}, {"type": "Feature", "geometry": {"type": "Point", "coordinates": [140.195, 35.9088]}, "properties": {"country": "Japan", "cause": "Tropical cyclone", "date": "1986-08-05", "dead": "17"}}, {"type": "Feature", "geometry": {"type": "Point", "coordinates": [80.187, 17.4331]}, "properties": {"country": "India", "cause": "Monsoonal rain", "date": "1986-08-15", "dead": "150"}}, {"type": "Feature", "geometry": {"type": "Point", "coordinates": [89.4296, 23.6547]}, "properties": {"country": "India", "cause": "Heavy rain", "date": "1986-09-22", "dead": "49"}}, {"type": "Feature", "geometry": {"type": "Point", "coordinates": [120.882, 14.6553]}, "properties": {"country": "Philippines", "cause": "Heavy rain", "date": "1986-10-06", "dead": "18"}}, {"type": "Feature", "geometry": {"type": "Point", "coordinates": [106.005, -3.70717]}, "properties": {"country": "Indonesia", "cause": "Heavy rain", "date": "1986-10-27", "dead": "93"}}, {"type": "Feature", "geometry": {"type": "Point", "coordinates": [50.5509, 29.8651]}, "properties": {"country": "Iran", "cause": "Heavy rain", "date": "1986-11-30", "dead": "200"}}, {"type": "Feature", "geometry": {"type": "Point", "coordinates": [108.708, 13.9153]}, "properties": {"country": "Vietnam", "cause": "Heavy rain", "date": "1986-12-03", "dead": "165"}}, {"type": "Feature", "geometry": {"type": "Point", "coordinates": [41.8577, 43.1418]}, "properties": {"country": "Georgia", "cause": "Heavy rain", "date": "1987-01-28", "dead": "110"}}, {"type": "Feature", "geometry": {"type": "Point", "coordinates": [133.687, 34.973]}, "properties": {"country": "Japan", "cause": "Tropical cyclone", "date": "1987-10-16", "dead": "8"}}, {"type": "Feature", "geometry": {"type": "Point", "coordinates": [33.9157, 28.4698]}, "properties": {"country": "Lebanon", "cause": "Torrential rain", "date": "1987-10-17", "dead": "10"}}, {"type": "Feature", "geometry": {"type": "Point", "coordinates": [121.527, 25.0202]}, "properties": {"country": "Taiwan", "cause": "Tropical cyclone", "date": "1987-10-24", "dead": "49"}}, {"type": "Feature", "geometry": {"type": "Point", "coordinates": [108.372, 13.9903]}, "properties": {"country": "Vietnam", "cause": "Torrential rain", "date": "1987-12-05", "dead": "86"}}, {"type": "Feature", "geometry": {"type": "Point", "coordinates": [121.197, 14.6581]}, "properties": {"country": "Philippines", "cause": "Tropical cyclone", "date": "1988-06-01", "dead": "35"}}, {"type": "Feature", "geometry": {"type": "Point", "coordinates": [32.9515, 40.0061]}, "properties": {"country": "Turkey", "cause": "Torrential rain", "date": "1988-06-12", "dead": "16"}}, {"type": "Feature", "geometry": {"type": "Point", "coordinates": [80.7246, 28.886]}, "properties": {"country": "India", "cause": "Monsoonal rain", "date": "1988-07-04", "dead": "233"}}, {"type": "Feature", "geometry": {"type": "Point", "coordinates": [120.998, 30.1638]}, "properties": {"country": "China", "cause": "Tropical cyclone", "date": "1988-08-07", "dead": "117"}}, {"type": "Feature", "geometry": {"type": "Point", "coordinates": [86.5429, 26.5037]}, "properties": {"country": "India", "cause": "Monsoonal rain", "date": "1988-08-23", "dead": "876"}}, {"type": "Feature", "geometry": {"type": "Point", "coordinates": [118.345, 25.7425]}, "properties": {"country": "China", "cause": "Tropical cyclone", "date": "1988-09-20", "dead": "9"}}, {"type": "Feature", "geometry": {"type": "Point", "coordinates": [75.0459, 30.9339]}, "properties": {"country": "India", "cause": "Heavy rain", "date": "1988-09-21", "dead": "731"}}, {"type": "Feature", "geometry": {"type": "Point", "coordinates": [106.498, 17.6857]}, "properties": {"country": "Vietnam", "cause": "Tropical cyclone", "date": "1988-10-10", "dead": "100"}}, {"type": "Feature", "geometry": {"type": "Point", "coordinates": [125.763, 8.56968]}, "properties": {"country": "Philippines", "cause": "Tropical cyclone", "date": "1988-10-22", "dead": "181"}}, {"type": "Feature", "geometry": {"type": "Point", "coordinates": [123.271, 13.6637]}, "properties": {"country": "Philippines", "cause": "Tropical cyclone", "date": "1988-11-04", "dead": "255"}}, {"type": "Feature", "geometry": {"type": "Point", "coordinates": [99.8198, 8.29737]}, "properties": {"country": "Thailand", "cause": "Torrential rain", "date": "1988-11-20", "dead": "386"}}, {"type": "Feature", "geometry": {"type": "Point", "coordinates": [109.96, -6.93061]}, "properties": {"country": "Indonesia", "cause": "Torrential rain", "date": "1988-12-17", "dead": "40"}}, {"type": "Feature", "geometry": {"type": "Point", "coordinates": [-3.96448, 50.9569]}, "properties": {"country": "Indonesia", "cause": "Tropical cyclone", "date": "1989-01-17", "dead": "35"}}, {"type": "Feature", "geometry": {"type": "Point", "coordinates": [49.9988, 15.9819]}, "properties": {"country": "Yemen", "cause": "Monsoon rain", "date": "1989-03-19", "dead": "53"}}, {"type": "Feature", "geometry": {"type": "Point", "coordinates": [90.9326, 23.5967]}, "properties": {"country": "Bangladesh", "cause": "Monsoonal rain", "date": "1989-07-03", "dead": "2"}}, {"type": "Feature", "geometry": {"type": "Point", "coordinates": [114.154, 22.268]}, "properties": {"country": "China", "cause": "Heavy rain", "date": "1989-07-06", "dead": "1377"}}, {"type": "Feature", "geometry": {"type": "Point", "coordinates": [111.727, 27.5095]}, "properties": {"country": "China", "cause": "Heavy rain", "date": "1989-06-30", "dead": "18"}}, {"type": "Feature", "geometry": {"type": "Point", "coordinates": [104.284, 30.7561]}, "properties": {"country": "China", "cause": "Heavy rain", "date": "1989-07-11", "dead": "814"}}, {"type": "Feature", "geometry": {"type": "Point", "coordinates": [108.437, 23.2505]}, "properties": {"country": "China", "cause": "Heavy rain", "date": "1989-07-07", "dead": "50"}}, {"type": "Feature", "geometry": {"type": "Point", "coordinates": [106.757, 39.1329]}, "properties": {"country": "China", "cause": "Heavy rain", "date": "1989-07-10", "dead": "50"}}, {"type": "Feature", "geometry": {"type": "Point", "coordinates": [101.941, 36.391]}, "properties": {"country": "China", "cause": "Heavy rain", "date": "1989-07-16", "dead": "107"}}, {"type": "Feature", "geometry": {"type": "Point", "coordinates": [116.927, 32.3978]}, "properties": {"country": "China", "cause": "Heavy rain", "date": "1989-07-19", "dead": "3"}}, {"type": "Feature", "geometry": {"type": "Point", "coordinates": [120.795, 31.0772]}, "properties": {"country": "China", "cause": "Tropical cyclone", "date": "1989-07-20", "dead": "0"}}, {"type": "Feature", "geometry": {"type": "Point", "coordinates": [133.028, 45.8679]}, "properties": {"country": "China", "cause": "Heavy rain", "date": "1989-07-21", "dead": "24"}}, {"type": "Feature", "geometry": {"type": "Point", "coordinates": [76.4736, 15.1816]}, "properties": {"country": "India", "cause": "Monsoonal rain", "date": "1989-07-22", "dead": "780"}}, {"type": "Feature", "geometry": {"type": "Point", "coordinates": [91.6662, 24.5345]}, "properties": {"country": "Bangladesh", "cause": "Heavy rain", "date": "1989-07-06", "dead": "1"}}, {"type": "Feature", "geometry": {"type": "Point", "coordinates": [126.474, 43.5586]}, "properties": {"country": "China", "cause": "Monsoonal rain", "date": "1989-07-18", "dead": "63"}}, {"type": "Feature", "geometry": {"type": "Point", "coordinates": [92.8291, 24.8678]}, "properties": {"country": "India", "cause": "Monsoonal rain", "date": "1989-07-05", "dead": "31"}}, {"type": "Feature", "geometry": {"type": "Point", "coordinates": [85.1261, 27.8004]}, "properties": {"country": "Nepal", "cause": "Heavy rain", "date": "1989-07-22", "dead": "29"}}, {"type": "Feature", "geometry": {"type": "Point", "coordinates": [107.277, 30.2798]}, "properties": {"country": "China", "cause": "Heavy rain", "date": "1989-07-27", "dead": "3000"}}, {"type": "Feature", "geometry": {"type": "Point", "coordinates": [81.3231, 7.71597]}, "properties": {"country": "Sri Lanka", "cause": "Monsoonal rain", "date": "1989-07-27", "dead": "160"}}, {"type": "Feature", "geometry": {"type": "Point", "coordinates": [127.23, 37.5052]}, "properties": {"country": "South Korea", "cause": "Tropical cyclone", "date": "1989-07-25", "dead": "131"}}, {"type": "Feature", "geometry": {"type": "Point", "coordinates": [119.575, 27.3487]}, "properties": {"country": "China", "cause": "Tropical cyclone", "date": "1989-07-20", "dead": "104"}}, {"type": "Feature", "geometry": {"type": "Point", "coordinates": [128.994, 35.2449]}, "properties": {"country": "South Korea", "cause": "Tropical cyclone", "date": "1989-07-28", "dead": "21"}}, {"type": "Feature", "geometry": {"type": "Point", "coordinates": [106.969, -6.18356]}, "properties": {"country": "Indonesia", "cause": "Heavy rain", "date": "1989-07-31", "dead": "8"}}, {"type": "Feature", "geometry": {"type": "Point", "coordinates": [105.256, 19.952]}, "properties": {"country": "Vietnam", "cause": "Tropical cyclone", "date": "1989-07-25", "dead": "102"}}, {"type": "Feature", "geometry": {"type": "Point", "coordinates": [91.5698, 24.6208]}, "properties": {"country": "Bangladesh", "cause": "Monsoonal rain", "date": "1989-08-01", "dead": "200"}}, {"type": "Feature", "geometry": {"type": "Point", "coordinates": [101.905, 0.654819]}, "properties": {"country": "Indonesia", "cause": "Heavy rain", "date": "1989-08-09", "dead": "0"}}, {"type": "Feature", "geometry": {"type": "Point", "coordinates": [125.207, 11.8096]}, "properties": {"country": "Philippines", "cause": "Heavy rain", "date": "1989-08-09", "dead": "112"}}, {"type": "Feature", "geometry": {"type": "Point", "coordinates": [61.1056, 30.9519]}, "properties": {"country": "Iran", "cause": "Heavy rain", "date": "1989-08-07", "dead": "0"}}, {"type": "Feature", "geometry": {"type": "Point", "coordinates": [45.5551, 37.5488]}, "properties": {"country": "Iran", "cause": "Heavy rain", "date": "1989-08-17", "dead": "1"}}, {"type": "Feature", "geometry": {"type": "Point", "coordinates": [58.8318, 27.923]}, "properties": {"country": "Iran", "cause": "Heavy rain", "date": "1989-08-22", "dead": "6"}}, {"type": "Feature", "geometry": {"type": "Point", "coordinates": [139.821, 35.6705]}, "properties": {"country": "Japan", "cause": "Heavy rain", "date": "1989-08-25", "dead": "5"}}, {"type": "Feature", "geometry": {"type": "Point", "coordinates": [130.676, 32.7453]}, "properties": {"country": "Japan", "cause": "Heavy rain", "date": "1989-09-02", "dead": "7"}}, {"type": "Feature", "geometry": {"type": "Point", "coordinates": [87.4462, 27.1419]}, "properties": {"country": "Nepal", "cause": "Heavy rain", "date": "1989-09-01", "dead": "59"}}, {"type": "Feature", "geometry": {"type": "Point", "coordinates": [56.1825, 19.2399]}, "properties": {"country": "Oman", "cause": "Torrential rain", "date": "1989-09-14", "dead": "2"}}, {"type": "Feature", "geometry": {"type": "Point", "coordinates": [68.9544, 26.1618]}, "properties": {"country": "Pakistan", "cause": "Tropical cyclone", "date": "1989-09-17", "dead": "7"}}, {"type": "Feature", "geometry": {"type": "Point", "coordinates": [121.057, 14.6484]}, "properties": {"country": "Philippines", "cause": "Heavy rain", "date": "1989-09-23", "dead": "2"}}, {"type": "Feature", "geometry": {"type": "Point", "coordinates": [121.864, 18.0456]}, "properties": {"country": "Philippines", "cause": "Tropical cyclone", "date": "1989-10-06", "dead": "45"}}, {"type": "Feature", "geometry": {"type": "Point", "coordinates": [121.435, 17.3295]}, "properties": {"country": "Philippines", "cause": "Tropical cyclone", "date": "1989-07-16", "dead": "26"}}, {"type": "Feature", "geometry": {"type": "Point", "coordinates": [120.74, 16.6899]}, "properties": {"country": "Philippines", "cause": "Tropical cyclone", "date": "1989-09-10", "dead": "17"}}, {"type": "Feature", "geometry": {"type": "Point", "coordinates": [133.21, 49.8786]}, "properties": {"country": "Russia", "cause": "Heavy rain", "date": "1989-10-18", "dead": "2"}}, {"type": "Feature", "geometry": {"type": "Point", "coordinates": [125.689, 7.39136]}, "properties": {"country": "Philippines", "cause": "Tropical cyclone", "date": "1989-11-03", "dead": "30"}}, {"type": "Feature", "geometry": {"type": "Point", "coordinates": [125.926, 38.9874]}, "properties": {"country": "North Korea", "cause": "Heavy rain", "date": "1989-11-07", "dead": "0"}}, {"type": "Feature", "geometry": {"type": "Point", "coordinates": [80.4851, 6.65677]}, "properties": {"country": "Sri Lanka", "cause": "Heavy rain", "date": "1989-11-19", "dead": "4"}}, {"type": "Feature", "geometry": {"type": "Point", "coordinates": [121.52, 24.9855]}, "properties": {"country": "Taiwan", "cause": "Heavy rain", "date": "1989-12-16", "dead": "0"}}, {"type": "Feature", "geometry": {"type": "Point", "coordinates": [99.0254, 9.92112]}, "properties": {"country": "Thailand", "cause": "Tropical cyclone", "date": "1989-11-03", "dead": "304"}}, {"type": "Feature", "geometry": {"type": "Point", "coordinates": [101.364, -2.10794]}, "properties": {"country": "Indonesia", "cause": "Tropical cyclone", "date": "1989-01-17", "dead": "35"}}, {"type": "Feature", "geometry": {"type": "Point", "coordinates": [125.355, 11.2304]}, "properties": {"country": "Phillipines", "cause": "Monsoonal rain", "date": "1989-01-25", "dead": "72"}}, {"type": "Feature", "geometry": {"type": "Point", "coordinates": [109.606, -7.27055]}, "properties": {"country": "Indonesia", "cause": "Heavy rain", "date": "1989-02-21", "dead": "3"}}, {"type": "Feature", "geometry": {"type": "Point", "coordinates": [42.0695, 41.6531]}, "properties": {"country": "Georgia", "cause": "Rain and snowmelt", "date": "1989-04-18", "dead": "52"}}, {"type": "Feature", "geometry": {"type": "Point", "coordinates": [108.072, 15.7436]}, "properties": {"country": "Vietnam", "cause": "Tropical cyclone", "date": "1989-05-23", "dead": "140"}}, {"type": "Feature", "geometry": {"type": "Point", "coordinates": [126.068, 8.89905]}, "properties": {"country": "Phillipines", "cause": "Heavy rain", "date": "1989-06-01", "dead": "11"}}, {"type": "Feature", "geometry": {"type": "Point", "coordinates": [113.706, 22.8759]}, "properties": {"country": "China", "cause": "Tropical cyclone", "date": "1989-05-21", "dead": "84"}}, {"type": "Feature", "geometry": {"type": "Point", "coordinates": [80.3513, 7.12449]}, "properties": {"country": "Sri Lanka", "cause": "Heavy rain", "date": "1989-05-30", "dead": "315"}}, {"type": "Feature", "geometry": {"type": "Point", "coordinates": [96.0144, 34.5846]}, "properties": {"country": "China", "cause": "Heavy rain", "date": "1989-06-15", "dead": "3"}}, {"type": "Feature", "geometry": {"type": "Point", "coordinates": [107.033, 24.8295]}, "properties": {"country": "China", "cause": "Heavy rain", "date": "1989-06-21", "dead": "28"}}, {"type": "Feature", "geometry": {"type": "Point", "coordinates": [119.4, 29.0801]}, "properties": {"country": "China", "cause": "Heavy rain", "date": "1989-07-03", "dead": "38"}}, {"type": "Feature", "geometry": {"type": "Point", "coordinates": [80.4294, 6.91447]}, "properties": {"country": "Sri Lanka", "cause": "Heavy rain", "date": "1989-07-11", "dead": "14"}}, {"type": "Feature", "geometry": {"type": "Point", "coordinates": [120.513, 23.8905]}, "properties": {"country": "Taiwan", "cause": "Heavy rain", "date": "1989-07-26", "dead": "16"}}, {"type": "Feature", "geometry": {"type": "Point", "coordinates": [71.1137, 28.8877]}, "properties": {"country": "Pakistan", "cause": "Monsoonal rain", "date": "1989-07-29", "dead": "53"}}, {"type": "Feature", "geometry": {"type": "Point", "coordinates": [80.8611, 26.4375]}, "properties": {"country": "India", "cause": "Heavy rain", "date": "1989-09-03", "dead": "7"}}, {"type": "Feature", "geometry": {"type": "Point", "coordinates": [81.2516, 29.6046]}, "properties": {"country": "Nepal", "cause": "Heavy rain", "date": "1989-09-08", "dead": "16"}}, {"type": "Feature", "geometry": {"type": "Point", "coordinates": [120.657, 23.1441]}, "properties": {"country": "Taiwan", "cause": "Tropical cyclone", "date": "1989-09-12", "dead": "11"}}, {"type": "Feature", "geometry": {"type": "Point", "coordinates": [109.987, 19.1458]}, "properties": {"country": "China", "cause": "Tropical cyclone", "date": "1989-10-02", "dead": "31"}}, {"type": "Feature", "geometry": {"type": "Point", "coordinates": [80.8228, 7.60118]}, "properties": {"country": "Sri Lanka", "cause": "Heavy rain", "date": "1990-01-03", "dead": "33"}}, {"type": "Feature", "geometry": {"type": "Point", "coordinates": [110.479, -7.13095]}, "properties": {"country": "Indonesia", "cause": "Monsoonal rain", "date": "1990-01-26", "dead": "189"}}, {"type": "Feature", "geometry": {"type": "Point", "coordinates": [60.8533, 25.9245]}, "properties": {"country": "Iran", "cause": "Heavy rain", "date": "1990-02-11", "dead": "11"}}, {"type": "Feature", "geometry": {"type": "Point", "coordinates": [39.314, 38.9185]}, "properties": {"country": "Turkey", "cause": "Heavy rain", "date": "1990-02-18", "dead": "18"}}, {"type": "Feature", "geometry": {"type": "Point", "coordinates": [92.1361, 21.3073]}, "properties": {"country": "Bangladesh", "cause": "Heavy rain", "date": "1990-03-03", "dead": "0"}}, {"type": "Feature", "geometry": {"type": "Point", "coordinates": [76.2592, 33.8036]}, "properties": {"country": "India", "cause": "Torrential rain", "date": "1990-03-21", "dead": "17"}}, {"type": "Feature", "geometry": {"type": "Point", "coordinates": [90.9914, 23.5125]}, "properties": {"country": "Bangladesh", "cause": "Heavy rain", "date": "1990-03-24", "dead": "50"}}, {"type": "Feature", "geometry": {"type": "Point", "coordinates": [106.815, -6.55667]}, "properties": {"country": "Indonesia", "cause": "Heavy rain", "date": "1990-04-04", "dead": "22"}}, {"type": "Feature", "geometry": {"type": "Point", "coordinates": [90.3022, 25.0516]}, "properties": {"country": "Bangladesh", "cause": "Heavy rain", "date": "1990-04-22", "dead": "54"}}, {"type": "Feature", "geometry": {"type": "Point", "coordinates": [80.6926, 16.2843]}, "properties": {"country": "India", "cause": "Tropical cyclone", "date": "1990-05-10", "dead": "430"}}, {"type": "Feature", "geometry": {"type": "Point", "coordinates": [72.2929, 34.4927]}, "properties": {"country": "Pakistan", "cause": "Heavy rain", "date": "1990-05-16", "dead": "4"}}, {"type": "Feature", "geometry": {"type": "Point", "coordinates": [73.0436, 38.3136]}, "properties": {"country": "Tajikistan", "cause": "Heavy rain", "date": "1990-05-17", "dead": "0"}}, {"type": "Feature", "geometry": {"type": "Point", "coordinates": [111.788, 27.4176]}, "properties": {"country": "China", "cause": "Heavy rain", "date": "1990-06-05", "dead": "363"}}, {"type": "Feature", "geometry": {"type": "Point", "coordinates": [108.266, 12.5476]}, "properties": {"country": "Vietnam", "cause": "Heavy rain", "date": "1990-06-12", "dead": "20"}}, {"type": "Feature", "geometry": {"type": "Point", "coordinates": [92.7754, 26.7553]}, "properties": {"country": "India", "cause": "Monsoonal rain", "date": "1990-06-13", "dead": "21"}}, {"type": "Feature", "geometry": {"type": "Point", "coordinates": [123.116, 8.33626]}, "properties": {"country": "Philippines", "cause": "Torrential rain", "date": "1990-06-17", "dead": "36"}}, {"type": "Feature", "geometry": {"type": "Point", "coordinates": [39.4136, 40.4652]}, "properties": {"country": "Turkey", "cause": "Heavy rain", "date": "1990-06-18", "dead": "48"}}, {"type": "Feature", "geometry": {"type": "Point", "coordinates": [101.857, 24.7683]}, "properties": {"country": "China", "cause": "Heavy rain", "date": "1990-06-18", "dead": "108"}}, {"type": "Feature", "geometry": {"type": "Point", "coordinates": [121.214, 16.5752]}, "properties": {"country": "Philippines", "cause": "Tropical cyclone", "date": "1990-06-20", "dead": "63"}}, {"type": "Feature", "geometry": {"type": "Point", "coordinates": [117.867, 25.6948]}, "properties": {"country": "China", "cause": "Tropical cyclone", "date": "1990-06-23", "dead": "86"}}, {"type": "Feature", "geometry": {"type": "Point", "coordinates": [104.096, 21.3341]}, "properties": {"country": "Vietnam", "cause": "Heavy rain", "date": "1990-06-20", "dead": "13"}}, {"type": "Feature", "geometry": {"type": "Point", "coordinates": [130.773, 32.4559]}, "properties": {"country": "Japan", "cause": "Heavy rain", "date": "1990-06-29", "dead": "24"}}, {"type": "Feature", "geometry": {"type": "Point", "coordinates": [78.8703, 26.7055]}, "properties": {"country": "India", "cause": "Monsoonal rain", "date": "1990-07-03", "dead": "425"}}, {"type": "Feature", "geometry": {"type": "Point", "coordinates": [106.436, 32.2032]}, "properties": {"country": "China", "cause": "Heavy rain", "date": "1990-07-04", "dead": "72"}}, {"type": "Feature", "geometry": {"type": "Point", "coordinates": [72.2699, 31.0394]}, "properties": {"country": "Pakistan", "cause": "Heavy rain", "date": "1990-07-10", "dead": "0"}}, {"type": "Feature", "geometry": {"type": "Point", "coordinates": [89.3604, 23.9413]}, "properties": {"country": "Bangladesh", "cause": "Heavy rain", "date": "1990-07-14", "dead": "64"}}, {"type": "Feature", "geometry": {"type": "Point", "coordinates": [115.015, 24.2973]}, "properties": {"country": "China", "cause": "Tropical cyclone", "date": "1990-07-29", "dead": "108"}}, {"type": "Feature", "geometry": {"type": "Point", "coordinates": [139.907, 36.8383]}, "properties": {"country": "Japan", "cause": "Extra-tropical cyclone", "date": "1990-08-10", "dead": "0"}}, {"type": "Feature", "geometry": {"type": "Point", "coordinates": [80.6956, 27.5435]}, "properties": {"country": "India", "cause": "Heavy rain", "date": "1990-08-13", "dead": "17"}}, {"type": "Feature", "geometry": {"type": "Point", "coordinates": [118.563, 29.3795]}, "properties": {"country": "China", "cause": "Tropical cyclone", "date": "1990-08-19", "dead": "559"}}, {"type": "Feature", "geometry": {"type": "Point", "coordinates": [71.3244, 22.4257]}, "properties": {"country": "India", "cause": "Monsoonal rain", "date": "1990-08-19", "dead": "50"}}, {"type": "Feature", "geometry": {"type": "Point", "coordinates": [133.167, 34.2143]}, "properties": {"country": "Japan", "cause": "Tropical cyclone", "date": "1990-08-22", "dead": "2"}}, {"type": "Feature", "geometry": {"type": "Point", "coordinates": [121.229, 16.321]}, "properties": {"country": "Philippines", "cause": "Tropical cyclone", "date": "1990-08-25", "dead": "66"}}, {"type": "Feature", "geometry": {"type": "Point", "coordinates": [90.4685, 22.6284]}, "properties": {"country": "Bangladesh", "cause": "Monsoonal rain", "date": "1990-08-25", "dead": "0"}}, {"type": "Feature", "geometry": {"type": "Point", "coordinates": [83.637, 27.5665]}, "properties": {"country": "Nepal", "cause": "Monsoonal rain", "date": "1990-08-27", "dead": "42"}}, {"type": "Feature", "geometry": {"type": "Point", "coordinates": [121.229, 16.5199]}, "properties": {"country": "Philippines", "cause": "Tropical cyclone", "date": "1990-09-07", "dead": "7"}}, {"type": "Feature", "geometry": {"type": "Point", "coordinates": [127.143, 37.5841]}, "properties": {"country": "South Korea", "cause": "Heavy rain", "date": "1990-09-11", "dead": "114"}}, {"type": "Feature", "geometry": {"type": "Point", "coordinates": [138.568, 37.1748]}, "properties": {"country": "Japan", "cause": "Extra-tropical cyclone", "date": "1990-09-17", "dead": "38"}}, {"type": "Feature", "geometry": {"type": "Point", "coordinates": [107.662, 16.0991]}, "properties": {"country": "Vietnam", "cause": "Tropical cyclone", "date": "1990-09-22", "dead": "29"}}, {"type": "Feature", "geometry": {"type": "Point", "coordinates": [89.9062, 24.1354]}, "properties": {"country": "Bangladesh", "cause": "Heavy rain", "date": "1990-09-26", "dead": "14"}}, {"type": "Feature", "geometry": {"type": "Point", "coordinates": [107.467, 16.3133]}, "properties": {"country": "Vietnam", "cause": "Tropical cyclone", "date": "1990-10-08", "dead": "16"}}, {"type": "Feature", "geometry": {"type": "Point", "coordinates": [103.076, 16.2827]}, "properties": {"country": "Thailand", "cause": "Tropical cyclone", "date": "1990-10-08", "dead": "11"}}, {"type": "Feature", "geometry": {"type": "Point", "coordinates": [89.9598, 24.4682]}, "properties": {"country": "Bangladesh", "cause": "Torrential rain", "date": "1990-10-10", "dead": "9"}}, {"type": "Feature", "geometry": {"type": "Point", "coordinates": [90.5909, 24.2158]}, "properties": {"country": "Bangladesh", "cause": "Heavy rain", "date": "1990-10-14", "dead": "0"}}, {"type": "Feature", "geometry": {"type": "Point", "coordinates": [92.817, 26.0747]}, "properties": {"country": "India", "cause": "Heavy rain", "date": "1990-10-17", "dead": "10"}}, {"type": "Feature", "geometry": {"type": "Point", "coordinates": [77.0504, 11.3982]}, "properties": {"country": "India", "cause": "Monsoonal rain", "date": "1990-10-24", "dead": "44"}}, {"type": "Feature", "geometry": {"type": "Point", "coordinates": [90.7018, 22.5748]}, "properties": {"country": "Bangladesh", "cause": "Torrential rain", "date": "1990-10-26", "dead": "0"}}, {"type": "Feature", "geometry": {"type": "Point", "coordinates": [120.486, 0.617967]}, "properties": {"country": "Indonesia", "cause": "Heavy rain", "date": "1990-10-26", "dead": "0"}}, {"type": "Feature", "geometry": {"type": "Point", "coordinates": [140.54, 39.3702]}, "properties": {"country": "Japan", "cause": "Heavy rain", "date": "1990-11-05", "dead": "11"}}, {"type": "Feature", "geometry": {"type": "Point", "coordinates": [125.356, 11.2498]}, "properties": {"country": "Philippines", "cause": "Tropical cyclone", "date": "1990-11-12", "dead": "176"}}, {"type": "Feature", "geometry": {"type": "Point", "coordinates": [81.4966, 7.03456]}, "properties": {"country": "Sri Lanka", "cause": "Heavy rain", "date": "1990-12-23", "dead": "0"}}, {"type": "Feature", "geometry": {"type": "Point", "coordinates": [103.373, -1.5796]}, "properties": {"country": "Indonesia", "cause": "Heavy rain", "date": "1990-12-12", "dead": "5"}}, {"type": "Feature", "geometry": {"type": "Point", "coordinates": [58.5715, 31.7208]}, "properties": {"country": "Iran", "cause": "Heavy rain", "date": "1991-01-27", "dead": "6"}}, {"type": "Feature", "geometry": {"type": "Point", "coordinates": [64.3678, 31.6519]}, "properties": {"country": "Afghanistan", "cause": "Heavy rain", "date": "1991-01-28", "dead": "380"}}, {"type": "Feature", "geometry": {"type": "Point", "coordinates": [55.4168, 29.3318]}, "properties": {"country": "Iran", "cause": "Heavy rain", "date": "1991-03-07", "dead": "0"}}, {"type": "Feature", "geometry": {"type": "Point", "coordinates": [35.9526, 31.9084]}, "properties": {"country": "Jordan", "cause": "Torrential rain", "date": "1991-03-24", "dead": "5"}}, {"type": "Feature", "geometry": {"type": "Point", "coordinates": [34.9916, 30.5876]}, "properties": {"country": "Israel", "cause": "Torrential rain", "date": "1991-03-24", "dead": "8"}}, {"type": "Feature", "geometry": {"type": "Point", "coordinates": [54.0921, 31.9506]}, "properties": {"country": "Iran", "cause": "Heavy rain", "date": "1991-03-30", "dead": "0"}}, {"type": "Feature", "geometry": {"type": "Point", "coordinates": [100.463, -0.928753]}, "properties": {"country": "Indonesia", "cause": "Heavy rain", "date": "1991-04-01", "dead": "1"}}, {"type": "Feature", "geometry": {"type": "Point", "coordinates": [91.5924, 24.9405]}, "properties": {"country": "Bangladesh", "cause": "Torrential rain", "date": "1991-04-08", "dead": "0"}}, {"type": "Feature", "geometry": {"type": "Point", "coordinates": [92.1857, 22.2146]}, "properties": {"country": "Bangladesh", "cause": "Tropical cyclone", "date": "1991-04-29", "dead": "138000"}}, {"type": "Feature", "geometry": {"type": "Point", "coordinates": [92.4232, 24.4696]}, "properties": {"country": "India", "cause": "Tropical cyclone", "date": "1991-05-07", "dead": "13"}}, {"type": "Feature", "geometry": {"type": "Point", "coordinates": [91.5273, 24.6228]}, "properties": {"country": "Bangladesh", "cause": "Heavy rain", "date": "1991-05-14", "dead": "100"}}, {"type": "Feature", "geometry": {"type": "Point", "coordinates": [39.2757, 38.4514]}, "properties": {"country": "Turkey", "cause": "Torrential rain", "date": "1991-05-16", "dead": "42"}}, {"type": "Feature", "geometry": {"type": "Point", "coordinates": [110.256, 28.7346]}, "properties": {"country": "China", "cause": "Heavy rain", "date": "1991-05-18", "dead": "400"}}, {"type": "Feature", "geometry": {"type": "Point", "coordinates": [127.408, 36.5907]}, "properties": {"country": "South Korea", "cause": "Heavy rain", "date": "1991-05-25", "dead": "0"}}, {"type": "Feature", "geometry": {"type": "Point", "coordinates": [66.1672, 36.1849]}, "properties": {"country": "Afghanistan", "cause": "Heavy rain", "date": "1991-05-28", "dead": "0"}}, {"type": "Feature", "geometry": {"type": "Point", "coordinates": [80.685, 7.30256]}, "properties": {"country": "Sri Lanka", "cause": "Monsoonal rain", "date": "1991-06-02", "dead": "31"}}, {"type": "Feature", "geometry": {"type": "Point", "coordinates": [114.253, -1.6868]}, "properties": {"country": "Indonesia", "cause": "Torrential rain", "date": "1991-06-09", "dead": "73"}}, {"type": "Feature", "geometry": {"type": "Point", "coordinates": [73.7324, 15.733]}, "properties": {"country": "India", "cause": "Monsoonal rain", "date": "1991-06-10", "dead": "72"}}, {"type": "Feature", "geometry": {"type": "Point", "coordinates": [72.1321, 34.0792]}, "properties": {"country": "Pakistan", "cause": "Heavy rain", "date": "1991-06-11", "dead": "39"}}, {"type": "Feature", "geometry": {"type": "Point", "coordinates": [116.436, 40.2125]}, "properties": {"country": "China", "cause": "Heavy rain", "date": "1991-06-12", "dead": "22"}}, {"type": "Feature", "geometry": {"type": "Point", "coordinates": [91.3972, 22.9459]}, "properties": {"country": "Bangladesh", "cause": "Monsoonal rain", "date": "1991-06-17", "dead": "0"}}, {"type": "Feature", "geometry": {"type": "Point", "coordinates": [106.342, 29.1481]}, "properties": {"country": "China", "cause": "Heavy rain", "date": "1991-07-01", "dead": "750"}}, {"type": "Feature", "geometry": {"type": "Point", "coordinates": [120.241, 30.1818]}, "properties": {"country": "China", "cause": "Heavy rain", "date": "1991-07-01", "dead": "0"}}, {"type": "Feature", "geometry": {"type": "Point", "coordinates": [111.681, 28.1527]}, "properties": {"country": "China", "cause": "Heavy rain", "date": "1991-07-02", "dead": "101"}}, {"type": "Feature", "geometry": {"type": "Point", "coordinates": [89.3374, 24.0753]}, "properties": {"country": "Bangladesh", "cause": "Heavy rain", "date": "1991-07-04", "dead": "0"}}, {"type": "Feature", "geometry": {"type": "Point", "coordinates": [32.193, 41.3917]}, "properties": {"country": "Turkey", "cause": "Heavy rain", "date": "1991-07-07", "dead": "15"}}, {"type": "Feature", "geometry": {"type": "Point", "coordinates": [120.704, 15.2544]}, "properties": {"country": "Philippines", "cause": "Tropical cyclone", "date": "1991-07-10", "dead": "2"}}, {"type": "Feature", "geometry": {"type": "Point", "coordinates": [95.019, 23.9413]}, "properties": {"country": "Myanmar", "cause": "Heavy rain", "date": "1991-07-10", "dead": "0"}}, {"type": "Feature", "geometry": {"type": "Point", "coordinates": [89.6246, 23.8915]}, "properties": {"country": "Bangladesh", "cause": "Heavy rain", "date": "1991-07-10", "dead": "4"}}, {"type": "Feature", "geometry": {"type": "Point", "coordinates": [92.9592, 26.6059]}, "properties": {"country": "India", "cause": "Monsoonal rain", "date": "1991-07-13", "dead": "25"}}, {"type": "Feature", "geometry": {"type": "Point", "coordinates": [90.0572, 24.1787]}, "properties": {"country": "Bangladesh", "cause": "Heavy rain", "date": "1991-07-14", "dead": "17"}}, {"type": "Feature", "geometry": {"type": "Point", "coordinates": [102.592, 21.0469]}, "properties": {"country": "Laos", "cause": "Heavy rain", "date": "1991-07-15", "dead": "16"}}, {"type": "Feature", "geometry": {"type": "Point", "coordinates": [120.096, 36.338]}, "properties": {"country": "China", "cause": "Heavy rain", "date": "1991-07-19", "dead": "8"}}, {"type": "Feature", "geometry": {"type": "Point", "coordinates": [127.561, 37.1727]}, "properties": {"country": "South Korea", "cause": "Heavy rain", "date": "1991-07-22", "dead": "54"}}, {"type": "Feature", "geometry": {"type": "Point", "coordinates": [120.582, 15.0859]}, "properties": {"country": "Philippines", "cause": "Tropical cyclone", "date": "1991-07-23", "dead": "16"}}, {"type": "Feature", "geometry": {"type": "Point", "coordinates": [126.941, 44.8909]}, "properties": {"country": "China", "cause": "Tropical cyclone", "date": "1991-07-23", "dead": "66"}}, {"type": "Feature", "geometry": {"type": "Point", "coordinates": [99.9424, 6.77997]}, "properties": {"country": "Thailand", "cause": "Torrential rain", "date": "1991-07-25", "dead": "1"}}, {"type": "Feature", "geometry": {"type": "Point", "coordinates": [103.614, 21.7208]}, "properties": {"country": "Vietnam", "cause": "Monsoonal rain", "date": "1991-07-28", "dead": "38"}}, {"type": "Feature", "geometry": {"type": "Point", "coordinates": [79.1574, 20.9474]}, "properties": {"country": "India", "cause": "Monsoonal rain", "date": "1991-07-29", "dead": "500"}}, {"type": "Feature", "geometry": {"type": "Point", "coordinates": [91.9906, 21.9581]}, "properties": {"country": "Bangladesh", "cause": "Heavy rain", "date": "1991-08-02", "dead": "6"}}, {"type": "Feature", "geometry": {"type": "Point", "coordinates": [95.5588, 16.9811]}, "properties": {"country": "Myanmar", "cause": "Heavy rain", "date": "1991-08-07", "dead": "1"}}, {"type": "Feature", "geometry": {"type": "Point", "coordinates": [121.424, 31.093]}, "properties": {"country": "China", "cause": "Torrential rain", "date": "1991-08-08", "dead": "16"}}, {"type": "Feature", "geometry": {"type": "Point", "coordinates": [90.2027, 24.6649]}, "properties": {"country": "Bangladesh", "cause": "Heavy rain", "date": "1991-08-09", "dead": "800"}}, {"type": "Feature", "geometry": {"type": "Point", "coordinates": [103.821, 30.0516]}, "properties": {"country": "China", "cause": "Heavy rain", "date": "1991-08-09", "dead": "456"}}, {"type": "Feature", "geometry": {"type": "Point", "coordinates": [54.214, 37.2339]}, "properties": {"country": "Iran", "cause": "Heavy rain", "date": "1991-08-11", "dead": "0"}}, {"type": "Feature", "geometry": {"type": "Point", "coordinates": [84.4178, 20.2047]}, "properties": {"country": "India", "cause": "Heavy rain", "date": "1991-08-14", "dead": "15"}}, {"type": "Feature", "geometry": {"type": "Point", "coordinates": [81.0334, 28.3671]}, "properties": {"country": "India", "cause": "Monsoonal rain", "date": "1991-08-15", "dead": "88"}}, {"type": "Feature", "geometry": {"type": "Point", "coordinates": [105.467, 18.7575]}, "properties": {"country": "Vietnam", "cause": "Tropical cyclone", "date": "1991-08-17", "dead": "15"}}, {"type": "Feature", "geometry": {"type": "Point", "coordinates": [103.415, 17.3103]}, "properties": {"country": "Thailand", "cause": "Tropical cyclone", "date": "1991-08-18", "dead": "0"}}, {"type": "Feature", "geometry": {"type": "Point", "coordinates": [97.6568, 17.3639]}, "properties": {"country": "Myanmar", "cause": "Heavy rain", "date": "1991-08-18", "dead": "0"}}, {"type": "Feature", "geometry": {"type": "Point", "coordinates": [129.159, 36.2232]}, "properties": {"country": "Japan", "cause": "Extra-tropical cyclone", "date": "1991-08-20", "dead": "99"}}, {"type": "Feature", "geometry": {"type": "Point", "coordinates": [105.268, 11.5369]}, "properties": {"country": "Cambodia", "cause": "Heavy rain", "date": "1991-08-22", "dead": "100"}}, {"type": "Feature", "geometry": {"type": "Point", "coordinates": [85.7348, 24.707]}, "properties": {"country": "India", "cause": "Monsoonal rain", "date": "1991-09-01", "dead": "0"}}, {"type": "Feature", "geometry": {"type": "Point", "coordinates": [99.9386, 19.7299]}, "properties": {"country": "Thailand", "cause": "Heavy rain", "date": "1991-09-05", "dead": "16"}}, {"type": "Feature", "geometry": {"type": "Point", "coordinates": [120.147, 14.9902]}, "properties": {"country": "Philippines", "cause": "Monsoonal rain", "date": "1991-09-07", "dead": "0"}}, {"type": "Feature", "geometry": {"type": "Point", "coordinates": [132.749, 34.2247]}, "properties": {"country": "Japan", "cause": "Extra-tropical cyclone", "date": "1991-09-10", "dead": "9"}}, {"type": "Feature", "geometry": {"type": "Point", "coordinates": [90.2142, 25.1817]}, "properties": {"country": "Bangladesh", "cause": "Monsoonal rain", "date": "1991-09-11", "dead": "112"}}, {"type": "Feature", "geometry": {"type": "Point", "coordinates": [87.8328, 24.3395]}, "properties": {"country": "India", "cause": "Monsoonal rain", "date": "1991-09-14", "dead": "21"}}, {"type": "Feature", "geometry": {"type": "Point", "coordinates": [105.635, 10.2084]}, "properties": {"country": "Vietnam", "cause": "Heavy rain", "date": "1991-09-19", "dead": "55"}}, {"type": "Feature", "geometry": {"type": "Point", "coordinates": [138.423, 35.1282]}, "properties": {"country": "Japan", "cause": "Extra-tropical cyclone", "date": "1991-09-19", "dead": "8"}}, {"type": "Feature", "geometry": {"type": "Point", "coordinates": [142.664, 43.4418]}, "properties": {"country": "Japan", "cause": "Extra-tropical cyclone", "date": "1991-09-27", "dead": "52"}}, {"type": "Feature", "geometry": {"type": "Point", "coordinates": [89.5171, 24.6724]}, "properties": {"country": "Bangladesh", "cause": "Dam/Levy, break or release", "date": "1991-09-28", "dead": "0"}}, {"type": "Feature", "geometry": {"type": "Point", "coordinates": [51.6712, 30.7867]}, "properties": {"country": "Iran", "cause": "Heavy rain", "date": "1991-10-05", "dead": "12"}}, {"type": "Feature", "geometry": {"type": "Point", "coordinates": [29.2703, 41.0289]}, "properties": {"country": "Turkey", "cause": "Heavy rain", "date": "1991-10-06", "dead": "6"}}, {"type": "Feature", "geometry": {"type": "Point", "coordinates": [140.229, 35.3241]}, "properties": {"country": "Japan", "cause": "Extra-tropical cyclone", "date": "1991-10-12", "dead": "0"}}, {"type": "Feature", "geometry": {"type": "Point", "coordinates": [125.36, 11.248]}, "properties": {"country": "Philippines", "cause": "Tropical cyclone", "date": "1991-11-05", "dead": "6315"}}, {"type": "Feature", "geometry": {"type": "Point", "coordinates": [79.4752, 14.0025]}, "properties": {"country": "India", "cause": "Heavy rain", "date": "1991-11-13", "dead": "90"}}, {"type": "Feature", "geometry": {"type": "Point", "coordinates": [96.9026, 3.96409]}, "properties": {"country": "Indonesia", "cause": "Heavy rain", "date": "1991-11-30", "dead": "0"}}, {"type": "Feature", "geometry": {"type": "Point", "coordinates": [49.5668, 32.8694]}, "properties": {"country": "Iran", "cause": "Heavy rain", "date": "1991-12-07", "dead": "22"}}, {"type": "Feature", "geometry": {"type": "Point", "coordinates": [81.6191, 7.6433]}, "properties": {"country": "Sri Lanka", "cause": "Heavy rain", "date": "1991-12-12", "dead": "0"}}, {"type": "Feature", "geometry": {"type": "Point", "coordinates": [101.949, 0.610309]}, "properties": {"country": "Indonesia", "cause": "Heavy rain", "date": "1991-12-16", "dead": "2"}}, {"type": "Feature", "geometry": {"type": "Point", "coordinates": [35.8722, 33.8457]}, "properties": {"country": "Lebanon", "cause": "Heavy rain", "date": "1991-12-23", "dead": "1"}}, {"type": "Feature", "geometry": {"type": "Point", "coordinates": [112.949, 2.98399]}, "properties": {"country": "Malaysia", "cause": "Heavy rain", "date": "1991-12-24", "dead": "11"}}, {"type": "Feature", "geometry": {"type": "Point", "coordinates": [34.5452, 31.2653]}, "properties": {"country": "Israel", "cause": "Rain and snowmelt", "date": "1991-12-31", "dead": "0"}}, {"type": "Feature", "geometry": {"type": "Point", "coordinates": [53.9083, 12.5093]}, "properties": {"country": "Yemen", "cause": "Heavy rain", "date": "1992-01-04", "dead": "0"}}, {"type": "Feature", "geometry": {"type": "Point", "coordinates": [35.8798, 32.4291]}, "properties": {"country": "Israel", "cause": "Rain and snowmelt", "date": "1992-02-01", "dead": "15"}}, {"type": "Feature", "geometry": {"type": "Point", "coordinates": [36.0904, 36.9812]}, "properties": {"country": "Turkey", "cause": "Rain and snowmelt", "date": "1992-02-20", "dead": "200"}}, {"type": "Feature", "geometry": {"type": "Point", "coordinates": [113.878, 25.1128]}, "properties": {"country": "China", "cause": "Heavy rain", "date": "1992-03-15", "dead": "248"}}, {"type": "Feature", "geometry": {"type": "Point", "coordinates": [105.41, 28.7729]}, "properties": {"country": "China", "cause": "Heavy rain", "date": "1992-03-15", "dead": "59"}}, {"type": "Feature", "geometry": {"type": "Point", "coordinates": [52.8976, 33.3518]}, "properties": {"country": "Iran", "cause": "Heavy rain", "date": "1992-03-28", "dead": "105"}}, {"type": "Feature", "geometry": {"type": "Point", "coordinates": [114.116, 22.3716]}, "properties": {"country": "China", "cause": "Heavy rain", "date": "1992-04-01", "dead": "5"}}, {"type": "Feature", "geometry": {"type": "Point", "coordinates": [71.6038, 38.6543]}, "properties": {"country": "Tajikistan", "cause": "Heavy rain", "date": "1992-04-15", "dead": "200"}}, {"type": "Feature", "geometry": {"type": "Point", "coordinates": [63.8319, 40.2202]}, "properties": {"country": "Uzbekistan", "cause": "Heavy rain", "date": "1992-04-28", "dead": "0"}}, {"type": "Feature", "geometry": {"type": "Point", "coordinates": [62.1932, 30.6948]}, "properties": {"country": "Afghanistan", "cause": "Heavy rain", "date": "1992-05-13", "dead": "7"}}, {"type": "Feature", "geometry": {"type": "Point", "coordinates": [74.5088, 40.6323]}, "properties": {"country": "Kyrgyzstan", "cause": "Heavy rain", "date": "1992-05-16", "dead": "4"}}, {"type": "Feature", "geometry": {"type": "Point", "coordinates": [59.8196, 42.9384]}, "properties": {"country": "Uzbekistan", "cause": "Snowmelt", "date": "1992-06-01", "dead": "0"}}, {"type": "Feature", "geometry": {"type": "Point", "coordinates": [80.4246, 6.60577]}, "properties": {"country": "Sri Lanka", "cause": "Monsoonal rain", "date": "1992-06-05", "dead": "14"}}, {"type": "Feature", "geometry": {"type": "Point", "coordinates": [131.849, 43.6505]}, "properties": {"country": "Russia", "cause": "Extra-tropical cyclone", "date": "1992-06-08", "dead": "0"}}, {"type": "Feature", "geometry": {"type": "Point", "coordinates": [105.471, 27.9919]}, "properties": {"country": "China", "cause": "Heavy rain", "date": "1992-06-12", "dead": "93"}}, {"type": "Feature", "geometry": {"type": "Point", "coordinates": [114.131, 22.3793]}, "properties": {"country": "China", "cause": "Heavy rain", "date": "1992-06-13", "dead": "0"}}, {"type": "Feature", "geometry": {"type": "Point", "coordinates": [75.9695, 16.5216]}, "properties": {"country": "India", "cause": "Monsoonal rain", "date": "1992-06-15", "dead": "90"}}, {"type": "Feature", "geometry": {"type": "Point", "coordinates": [132.768, 48.5969]}, "properties": {"country": "Russia", "cause": "Heavy rain", "date": "1992-06-20", "dead": "0"}}, {"type": "Feature", "geometry": {"type": "Point", "coordinates": [106.601, 20.733]}, "properties": {"country": "Vietnam", "cause": "Tropical cyclone", "date": "1992-06-20", "dead": "3"}}, {"type": "Feature", "geometry": {"type": "Point", "coordinates": [92.2224, 22.0692]}, "properties": {"country": "Bangladesh", "cause": "Monsoonal rain", "date": "1992-06-25", "dead": "2"}}, {"type": "Feature", "geometry": {"type": "Point", "coordinates": [119.18, 27.3793]}, "properties": {"country": "China", "cause": "Heavy rain", "date": "1992-06-29", "dead": "228"}}, {"type": "Feature", "geometry": {"type": "Point", "coordinates": [39.1915, 45.1513]}, "properties": {"country": "Russia", "cause": "Heavy rain", "date": "1992-07-02", "dead": "0"}}, {"type": "Feature", "geometry": {"type": "Point", "coordinates": [110.295, 25.3272]}, "properties": {"country": "China", "cause": "Heavy rain", "date": "1992-07-02", "dead": "0"}}, {"type": "Feature", "geometry": {"type": "Point", "coordinates": [112.615, 28.5125]}, "properties": {"country": "China", "cause": "Heavy rain", "date": "1992-07-02", "dead": "96"}}, {"type": "Feature", "geometry": {"type": "Point", "coordinates": [86.8489, 27.2262]}, "properties": {"country": "Nepal", "cause": "Monsoonal rain", "date": "1992-07-04", "dead": "12"}}, {"type": "Feature", "geometry": {"type": "Point", "coordinates": [50.3478, 36.8893]}, "properties": {"country": "Iran", "cause": "Heavy rain", "date": "1992-07-09", "dead": "0"}}, {"type": "Feature", "geometry": {"type": "Point", "coordinates": [94.46, 26.9122]}, "properties": {"country": "India", "cause": "Heavy rain", "date": "1992-07-10", "dead": "0"}}, {"type": "Feature", "geometry": {"type": "Point", "coordinates": [68.9621, 26.1618]}, "properties": {"country": "Pakistan", "cause": "Monsoonal rain", "date": "1992-07-15", "dead": "94"}}, {"type": "Feature", "geometry": {"type": "Point", "coordinates": [121.03, 15.6717]}, "properties": {"country": "Phillipines", "cause": "Tropical cyclone", "date": "1992-07-21", "dead": "20"}}, {"type": "Feature", "geometry": {"type": "Point", "coordinates": [111.673, 22.2644]}, "properties": {"country": "China", "cause": "Tropical cyclone", "date": "1992-07-22", "dead": "1"}}, {"type": "Feature", "geometry": {"type": "Point", "coordinates": [86.0449, 20.5033]}, "properties": {"country": "India", "cause": "Monsoonal rain", "date": "1992-07-26", "dead": "16"}}, {"type": "Feature", "geometry": {"type": "Point", "coordinates": [105.195, 22.073]}, "properties": {"country": "Vietnam", "cause": "Heavy rain", "date": "1992-07-28", "dead": "0"}}, {"type": "Feature", "geometry": {"type": "Point", "coordinates": [105.08, 35.8327]}, "properties": {"country": "China", "cause": "Heavy rain", "date": "1992-08-01", "dead": "111"}}, {"type": "Feature", "geometry": {"type": "Point", "coordinates": [80.7003, 24.8678]}, "properties": {"country": "India", "cause": "Monsoonal rain", "date": "1992-08-01", "dead": "40"}}, {"type": "Feature", "geometry": {"type": "Point", "coordinates": [67.2606, 25.03]}, "properties": {"country": "Pakistan", "cause": "Monsoonal rain", "date": "1992-08-10", "dead": "22"}}, {"type": "Feature", "geometry": {"type": "Point", "coordinates": [121.124, 17.0326]}, "properties": {"country": "Philippines", "cause": "Tropical cyclone", "date": "1992-08-14", "dead": "45"}}, {"type": "Feature", "geometry": {"type": "Point", "coordinates": [115.901, 23.6313]}, "properties": {"country": "China", "cause": "Tropical cyclone", "date": "1992-08-16", "dead": "6"}}, {"type": "Feature", "geometry": {"type": "Point", "coordinates": [119.806, 27.8313]}, "properties": {"country": "China", "cause": "Heavy rain", "date": "1992-08-29", "dead": "168"}}, {"type": "Feature", "geometry": {"type": "Point", "coordinates": [111.708, -7.58451]}, "properties": {"country": "Indonesia", "cause": "Heavy rain", "date": "1992-09-02", "dead": "70"}}, {"type": "Feature", "geometry": {"type": "Point", "coordinates": [69.8855, 35.0968]}, "properties": {"country": "Afghanistan", "cause": "Monsoonal rain", "date": "1992-09-03", "dead": "3000"}}, {"type": "Feature", "geometry": {"type": "Point", "coordinates": [134.31, 44.2937]}, "properties": {"country": "Russia", "cause": "Heavy rain", "date": "1992-09-05", "dead": "0"}}, {"type": "Feature", "geometry": {"type": "Point", "coordinates": [79.068, 28.3907]}, "properties": {"country": "Pakistan", "cause": "Monsoonal rain", "date": "1992-09-08", "dead": "2750"}}, {"type": "Feature", "geometry": {"type": "Point", "coordinates": [78.8487, 13.0242]}, "properties": {"country": "India", "cause": "Tropical cyclone", "date": "1992-09-12", "dead": "263"}}, {"type": "Feature", "geometry": {"type": "Point", "coordinates": [49.6333, 37.3028]}, "properties": {"country": "Iran", "cause": "Heavy rain", "date": "1992-09-28", "dead": "0"}}, {"type": "Feature", "geometry": {"type": "Point", "coordinates": [106.367, 17.5324]}, "properties": {"country": "Vietnam", "cause": "Heavy rain", "date": "1992-10-05", "dead": "55"}}, {"type": "Feature", "geometry": {"type": "Point", "coordinates": [108.663, 14.9366]}, "properties": {"country": "Vietnam", "cause": "Tropical cyclone", "date": "1992-10-28", "dead": "49"}}, {"type": "Feature", "geometry": {"type": "Point", "coordinates": [107.787, 15.4343]}, "properties": {"country": "Philippines", "cause": "Tropical cyclone", "date": "1992-10-28", "dead": "3"}}, {"type": "Feature", "geometry": {"type": "Point", "coordinates": [100.911, 6.76274]}, "properties": {"country": "Thailand", "cause": "Tropical cyclone", "date": "1992-11-29", "dead": "3"}}, {"type": "Feature", "geometry": {"type": "Point", "coordinates": [125.923, 7.78495]}, "properties": {"country": "Philippines", "cause": "Heavy rain", "date": "1992-12-22", "dead": "6"}}, {"type": "Feature", "geometry": {"type": "Point", "coordinates": [54.831, 29.753]}, "properties": {"country": "Iran", "cause": "Heavy rain", "date": "1992-12-23", "dead": "14"}}, {"type": "Feature", "geometry": {"type": "Point", "coordinates": [56.2039, 27.2447]}, "properties": {"country": "Iran", "cause": "Heavy rain", "date": "1993-01-03", "dead": "10"}}, {"type": "Feature", "geometry": {"type": "Point", "coordinates": [125.706, 8.79448]}, "properties": {"country": "Philippines", "cause": "Monsoonal rain", "date": "1993-02-01", "dead": "23"}}, {"type": "Feature", "geometry": {"type": "Point", "coordinates": [111.256, -6.80799]}, "properties": {"country": "Indonesia", "cause": "Monsoonal rain", "date": "1993-02-01", "dead": "54"}}, {"type": "Feature", "geometry": {"type": "Point", "coordinates": [59.5156, 31.4647]}, "properties": {"country": "Iran", "cause": "Heavy rain", "date": "1993-04-17", "dead": "1"}}, {"type": "Feature", "geometry": {"type": "Point", "coordinates": [69.1791, 37.9808]}, "properties": {"country": "Tajikistan", "cause": "Heavy rain", "date": "1993-05-07", "dead": "0"}}, {"type": "Feature", "geometry": {"type": "Point", "coordinates": [51.2978, 47.9479]}, "properties": {"country": "Kazakhstan", "cause": "Snowmelt", "date": "1993-05-26", "dead": "10"}}, {"type": "Feature", "geometry": {"type": "Point", "coordinates": [92.0974, 24.9382]}, "properties": {"country": "India", "cause": "Monsoonal rain", "date": "1993-06-04", "dead": "238"}}, {"type": "Feature", "geometry": {"type": "Point", "coordinates": [117.867, 27.9846]}, "properties": {"country": "China", "cause": "Heavy rain", "date": "1993-06-15", "dead": "132"}}, {"type": "Feature", "geometry": {"type": "Point", "coordinates": [120.46, 15.6003]}, "properties": {"country": "Philippines", "cause": "Monsoonal rain", "date": "1993-06-26", "dead": "5"}}, {"type": "Feature", "geometry": {"type": "Point", "coordinates": [89.7567, 25.1622]}, "properties": {"country": "India", "cause": "Monsoonal rain", "date": "1993-07-08", "dead": "3083"}}, {"type": "Feature", "geometry": {"type": "Point", "coordinates": [103.653, 29.7518]}, "properties": {"country": "China", "cause": "Heavy rain", "date": "1993-07-27", "dead": "41"}}, {"type": "Feature", "geometry": {"type": "Point", "coordinates": [108.866, 51.3563]}, "properties": {"country": "Russia", "cause": "Torrential rain", "date": "1993-07-31", "dead": "4"}}, {"type": "Feature", "geometry": {"type": "Point", "coordinates": [131.074, 32.2114]}, "properties": {"country": "Japan", "cause": "Heavy rain", "date": "1993-07-28", "dead": "73"}}, {"type": "Feature", "geometry": {"type": "Point", "coordinates": [115.918, 36.4802]}, "properties": {"country": "China", "cause": "Torrential rain", "date": "1993-08-04", "dead": "101"}}, {"type": "Feature", "geometry": {"type": "Point", "coordinates": [120.432, 15.1818]}, "properties": {"country": "Philippines", "cause": "Heavy rain", "date": "1993-08-19", "dead": "5"}}, {"type": "Feature", "geometry": {"type": "Point", "coordinates": [139.686, 35.6512]}, "properties": {"country": "Japan", "cause": "Heavy rain", "date": "1993-08-27", "dead": "2"}}, {"type": "Feature", "geometry": {"type": "Point", "coordinates": [101.704, 24.4756]}, "properties": {"country": "China", "cause": "Torrential rain", "date": "1993-08-21", "dead": "152"}}, {"type": "Feature", "geometry": {"type": "Point", "coordinates": [100.265, 36.1271]}, "properties": {"country": "China", "cause": "Dam/Levy, break or release", "date": "1993-08-27", "dead": "242"}}, {"type": "Feature", "geometry": {"type": "Point", "coordinates": [130.452, 31.5053]}, "properties": {"country": "Japan", "cause": "Heavy rain", "date": "1993-09-02", "dead": "35"}}, {"type": "Feature", "geometry": {"type": "Point", "coordinates": [78.9675, 27.9917]}, "properties": {"country": "India", "cause": "Heavy rain", "date": "1993-09-09", "dead": "232"}}, {"type": "Feature", "geometry": {"type": "Point", "coordinates": [114.167, 22.5233]}, "properties": {"country": "China", "cause": "Torrential rain", "date": "1993-09-27", "dead": "0"}}, {"type": "Feature", "geometry": {"type": "Point", "coordinates": [49.1108, 37.9331]}, "properties": {"country": "Iran", "cause": "Heavy rain", "date": "1993-10-02", "dead": "0"}}, {"type": "Feature", "geometry": {"type": "Point", "coordinates": [120.592, 15.6301]}, "properties": {"country": "Philippines", "cause": "Heavy rain", "date": "1993-10-04", "dead": "57"}}, {"type": "Feature", "geometry": {"type": "Point", "coordinates": [106.625, 17.4285]}, "properties": {"country": "Vietnam", "cause": "Torrential rain", "date": "1993-10-02", "dead": "122"}}, {"type": "Feature", "geometry": {"type": "Point", "coordinates": [75.4042, 13.407]}, "properties": {"country": "India", "cause": "Torrential rain", "date": "1993-10-11", "dead": "35"}}, {"type": "Feature", "geometry": {"type": "Point", "coordinates": [114.142, 22.4214]}, "properties": {"country": "China", "cause": "Tropical cyclone", "date": "1993-11-04", "dead": "2"}}, {"type": "Feature", "geometry": {"type": "Point", "coordinates": [77.5024, 11.054]}, "properties": {"country": "India", "cause": "Heavy rain", "date": "1993-11-10", "dead": "95"}}, {"type": "Feature", "geometry": {"type": "Point", "coordinates": [48.1619, 32.5504]}, "properties": {"country": "Iran", "cause": "Heavy rain", "date": "1993-11-29", "dead": "3"}}, {"type": "Feature", "geometry": {"type": "Point", "coordinates": [99.8978, 8.15766]}, "properties": {"country": "Thailand", "cause": "Torrential rain", "date": "1993-11-27", "dead": "11"}}, {"type": "Feature", "geometry": {"type": "Point", "coordinates": [124.962, 10.7409]}, "properties": {"country": "Philippines", "cause": "Heavy rain", "date": "1993-11-29", "dead": "27"}}, {"type": "Feature", "geometry": {"type": "Point", "coordinates": [79.9572, 12.5851]}, "properties": {"country": "India", "cause": "Tropical cyclone", "date": "1993-12-04", "dead": "70"}}, {"type": "Feature", "geometry": {"type": "Point", "coordinates": [108.845, 12.3152]}, "properties": {"country": "Philippines", "cause": "Tropical cyclone", "date": "1993-12-05", "dead": "353"}}, {"type": "Feature", "geometry": {"type": "Point", "coordinates": [80.7928, 8.56672]}, "properties": {"country": "Sri Lanka", "cause": "Heavy rain", "date": "1993-12-15", "dead": "0"}}, {"type": "Feature", "geometry": {"type": "Point", "coordinates": [100.419, 7.28291]}, "properties": {"country": "Thailand", "cause": "Torrential rain", "date": "1993-12-16", "dead": "41"}}, {"type": "Feature", "geometry": {"type": "Point", "coordinates": [102.442, 3.79233]}, "properties": {"country": "Malaysia", "cause": "Monsoonal rain", "date": "1993-12-22", "dead": "23"}}, {"type": "Feature", "geometry": {"type": "Point", "coordinates": [35.0229, 30.2472]}, "properties": {"country": "Israel", "cause": "Heavy rain", "date": "1993-12-23", "dead": "2"}}, {"type": "Feature", "geometry": {"type": "Point", "coordinates": [125.59, 9.65856]}, "properties": {"country": "Philippines", "cause": "Tropical cyclone", "date": "1993-12-27", "dead": "6"}}, {"type": "Feature", "geometry": {"type": "Point", "coordinates": [123.45, 13.4358]}, "properties": {"country": "Philippines", "cause": "Tropical cyclone", "date": "1994-01-04", "dead": "29"}}, {"type": "Feature", "geometry": {"type": "Point", "coordinates": [107.657, -6.83998]}, "properties": {"country": "Indonesia", "cause": "Heavy rain", "date": "1994-01-12", "dead": "10"}}, {"type": "Feature", "geometry": {"type": "Point", "coordinates": [110.662, -7.37598]}, "properties": {"country": "Indonesia", "cause": "Heavy rain", "date": "1994-01-28", "dead": "2"}}, {"type": "Feature", "geometry": {"type": "Point", "coordinates": [99.033, 3.12557]}, "properties": {"country": "Indonesia", "cause": "Heavy rain", "date": "1994-02-11", "dead": "5"}}, {"type": "Feature", "geometry": {"type": "Point", "coordinates": [92.0345, 22.4749]}, "properties": {"country": "Bangladesh", "cause": "Heavy rain", "date": "1994-02-26", "dead": "13"}}, {"type": "Feature", "geometry": {"type": "Point", "coordinates": [59.3372, 35.3656]}, "properties": {"country": "Iran", "cause": "Heavy rain", "date": "1994-03-11", "dead": "4"}}, {"type": "Feature", "geometry": {"type": "Point", "coordinates": [118.798, -8.48433]}, "properties": {"country": "Indonesia", "cause": "Heavy rain", "date": "1994-03-12", "dead": "5"}}, {"type": "Feature", "geometry": {"type": "Point", "coordinates": [44.6012, 46.5257]}, "properties": {"country": "Russia", "cause": "Heavy rain", "date": "1994-03-17", "dead": "7"}}, {"type": "Feature", "geometry": {"type": "Point", "coordinates": [111.684, -7.50232]}, "properties": {"country": "Indonesia", "cause": "Heavy rain", "date": "1994-03-23", "dead": "12"}}, {"type": "Feature", "geometry": {"type": "Point", "coordinates": [35.9181, 32.4176]}, "properties": {"country": "Jordan", "cause": "Heavy rain", "date": "1994-03-24", "dead": "9"}}, {"type": "Feature", "geometry": {"type": "Point", "coordinates": [125.689, 8.3822]}, "properties": {"country": "Philippines", "cause": "Heavy rain", "date": "1994-03-18", "dead": "9"}}, {"type": "Feature", "geometry": {"type": "Point", "coordinates": [89.816, 23.9528]}, "properties": {"country": "Bangladesh", "cause": "Heavy rain", "date": "1994-03-29", "dead": "16"}}, {"type": "Feature", "geometry": {"type": "Point", "coordinates": [41.1058, 49.4354]}, "properties": {"country": "Russia", "cause": "Snowmelt", "date": "1994-04-06", "dead": "13"}}, {"type": "Feature", "geometry": {"type": "Point", "coordinates": [92.0895, 22.5171]}, "properties": {"country": "Bangladesh", "cause": "Tropical cyclone", "date": "1994-04-19", "dead": "20"}}, {"type": "Feature", "geometry": {"type": "Point", "coordinates": [116.038, 27.2874]}, "properties": {"country": "China", "cause": "Heavy rain", "date": "1994-05-01", "dead": "95"}}, {"type": "Feature", "geometry": {"type": "Point", "coordinates": [118.128, 25.9398]}, "properties": {"country": "China", "cause": "Heavy rain", "date": "1994-05-01", "dead": "70"}}, {"type": "Feature", "geometry": {"type": "Point", "coordinates": [80.3366, 6.61343]}, "properties": {"country": "Sri Lanka", "cause": "Monsoonal rain", "date": "1994-05-25", "dead": "7"}}, {"type": "Feature", "geometry": {"type": "Point", "coordinates": [43.3263, 55.3351]}, "properties": {"country": "Russia", "cause": "Heavy rain", "date": "1994-05-28", "dead": "2"}}, {"type": "Feature", "geometry": {"type": "Point", "coordinates": [44.0001, 40.7485]}, "properties": {"country": "Armenia", "cause": "Dam/Levy, break or release", "date": "1994-05-31", "dead": "5"}}, {"type": "Feature", "geometry": {"type": "Point", "coordinates": [91.803, 24.6457]}, "properties": {"country": "Bangladesh", "cause": "Monsoonal rain", "date": "1994-06-01", "dead": "6"}}, {"type": "Feature", "geometry": {"type": "Point", "coordinates": [113.189, 25.7177]}, "properties": {"country": "China", "cause": "Heavy rain", "date": "1994-06-09", "dead": "719"}}, {"type": "Feature", "geometry": {"type": "Point", "coordinates": [92.071, 21.8758]}, "properties": {"country": "Bangladesh", "cause": "Monsoonal rain", "date": "1994-06-14", "dead": "1"}}, {"type": "Feature", "geometry": {"type": "Point", "coordinates": [76.6191, 20.6258]}, "properties": {"country": "India", "cause": "Monsoonal rain", "date": "1994-07-01", "dead": "617"}}, {"type": "Feature", "geometry": {"type": "Point", "coordinates": [111.609, 53.6353]}, "properties": {"country": "Russia", "cause": "Heavy rain", "date": "1994-07-02", "dead": "4"}}, {"type": "Feature", "geometry": {"type": "Point", "coordinates": [77.252, 31.7869]}, "properties": {"country": "India", "cause": "Monsoonal rain", "date": "1994-07-03", "dead": "60"}}, {"type": "Feature", "geometry": {"type": "Point", "coordinates": [67.2212, 30.3321]}, "properties": {"country": "Pakistan", "cause": "Heavy rain", "date": "1994-07-04", "dead": "12"}}, {"type": "Feature", "geometry": {"type": "Point", "coordinates": [61.0726, 27.4913]}, "properties": {"country": "Iran", "cause": "Heavy rain", "date": "1994-07-09", "dead": "24"}}, {"type": "Feature", "geometry": {"type": "Point", "coordinates": [121.046, 16.7179]}, "properties": {"country": "Philippines", "cause": "Tropical cyclone", "date": "1994-07-10", "dead": "0"}}, {"type": "Feature", "geometry": {"type": "Point", "coordinates": [112.268, 31.1973]}, "properties": {"country": "China", "cause": "Heavy rain", "date": "1994-07-11", "dead": "41"}}, {"type": "Feature", "geometry": {"type": "Point", "coordinates": [71.1034, 28.9156]}, "properties": {"country": "Pakistan", "cause": "Monsoonal rain", "date": "1994-07-11", "dead": "333"}}, {"type": "Feature", "geometry": {"type": "Point", "coordinates": [120.621, 15.1291]}, "properties": {"country": "Philippines", "cause": "Tropical cyclone", "date": "1994-07-15", "dead": "8"}}, {"type": "Feature", "geometry": {"type": "Point", "coordinates": [102.98, 21.8175]}, "properties": {"country": "Vietnam", "cause": "Heavy rain", "date": "1994-07-15", "dead": "21"}}, {"type": "Feature", "geometry": {"type": "Point", "coordinates": [114.116, 22.4405]}, "properties": {"country": "China", "cause": "Heavy rain", "date": "1994-07-22", "dead": "10"}}, {"type": "Feature", "geometry": {"type": "Point", "coordinates": [125.126, 46.1544]}, "properties": {"country": "China", "cause": "Heavy rain", "date": "1994-07-23", "dead": "128"}}, {"type": "Feature", "geometry": {"type": "Point", "coordinates": [122.982, 10.017]}, "properties": {"country": "Philippines", "cause": "Monsoonal Rain", "date": "1994-07-22", "dead": "2"}}, {"type": "Feature", "geometry": {"type": "Point", "coordinates": [120.804, 15.6143]}, "properties": {"country": "Philippines", "cause": "Tropical cyclone", "date": "1994-07-23", "dead": "37"}}, {"type": "Feature", "geometry": {"type": "Point", "coordinates": [98.8099, 17.0729]}, "properties": {"country": "Thailand", "cause": "Tropical cyclone", "date": "1994-07-28", "dead": "9"}}, {"type": "Feature", "geometry": {"type": "Point", "coordinates": [120.915, 23.0569]}, "properties": {"country": "Taiwan", "cause": "Tropical cyclone", "date": "1994-08-01", "dead": "10"}}, {"type": "Feature", "geometry": {"type": "Point", "coordinates": [121.93, 17.5285]}, "properties": {"country": "Philippines", "cause": "Tropical cyclone", "date": "1994-08-06", "dead": "0"}}, {"type": "Feature", "geometry": {"type": "Point", "coordinates": [120.838, 23.2024]}, "properties": {"country": "Taiwan", "cause": "Tropical cyclone", "date": "1994-08-07", "dead": "9"}}, {"type": "Feature", "geometry": {"type": "Point", "coordinates": [58.4183, 53.574]}, "properties": {"country": "Russia", "cause": "Heavy rain", "date": "1994-08-05", "dead": "20"}}, {"type": "Feature", "geometry": {"type": "Point", "coordinates": [114.207, 22.5094]}, "properties": {"country": "China", "cause": "Tropical cyclone", "date": "1994-08-06", "dead": "14"}}, {"type": "Feature", "geometry": {"type": "Point", "coordinates": [80.6237, 27.586]}, "properties": {"country": "India", "cause": "Monsoonal Rain", "date": "1994-08-04", "dead": "53"}}, {"type": "Feature", "geometry": {"type": "Point", "coordinates": [76.9177, 31.7821]}, "properties": {"country": "India", "cause": "Torrential rain", "date": "1994-08-08", "dead": "11"}}, {"type": "Feature", "geometry": {"type": "Point", "coordinates": [67.8618, 33.17]}, "properties": {"country": "Afghanistan", "cause": "Heavy rain", "date": "1994-08-08", "dead": "2"}}, {"type": "Feature", "geometry": {"type": "Point", "coordinates": [68.1903, 27.7849]}, "properties": {"country": "Pakistan", "cause": "Monsoonal Rain", "date": "1994-08-09", "dead": "26"}}, {"type": "Feature", "geometry": {"type": "Point", "coordinates": [120.692, 31.1521]}, "properties": {"country": "China", "cause": "Tropical cyclone", "date": "1994-08-21", "dead": "762"}}, {"type": "Feature", "geometry": {"type": "Point", "coordinates": [77.27, 31.7668]}, "properties": {"country": "India", "cause": "Torrential rain", "date": "1994-08-20", "dead": "9"}}, {"type": "Feature", "geometry": {"type": "Point", "coordinates": [67.8824, 29.6075]}, "properties": {"country": "Pakistan", "cause": "Torrential rain", "date": "1994-08-22", "dead": "24"}}, {"type": "Feature", "geometry": {"type": "Point", "coordinates": [127.335, 37.0999]}, "properties": {"country": "South Korea", "cause": "Heavy rain", "date": "1994-08-26", "dead": "5"}}, {"type": "Feature", "geometry": {"type": "Point", "coordinates": [79.2684, 20.7866]}, "properties": {"country": "India", "cause": "Monsoonal Rain", "date": "1994-08-26", "dead": "26"}}, {"type": "Feature", "geometry": {"type": "Point", "coordinates": [99.6055, 17.05]}, "properties": {"country": "Thailand", "cause": "Tropical cyclone", "date": "1994-08-30", "dead": "10"}}, {"type": "Feature", "geometry": {"type": "Point", "coordinates": [77.0555, 31.5294]}, "properties": {"country": "India", "cause": "Monsoonal Rain", "date": "1994-08-31", "dead": "20"}}, {"type": "Feature", "geometry": {"type": "Point", "coordinates": [84.4369, 20.1358]}, "properties": {"country": "India", "cause": "Monsoonal Rain", "date": "1994-09-02", "dead": "0"}}, {"type": "Feature", "geometry": {"type": "Point", "coordinates": [104.452, 16.1885]}, "properties": {"country": "Thailand", "cause": "Heavy rain", "date": "1994-09-03", "dead": "407"}}, {"type": "Feature", "geometry": {"type": "Point", "coordinates": [134.79, 45.0556]}, "properties": {"country": "Russia", "cause": "Heavy rain", "date": "1994-09-17", "dead": "13"}}, {"type": "Feature", "geometry": {"type": "Point", "coordinates": [120.77, 15.1434]}, "properties": {"country": "Philippines", "cause": "Monsoonal Rain", "date": "1994-09-19", "dead": "16"}}, {"type": "Feature", "geometry": {"type": "Point", "coordinates": [121.181, 14.3202]}, "properties": {"country": "Philippines", "cause": "Tropical cyclone", "date": "1994-10-18", "dead": "4"}}, {"type": "Feature", "geometry": {"type": "Point", "coordinates": [125.873, 9.14408]}, "properties": {"country": "Philippines", "cause": "Tropical cyclone", "date": "1994-10-18", "dead": "12"}}, {"type": "Feature", "geometry": {"type": "Point", "coordinates": [117.653, 36.1734]}, "properties": {"country": "China", "cause": "Heavy rain", "date": "1994-10-19", "dead": "17"}}, {"type": "Feature", "geometry": {"type": "Point", "coordinates": [78.7248, 10.7214]}, "properties": {"country": "India", "cause": "Tropical cyclone", "date": "1994-10-27", "dead": "40"}}, {"type": "Feature", "geometry": {"type": "Point", "coordinates": [80.0422, 16.2498]}, "properties": {"country": "India", "cause": "Tropical cyclone", "date": "1994-10-30", "dead": "230"}}, {"type": "Feature", "geometry": {"type": "Point", "coordinates": [36.4848, 30.9819]}, "properties": {"country": "Jordan", "cause": "Heavy rain", "date": "1994-11-01", "dead": "21"}}, {"type": "Feature", "geometry": {"type": "Point", "coordinates": [119.16, -8.59727]}, "properties": {"country": "Indonesia", "cause": "Heavy rain", "date": "1994-11-01", "dead": "31"}}, {"type": "Feature", "geometry": {"type": "Point", "coordinates": [48.9236, 32.0846]}, "properties": {"country": "Iran", "cause": "Heavy rain", "date": "1994-11-14", "dead": "13"}}, {"type": "Feature", "geometry": {"type": "Point", "coordinates": [100.547, -0.77561]}, "properties": {"country": "Indonesia", "cause": "Heavy rain", "date": "1994-12-02", "dead": "6"}}, {"type": "Feature", "geometry": {"type": "Point", "coordinates": [125.042, 11.2536]}, "properties": {"country": "Philippines", "cause": "Tropical cyclone", "date": "1994-12-19", "dead": "10"}}, {"type": "Feature", "geometry": {"type": "Point", "coordinates": [103.825, 12.5629]}, "properties": {"country": "Cambodia", "cause": "Tropical cyclone", "date": "1994-07-30", "dead": "6"}}, {"type": "Feature", "geometry": {"type": "Point", "coordinates": [101.984, 0.633088]}, "properties": {"country": "Indonesia", "cause": "Heavy rain", "date": "1995-01-09", "dead": "3"}}, {"type": "Feature", "geometry": {"type": "Point", "coordinates": [101.896, -0.529789]}, "properties": {"country": "Indonesia", "cause": "Heavy rain", "date": "1995-02-03", "dead": "47"}}, {"type": "Feature", "geometry": {"type": "Point", "coordinates": [45.9569, 44.8374]}, "properties": {"country": "Russia", "cause": "Heavy rain", "date": "1995-03-14", "dead": "2"}}, {"type": "Feature", "geometry": {"type": "Point", "coordinates": [113.285, 22.8414]}, "properties": {"country": "China", "cause": "Heavy rain", "date": "1995-04-20", "dead": "40"}}, {"type": "Feature", "geometry": {"type": "Point", "coordinates": [69.7177, 36.6338]}, "properties": {"country": "Afghanistan", "cause": "Heavy rain", "date": "1995-04-19", "dead": "10"}}, {"type": "Feature", "geometry": {"type": "Point", "coordinates": [58.9894, 35.2121]}, "properties": {"country": "Iran", "cause": "Brief torrential rain", "date": "1995-04-21", "dead": "9"}}, {"type": "Feature", "geometry": {"type": "Point", "coordinates": [99.2856, 2.5585]}, "properties": {"country": "Indonesia", "cause": "Heavy rain", "date": "1995-05-01", "dead": "55"}}, {"type": "Feature", "geometry": {"type": "Point", "coordinates": [80.1122, 7.89697]}, "properties": {"country": "Sri Lanka", "cause": "Heavy rain", "date": "1995-05-07", "dead": "1"}}, {"type": "Feature", "geometry": {"type": "Point", "coordinates": [112.827, 28.2914]}, "properties": {"country": "China", "cause": "Heavy rain", "date": "1995-05-15", "dead": "1530"}}, {"type": "Feature", "geometry": {"type": "Point", "coordinates": [90.0958, 22.9967]}, "properties": {"country": "Bangladesh", "cause": "Heavy rain", "date": "1995-05-17", "dead": "41"}}, {"type": "Feature", "geometry": {"type": "Point", "coordinates": [51.6601, 35.5798]}, "properties": {"country": "Iran", "cause": "Brief torrential rain", "date": "1995-05-31", "dead": "10"}}, {"type": "Feature", "geometry": {"type": "Point", "coordinates": [92.8575, 23.2582]}, "properties": {"country": "India", "cause": "Heavy rain", "date": "1995-06-02", "dead": "40"}}, {"type": "Feature", "geometry": {"type": "Point", "coordinates": [47.6973, 40.1555]}, "properties": {"country": "Azerbaijan", "cause": "Heavy rain", "date": "1995-06-15", "dead": "0"}}, {"type": "Feature", "geometry": {"type": "Point", "coordinates": [90.2429, 25.1211]}, "properties": {"country": "Bangladesh", "cause": "Monsoonal rain", "date": "1995-06-16", "dead": "105"}}, {"type": "Feature", "geometry": {"type": "Point", "coordinates": [85.8796, 27.6214]}, "properties": {"country": "Nepal", "cause": "Monsoonal rain", "date": "1995-06-19", "dead": "139"}}, {"type": "Feature", "geometry": {"type": "Point", "coordinates": [92.8902, 26.0363]}, "properties": {"country": "India", "cause": "Monsoonal rain", "date": "1995-06-20", "dead": "17"}}, {"type": "Feature", "geometry": {"type": "Point", "coordinates": [41.4993, 42.9785]}, "properties": {"country": "Georgia", "cause": "Heavy rain", "date": "1995-07-01", "dead": "5"}}, {"type": "Feature", "geometry": {"type": "Point", "coordinates": [108.209, 30.1801]}, "properties": {"country": "China", "cause": "Heavy rain", "date": "1995-07-05", "dead": "65"}}, {"type": "Feature", "geometry": {"type": "Point", "coordinates": [88.9998, 25.7626]}, "properties": {"country": "Bangladesh", "cause": "Monsoonal rain", "date": "1995-07-04", "dead": "250"}}, {"type": "Feature", "geometry": {"type": "Point", "coordinates": [68.5019, 29.8869]}, "properties": {"country": "Pakistan", "cause": "Monsoonal rain", "date": "1995-07-19", "dead": "600"}}, {"type": "Feature", "geometry": {"type": "Point", "coordinates": [120.64, 15.2263]}, "properties": {"country": "Philippines", "cause": "Tropical cyclone", "date": "1995-07-29", "dead": "0"}}, {"type": "Feature", "geometry": {"type": "Point", "coordinates": [128.595, 40.3499]}, "properties": {"country": "North Korea", "cause": "Heavy rain", "date": "1995-08-01", "dead": "68"}}, {"type": "Feature", "geometry": {"type": "Point", "coordinates": [101.558, 14.9639]}, "properties": {"country": "Thailand", "cause": "Heavy rain", "date": "1995-08-01", "dead": "260"}}, {"type": "Feature", "geometry": {"type": "Point", "coordinates": [125.154, 42.5413]}, "properties": {"country": "China", "cause": "Heavy rain", "date": "1995-07-25", "dead": "123"}}, {"type": "Feature", "geometry": {"type": "Point", "coordinates": [89.9406, 24.8678]}, "properties": {"country": "Bangladesh", "cause": "Monsoonal rain", "date": "1995-08-16", "dead": "26"}}, {"type": "Feature", "geometry": {"type": "Point", "coordinates": [127.674, 37.0506]}, "properties": {"country": "South Korea", "cause": "Extra-tropical cyclone", "date": "1995-08-24", "dead": "53"}}, {"type": "Feature", "geometry": {"type": "Point", "coordinates": [120.687, 15.4632]}, "properties": {"country": "Philippines", "cause": "Monsoonal rain", "date": "1995-08-29", "dead": "3"}}, {"type": "Feature", "geometry": {"type": "Point", "coordinates": [120.745, 22.8088]}, "properties": {"country": "Philippines", "cause": "Heavy rain", "date": "1995-09-04", "dead": "180"}}, {"type": "Feature", "geometry": {"type": "Point", "coordinates": [76.8263, 28.2424]}, "properties": {"country": "India", "cause": "Monsoonal rain", "date": "1995-09-01", "dead": "600"}}, {"type": "Feature", "geometry": {"type": "Point", "coordinates": [88.4616, 27.5887]}, "properties": {"country": "India", "cause": "Monsoonal rain", "date": "1995-09-05", "dead": "35"}}, {"type": "Feature", "geometry": {"type": "Point", "coordinates": [139.905, 35.2121]}, "properties": {"country": "Japan", "cause": "Tropical cyclone", "date": "1995-09-15", "dead": "3"}}, {"type": "Feature", "geometry": {"type": "Point", "coordinates": [106.544, 13.2244]}, "properties": {"country": "Cambodia", "cause": "Monsoonal rain", "date": "1995-09-18", "dead": "0"}}, {"type": "Feature", "geometry": {"type": "Point", "coordinates": [105.709, 16.5417]}, "properties": {"country": "Laos", "cause": "Monsoonal rain", "date": "1995-09-18", "dead": "0"}}, {"type": "Feature", "geometry": {"type": "Point", "coordinates": [100.367, 5.34767]}, "properties": {"country": "Malaysia", "cause": "Heavy rain", "date": "1995-09-17", "dead": "0"}}, {"type": "Feature", "geometry": {"type": "Point", "coordinates": [108.0, 14.0455]}, "properties": {"country": "Vietnam", "cause": "Heavy rain", "date": "1995-09-21", "dead": "153"}}, {"type": "Feature", "geometry": {"type": "Point", "coordinates": [134.158, 33.3124]}, "properties": {"country": "Japan", "cause": "Tropical cyclone", "date": "1995-09-23", "dead": "3"}}, {"type": "Feature", "geometry": {"type": "Point", "coordinates": [95.2679, 20.86]}, "properties": {"country": "Myanmar", "cause": "Heavy rain", "date": "1995-09-26", "dead": "50"}}, {"type": "Feature", "geometry": {"type": "Point", "coordinates": [87.3749, 22.4615]}, "properties": {"country": "India", "cause": "Monsoonal rain", "date": "1995-09-26", "dead": "144"}}, {"type": "Feature", "geometry": {"type": "Point", "coordinates": [90.2429, 25.1334]}, "properties": {"country": "Bangladesh", "cause": "Monsoonal rain", "date": "1995-09-29", "dead": "400"}}, {"type": "Feature", "geometry": {"type": "Point", "coordinates": [122.697, 12.779]}, "properties": {"country": "Philippines", "cause": "Tropical cyclone", "date": "1995-09-30", "dead": "150"}}, {"type": "Feature", "geometry": {"type": "Point", "coordinates": [106.601, 17.3711]}, "properties": {"country": "Vietnam", "cause": "Tropical cyclone", "date": "1995-10-08", "dead": "253"}}, {"type": "Feature", "geometry": {"type": "Point", "coordinates": [120.606, 15.2507]}, "properties": {"country": "Philippines", "cause": "Tropical cyclone", "date": "1995-10-09", "dead": "100"}}, {"type": "Feature", "geometry": {"type": "Point", "coordinates": [80.5114, 6.83476]}, "properties": {"country": "Sri Lanka", "cause": "Heavy rain", "date": "1995-10-09", "dead": "6"}}, {"type": "Feature", "geometry": {"type": "Point", "coordinates": [48.7981, 41.0301]}, "properties": {"country": "Azerbaijan", "cause": "Heavy rain", "date": "1995-10-13", "dead": "5"}}, {"type": "Feature", "geometry": {"type": "Point", "coordinates": [80.612, 16.4132]}, "properties": {"country": "India", "cause": "Tropical cyclone", "date": "1995-10-20", "dead": "94"}}, {"type": "Feature", "geometry": {"type": "Point", "coordinates": [122.518, 13.2727]}, "properties": {"country": "Philippines", "cause": "Tropical cyclone", "date": "1995-10-28", "dead": "765"}}, {"type": "Feature", "geometry": {"type": "Point", "coordinates": [40.1454, 21.1239]}, "properties": {"country": "Saudi Arabia", "cause": "Heavy rain", "date": "1995-11-04", "dead": "5"}}, {"type": "Feature", "geometry": {"type": "Point", "coordinates": [27.1193, 38.652]}, "properties": {"country": "Turkey", "cause": "Heavy rain", "date": "1995-11-04", "dead": "62"}}, {"type": "Feature", "geometry": {"type": "Point", "coordinates": [90.3001, 22.4166]}, "properties": {"country": "Bangladesh", "cause": "Tropical cyclone", "date": "1995-11-10", "dead": "45"}}, {"type": "Feature", "geometry": {"type": "Point", "coordinates": [125.619, 7.20654]}, "properties": {"country": "Philippines", "cause": "Brief torrential rain", "date": "1995-12-10", "dead": "12"}}, {"type": "Feature", "geometry": {"type": "Point", "coordinates": [121.925, 17.5345]}, "properties": {"country": "Philippines", "cause": "Heavy rain", "date": "1995-12-24", "dead": "18"}}, {"type": "Feature", "geometry": {"type": "Point", "coordinates": [124.471, 6.76939]}, "properties": {"country": "Philippines", "cause": "nan", "date": "1995-12-24", "dead": "0"}}, {"type": "Feature", "geometry": {"type": "Point", "coordinates": [106.847, -6.25757]}, "properties": {"country": "Indonesia", "cause": "Heavy rain", "date": "1996-01-06", "dead": "10"}}, {"type": "Feature", "geometry": {"type": "Point", "coordinates": [126.103, 8.70101]}, "properties": {"country": "Philippines", "cause": "Heavy rain", "date": "1996-01-06", "dead": "0"}}, {"type": "Feature", "geometry": {"type": "Point", "coordinates": [106.829, -6.22899]}, "properties": {"country": "Indonesia", "cause": "Heavy rain", "date": "1996-02-09", "dead": "20"}}, {"type": "Feature", "geometry": {"type": "Point", "coordinates": [109.6, -7.25388]}, "properties": {"country": "Indonesia", "cause": "Heavy rain", "date": "1996-03-01", "dead": "0"}}, {"type": "Feature", "geometry": {"type": "Point", "coordinates": [48.0866, 32.5397]}, "properties": {"country": "Iran", "cause": "Heavy rain", "date": "1996-03-28", "dead": "22"}}, {"type": "Feature", "geometry": {"type": "Point", "coordinates": [104.478, -4.33874]}, "properties": {"country": "Indonesia", "cause": "Heavy rain", "date": "1996-03-27", "dead": "20"}}, {"type": "Feature", "geometry": {"type": "Point", "coordinates": [63.6512, 33.5139]}, "properties": {"country": "Afghanistan", "cause": "Heavy rain", "date": "1996-04-09", "dead": "115"}}, {"type": "Feature", "geometry": {"type": "Point", "coordinates": [44.0349, 13.6097]}, "properties": {"country": "Yemen", "cause": "Heavy rain", "date": "1996-05-14", "dead": "7"}}, {"type": "Feature", "geometry": {"type": "Point", "coordinates": [47.415, 15.4695]}, "properties": {"country": "Yemen", "cause": "nan", "date": "1996-05-14", "dead": "0"}}, {"type": "Feature", "geometry": {"type": "Point", "coordinates": [106.781, -6.60443]}, "properties": {"country": "Indonesia", "cause": "Heavy rain", "date": "1996-05-16", "dead": "4"}}, {"type": "Feature", "geometry": {"type": "Point", "coordinates": [115.873, 27.3146]}, "properties": {"country": "China", "cause": "Heavy rain", "date": "1996-05-30", "dead": "0"}}, {"type": "Feature", "geometry": {"type": "Point", "coordinates": [111.292, 25.1596]}, "properties": {"country": "China", "cause": "Heavy rain", "date": "1996-06-13", "dead": "340"}}, {"type": "Feature", "geometry": {"type": "Point", "coordinates": [73.762, 26.5766]}, "properties": {"country": "India", "cause": "Monsoonal rain", "date": "1996-06-10", "dead": "63"}}, {"type": "Feature", "geometry": {"type": "Point", "coordinates": [90.1016, 25.2408]}, "properties": {"country": "Bangladesh", "cause": "Monsoonal rain", "date": "1996-06-27", "dead": "6"}}, {"type": "Feature", "geometry": {"type": "Point", "coordinates": [118.323, 30.8939]}, "properties": {"country": "China", "cause": "Heavy rain", "date": "1996-06-30", "dead": "43"}}, {"type": "Feature", "geometry": {"type": "Point", "coordinates": [108.345, 58.4808]}, "properties": {"country": "Russia", "cause": "Heavy rain", "date": "1996-07-03", "dead": "0"}}, {"type": "Feature", "geometry": {"type": "Point", "coordinates": [95.7105, 5.15947]}, "properties": {"country": "Indonesia", "cause": "Heavy rain", "date": "1996-07-05", "dead": "0"}}, {"type": "Feature", "geometry": {"type": "Point", "coordinates": [46.4851, 37.9198]}, "properties": {"country": "Iran", "cause": "Heavy rain", "date": "1996-07-12", "dead": "25"}}, {"type": "Feature", "geometry": {"type": "Point", "coordinates": [92.3599, 27.4105]}, "properties": {"country": "India", "cause": "Monsoonal rain", "date": "1996-07-10", "dead": "82"}}, {"type": "Feature", "geometry": {"type": "Point", "coordinates": [85.6883, 24.7685]}, "properties": {"country": "India", "cause": "Heavy rain", "date": "1996-07-17", "dead": "74"}}, {"type": "Feature", "geometry": {"type": "Point", "coordinates": [101.482, 17.5507]}, "properties": {"country": "Thailand", "cause": "Tropical cyclone", "date": "1996-07-18", "dead": "29"}}, {"type": "Feature", "geometry": {"type": "Point", "coordinates": [89.9688, 23.0267]}, "properties": {"country": "Bangladesh", "cause": "Monsoonal rain", "date": "1996-07-19", "dead": "50"}}, {"type": "Feature", "geometry": {"type": "Point", "coordinates": [86.0093, 27.8829]}, "properties": {"country": "Nepal", "cause": "Monsoonal rain", "date": "1996-07-20", "dead": "61"}}, {"type": "Feature", "geometry": {"type": "Point", "coordinates": [111.032, 23.3441]}, "properties": {"country": "China", "cause": "Heavy Rain", "date": "1996-07-19", "dead": "0"}}, {"type": "Feature", "geometry": {"type": "Point", "coordinates": [120.781, 15.2776]}, "properties": {"country": "Philippines", "cause": "Heavy Rain", "date": "1996-07-22", "dead": "89"}}, {"type": "Feature", "geometry": {"type": "Point", "coordinates": [136.205, 48.4439]}, "properties": {"country": "Russia", "cause": "Heavy Rain", "date": "1996-08-01", "dead": "4"}}, {"type": "Feature", "geometry": {"type": "Point", "coordinates": [118.021, 25.6245]}, "properties": {"country": "China", "cause": "Heavy Rain", "date": "1996-08-06", "dead": "266"}}, {"type": "Feature", "geometry": {"type": "Point", "coordinates": [29.0754, 41.0859]}, "properties": {"country": "Turkey", "cause": "Heavy Rain", "date": "1996-08-07", "dead": "2"}}, {"type": "Feature", "geometry": {"type": "Point", "coordinates": [106.98, 47.942]}, "properties": {"country": "Mongolia", "cause": "Heavy Rain", "date": "1996-08-09", "dead": "6"}}, {"type": "Feature", "geometry": {"type": "Point", "coordinates": [104.581, 21.7574]}, "properties": {"country": "Vietnam", "cause": "Monsoonal rain", "date": "1996-08-18", "dead": "55"}}, {"type": "Feature", "geometry": {"type": "Point", "coordinates": [90.2861, 25.3736]}, "properties": {"country": "Bangladesh", "cause": "Heavy Rain", "date": "1996-08-26", "dead": "20"}}, {"type": "Feature", "geometry": {"type": "Point", "coordinates": [127.46, 39.0121]}, "properties": {"country": "North Korea", "cause": "Heavy Rain", "date": "1996-07-25", "dead": "205"}}, {"type": "Feature", "geometry": {"type": "Point", "coordinates": [72.4557, 30.8497]}, "properties": {"country": "Pakistan", "cause": "Heavy Rain", "date": "1996-09-02", "dead": "119"}}, {"type": "Feature", "geometry": {"type": "Point", "coordinates": [85.4779, 27.9198]}, "properties": {"country": "Nepal", "cause": "Heavy Rain", "date": "1996-09-06", "dead": "20"}}, {"type": "Feature", "geometry": {"type": "Point", "coordinates": [105.076, 13.9861]}, "properties": {"country": "Cambodia", "cause": "Monsoonal rain", "date": "1996-09-27", "dead": "46"}}, {"type": "Feature", "geometry": {"type": "Point", "coordinates": [109.807, 19.4326]}, "properties": {"country": "China", "cause": "Tropical Cyclone", "date": "1996-09-20", "dead": "38"}}, {"type": "Feature", "geometry": {"type": "Point", "coordinates": [105.275, 10.2001]}, "properties": {"country": "Vietnam", "cause": "Heavy Rain", "date": "1996-10-01", "dead": "162"}}, {"type": "Feature", "geometry": {"type": "Point", "coordinates": [100.456, 14.0414]}, "properties": {"country": "Thailand", "cause": "Monsoonal rain", "date": "1996-10-03", "dead": "60"}}, {"type": "Feature", "geometry": {"type": "Point", "coordinates": [110.139, -7.33507]}, "properties": {"country": "Indonesia", "cause": "Heavy Rain", "date": "1996-10-20", "dead": "13"}}, {"type": "Feature", "geometry": {"type": "Point", "coordinates": [78.7288, 15.0341]}, "properties": {"country": "India", "cause": "Heavy Rain", "date": "1996-10-21", "dead": "326"}}, {"type": "Feature", "geometry": {"type": "Point", "coordinates": [81.7657, 17.0009]}, "properties": {"country": "India", "cause": "Tropical Cyclone", "date": "1996-11-06", "dead": "2500"}}, {"type": "Feature", "geometry": {"type": "Point", "coordinates": [53.0682, 36.4069]}, "properties": {"country": "Iran", "cause": "Heavy Rain", "date": "1996-11-09", "dead": "5"}}, {"type": "Feature", "geometry": {"type": "Point", "coordinates": [117.312, 5.51372]}, "properties": {"country": "Malaysia", "cause": "Heavy Rain", "date": "1996-12-26", "dead": "200"}}, {"type": "Feature", "geometry": {"type": "Point", "coordinates": [92.1256, 22.4865]}, "properties": {"country": "Bangladesh", "cause": "Heavy rain", "date": "1997-03-19", "dead": "25"}}, {"type": "Feature", "geometry": {"type": "Point", "coordinates": [35.229, 32.165]}, "properties": {"country": "Palestine", "cause": "Heavy rain", "date": "1997-02-22", "dead": "16"}}, {"type": "Feature", "geometry": {"type": "Point", "coordinates": [92.071, 21.7744]}, "properties": {"country": "Bangladesh", "cause": "Heavy rain", "date": "1997-06-14", "dead": "0"}}, {"type": "Feature", "geometry": {"type": "Point", "coordinates": [87.8099, 26.9811]}, "properties": {"country": "Nepal", "cause": "Monsoonal rain", "date": "1997-06-10", "dead": "20"}}, {"type": "Feature", "geometry": {"type": "Point", "coordinates": [115.176, 26.0024]}, "properties": {"country": "China", "cause": "Monsoonal rain", "date": "1997-07-06", "dead": "287"}}, {"type": "Feature", "geometry": {"type": "Point", "coordinates": [91.9783, 22.3517]}, "properties": {"country": "Bangladesh", "cause": "Heavy rain", "date": "1997-07-03", "dead": "100"}}, {"type": "Feature", "geometry": {"type": "Point", "coordinates": [91.961, 22.0189]}, "properties": {"country": "Bangladesh", "cause": "Heavy rain", "date": "1997-07-29", "dead": "15"}}, {"type": "Feature", "geometry": {"type": "Point", "coordinates": [114.815, 22.6192]}, "properties": {"country": "China", "cause": "Tropical cyclone", "date": "1997-08-02", "dead": "65"}}, {"type": "Feature", "geometry": {"type": "Point", "coordinates": [86.2554, 24.0572]}, "properties": {"country": "India", "cause": "Monsoonal rain", "date": "1997-08-01", "dead": "24"}}, {"type": "Feature", "geometry": {"type": "Point", "coordinates": [114.116, 22.3798]}, "properties": {"country": "China", "cause": "Monsoonal rain", "date": "1997-08-13", "dead": "0"}}, {"type": "Feature", "geometry": {"type": "Point", "coordinates": [121.6, 24.719]}, "properties": {"country": "Taiwan", "cause": "Tropical cyclone", "date": "1997-08-16", "dead": "31"}}, {"type": "Feature", "geometry": {"type": "Point", "coordinates": [77.3409, 31.7905]}, "properties": {"country": "India", "cause": "Monsoonal rain", "date": "1997-08-08", "dead": "200"}}, {"type": "Feature", "geometry": {"type": "Point", "coordinates": [120.262, 29.9379]}, "properties": {"country": "China", "cause": "Tropical cyclone", "date": "1997-08-15", "dead": "56"}}, {"type": "Feature", "geometry": {"type": "Point", "coordinates": [98.9673, 9.32083]}, "properties": {"country": "Thailand", "cause": "Monsoonal rain", "date": "1997-08-19", "dead": "46"}}, {"type": "Feature", "geometry": {"type": "Point", "coordinates": [110.884, 21.6936]}, "properties": {"country": "China", "cause": "Tropical cyclone", "date": "1997-08-19", "dead": "345"}}, {"type": "Feature", "geometry": {"type": "Point", "coordinates": [72.5263, 32.3559]}, "properties": {"country": "Pakistan", "cause": "Monsoonal rain", "date": "1997-08-12", "dead": "165"}}, {"type": "Feature", "geometry": {"type": "Point", "coordinates": [70.2244, 34.8425]}, "properties": {"country": "Afghanistan", "cause": "Heavy rain", "date": "1997-09-07", "dead": "30"}}, {"type": "Feature", "geometry": {"type": "Point", "coordinates": [103.765, 17.038]}, "properties": {"country": "Thailand", "cause": "Monsoonal rain", "date": "1997-08-19", "dead": "46"}}, {"type": "Feature", "geometry": {"type": "Point", "coordinates": [80.2592, 6.90986]}, "properties": {"country": "Sri Lanka", "cause": "Heavy rain", "date": "1997-09-13", "dead": "10"}}, {"type": "Feature", "geometry": {"type": "Point", "coordinates": [108.01, 15.9136]}, "properties": {"country": "Vietnam", "cause": "Tropical cyclone", "date": "1997-09-20", "dead": "28"}}, {"type": "Feature", "geometry": {"type": "Point", "coordinates": [105.641, 9.71488]}, "properties": {"country": "Vietnam", "cause": "Tropical cyclone", "date": "1997-11-02", "dead": "594"}}, {"type": "Feature", "geometry": {"type": "Point", "coordinates": [39.3523, 22.6243]}, "properties": {"country": "Saudi Arabia", "cause": "Heavy rain", "date": "1997-01-07", "dead": "10"}}, {"type": "Feature", "geometry": {"type": "Point", "coordinates": [83.1199, 43.4361]}, "properties": {"country": "China", "cause": "Rain and snowmelt", "date": "1997-01-14", "dead": "21"}}, {"type": "Feature", "geometry": {"type": "Point", "coordinates": [27.1915, 39.041]}, "properties": {"country": "Turkey", "cause": "Heavy rain", "date": "1997-01-08", "dead": "3"}}, {"type": "Feature", "geometry": {"type": "Point", "coordinates": [44.1686, 42.1497]}, "properties": {"country": "Georgia", "cause": "Rain and snowmelt", "date": "1997-01-01", "dead": "3"}}, {"type": "Feature", "geometry": {"type": "Point", "coordinates": [35.9814, 31.9335]}, "properties": {"country": "Jordan", "cause": "Heavy rain", "date": "1997-02-22", "dead": "4"}}, {"type": "Feature", "geometry": {"type": "Point", "coordinates": [52.6964, 30.0776]}, "properties": {"country": "Iran", "cause": "Heavy rain", "date": "1997-03-25", "dead": "2"}}, {"type": "Feature", "geometry": {"type": "Point", "coordinates": [43.4738, 18.9038]}, "properties": {"country": "Saudi Arabia", "cause": "Heavy rain", "date": "1997-03-25", "dead": "16"}}, {"type": "Feature", "geometry": {"type": "Point", "coordinates": [125.768, 8.88096]}, "properties": {"country": "Philippines", "cause": "Heavy rain", "date": "1997-03-09", "dead": "18"}}, {"type": "Feature", "geometry": {"type": "Point", "coordinates": [43.9997, 42.2803]}, "properties": {"country": "Georgia", "cause": "Heavy rain", "date": "1997-04-26", "dead": "4"}}, {"type": "Feature", "geometry": {"type": "Point", "coordinates": [59.4723, 32.8139]}, "properties": {"country": "Iran", "cause": "Heavy rain", "date": "1997-04-26", "dead": "6"}}, {"type": "Feature", "geometry": {"type": "Point", "coordinates": [89.0683, 60.8855]}, "properties": {"country": "Russia", "cause": "Ice jam/break-up", "date": "1997-04-24", "dead": "3"}}, {"type": "Feature", "geometry": {"type": "Point", "coordinates": [40.082, 47.3337]}, "properties": {"country": "Russia", "cause": "Heavy rain", "date": "1997-04-15", "dead": "2"}}, {"type": "Feature", "geometry": {"type": "Point", "coordinates": [120.715, 14.8299]}, "properties": {"country": "Philippines", "cause": "Tropical cyclone", "date": "1997-05-25", "dead": "35"}}, {"type": "Feature", "geometry": {"type": "Point", "coordinates": [113.348, 22.9053]}, "properties": {"country": "China", "cause": "Heavy rain", "date": "1997-05-03", "dead": "135"}}, {"type": "Feature", "geometry": {"type": "Point", "coordinates": [67.037, 36.2132]}, "properties": {"country": "Afghanistan", "cause": "Rain and snowmelt", "date": "1997-05-12", "dead": "40"}}, {"type": "Feature", "geometry": {"type": "Point", "coordinates": [109.438, 23.8505]}, "properties": {"country": "China", "cause": "Heavy rain", "date": "1997-05-09", "dead": "111"}}, {"type": "Feature", "geometry": {"type": "Point", "coordinates": [117.365, 25.4892]}, "properties": {"country": "China", "cause": "Heavy rain", "date": "1997-05-05", "dead": "19"}}, {"type": "Feature", "geometry": {"type": "Point", "coordinates": [71.3091, 22.4404]}, "properties": {"country": "India", "cause": "Monsoonal rain", "date": "1997-06-22", "dead": "273"}}, {"type": "Feature", "geometry": {"type": "Point", "coordinates": [48.0012, 38.4007]}, "properties": {"country": "Iran", "cause": "Heavy rain", "date": "1997-06-18", "dead": "2"}}, {"type": "Feature", "geometry": {"type": "Point", "coordinates": [127.643, 36.2666]}, "properties": {"country": "South Korea", "cause": "Heavy rain", "date": "1997-06-22", "dead": "10"}}, {"type": "Feature", "geometry": {"type": "Point", "coordinates": [59.9829, 35.6264]}, "properties": {"country": "Iran", "cause": "Heavy rain", "date": "1997-06-17", "dead": "13"}}, {"type": "Feature", "geometry": {"type": "Point", "coordinates": [55.9204, 23.5684]}, "properties": {"country": "Oman", "cause": "Heavy rain", "date": "1997-06-21", "dead": "4"}}, {"type": "Feature", "geometry": {"type": "Point", "coordinates": [139.129, 35.3672]}, "properties": {"country": "Japan", "cause": "Tropical cyclone", "date": "1997-06-18", "dead": "3"}}, {"type": "Feature", "geometry": {"type": "Point", "coordinates": [113.235, 28.2139]}, "properties": {"country": "China", "cause": "Heavy rain", "date": "1997-06-08", "dead": "56"}}, {"type": "Feature", "geometry": {"type": "Point", "coordinates": [103.687, 26.8739]}, "properties": {"country": "China", "cause": "Heavy rain", "date": "1997-06-03", "dead": "40"}}, {"type": "Feature", "geometry": {"type": "Point", "coordinates": [104.958, 31.2078]}, "properties": {"country": "China", "cause": "Heavy rain", "date": "1997-06-06", "dead": "150"}}, {"type": "Feature", "geometry": {"type": "Point", "coordinates": [114.213, 22.3357]}, "properties": {"country": "China", "cause": "Brief torrential rain", "date": "1997-06-02", "dead": "1"}}, {"type": "Feature", "geometry": {"type": "Point", "coordinates": [74.5774, 34.9725]}, "properties": {"country": "Pakistan", "cause": "Monsoonal rain", "date": "1997-07-25", "dead": "16"}}, {"type": "Feature", "geometry": {"type": "Point", "coordinates": [72.2365, 32.2874]}, "properties": {"country": "Pakistan", "cause": "Monsoonal rain", "date": "1997-07-25", "dead": "31"}}, {"type": "Feature", "geometry": {"type": "Point", "coordinates": [135.571, 33.9474]}, "properties": {"country": "Japan", "cause": "Tropical cyclone", "date": "1997-07-24", "dead": "5"}}, {"type": "Feature", "geometry": {"type": "Point", "coordinates": [99.4781, 26.94]}, "properties": {"country": "China", "cause": "Heavy rain", "date": "1997-07-10", "dead": "301"}}, {"type": "Feature", "geometry": {"type": "Point", "coordinates": [104.42, 35.2403]}, "properties": {"country": "China", "cause": "Heavy rain", "date": "1997-07-17", "dead": "19"}}, {"type": "Feature", "geometry": {"type": "Point", "coordinates": [76.6811, 9.49041]}, "properties": {"country": "India", "cause": "Monsoonal rain", "date": "1997-07-05", "dead": "100"}}, {"type": "Feature", "geometry": {"type": "Point", "coordinates": [105.185, 28.47]}, "properties": {"country": "China", "cause": "Heavy rain", "date": "1997-07-15", "dead": "48"}}, {"type": "Feature", "geometry": {"type": "Point", "coordinates": [92.9144, 26.0909]}, "properties": {"country": "India", "cause": "Monsoonal rain", "date": "1997-07-05", "dead": "97"}}, {"type": "Feature", "geometry": {"type": "Point", "coordinates": [132.779, 33.2972]}, "properties": {"country": "Japan", "cause": "Heavy rain", "date": "1997-07-08", "dead": "26"}}, {"type": "Feature", "geometry": {"type": "Point", "coordinates": [46.173, 37.1834]}, "properties": {"country": "Iran", "cause": "Heavy rain", "date": "1997-07-02", "dead": "11"}}, {"type": "Feature", "geometry": {"type": "Point", "coordinates": [121.135, 24.8439]}, "properties": {"country": "Taiwan", "cause": "Heavy rain", "date": "1997-07-02", "dead": "8"}}, {"type": "Feature", "geometry": {"type": "Point", "coordinates": [38.7219, 40.6106]}, "properties": {"country": "Turkey", "cause": "Brief torrential rain", "date": "1997-07-02", "dead": "4"}}, {"type": "Feature", "geometry": {"type": "Point", "coordinates": [127.852, 36.5943]}, "properties": {"country": "South Korea", "cause": "Heavy rain", "date": "1997-06-28", "dead": "4"}}, {"type": "Feature", "geometry": {"type": "Point", "coordinates": [74.8298, 33.9398]}, "properties": {"country": "India", "cause": "Monsoonal rain", "date": "1997-08-22", "dead": "26"}}, {"type": "Feature", "geometry": {"type": "Point", "coordinates": [100.618, 5.87962]}, "properties": {"country": "Malaysia", "cause": "Heavy rain", "date": "1997-08-23", "dead": "6"}}, {"type": "Feature", "geometry": {"type": "Point", "coordinates": [75.4418, 18.8234]}, "properties": {"country": "India", "cause": "Monsoonal rain", "date": "1997-08-19", "dead": "50"}}, {"type": "Feature", "geometry": {"type": "Point", "coordinates": [110.494, 24.9893]}, "properties": {"country": "China", "cause": "Heavy rain", "date": "1997-08-07", "dead": "13"}}, {"type": "Feature", "geometry": {"type": "Point", "coordinates": [87.0354, 27.3761]}, "properties": {"country": "Nepal", "cause": "Monsoonal rain", "date": "1997-08-08", "dead": "30"}}, {"type": "Feature", "geometry": {"type": "Point", "coordinates": [43.5376, 39.6237]}, "properties": {"country": "Turkey", "cause": "Heavy rain", "date": "1997-08-07", "dead": "11"}}, {"type": "Feature", "geometry": {"type": "Point", "coordinates": [104.011, 21.8834]}, "properties": {"country": "Vietnam", "cause": "Heavy rain", "date": "1997-08-01", "dead": "12"}}, {"type": "Feature", "geometry": {"type": "Point", "coordinates": [127.412, 36.0741]}, "properties": {"country": "South Korea", "cause": "Heavy rain", "date": "1997-07-29", "dead": "12"}}, {"type": "Feature", "geometry": {"type": "Point", "coordinates": [112.648, 27.2307]}, "properties": {"country": "China", "cause": "Heavy rain", "date": "1997-09-01", "dead": "63"}}, {"type": "Feature", "geometry": {"type": "Point", "coordinates": [130.992, 31.8054]}, "properties": {"country": "Japan", "cause": "Tropical cyclone", "date": "1997-09-09", "dead": "17"}}, {"type": "Feature", "geometry": {"type": "Point", "coordinates": [82.1012, 16.9874]}, "properties": {"country": "India", "cause": "Tropical cyclone", "date": "1997-09-19", "dead": "32"}}, {"type": "Feature", "geometry": {"type": "Point", "coordinates": [54.3393, 37.061]}, "properties": {"country": "Iran", "cause": "Heavy rain", "date": "1997-10-22", "dead": "5"}}, {"type": "Feature", "geometry": {"type": "Point", "coordinates": [34.8013, 30.7803]}, "properties": {"country": "Israel", "cause": "Heavy rain", "date": "1997-10-17", "dead": "15"}}, {"type": "Feature", "geometry": {"type": "Point", "coordinates": [35.7269, 31.1246]}, "properties": {"country": "Jordan", "cause": "Heavy rain", "date": "1997-10-17", "dead": "2"}}, {"type": "Feature", "geometry": {"type": "Point", "coordinates": [57.1698, 37.1834]}, "properties": {"country": "Iran", "cause": "Heavy rain", "date": "1997-10-05", "dead": "3"}}, {"type": "Feature", "geometry": {"type": "Point", "coordinates": [38.3799, 34.5539]}, "properties": {"country": "Syria", "cause": "Heavy rain", "date": "1997-11-01", "dead": "7"}}, {"type": "Feature", "geometry": {"type": "Point", "coordinates": [99.0695, 2.80788]}, "properties": {"country": "Indonesia", "cause": "Heavy rain", "date": "1997-11-01", "dead": "3"}}, {"type": "Feature", "geometry": {"type": "Point", "coordinates": [113.312, -7.85837]}, "properties": {"country": "Indonesia", "cause": "Heavy rain", "date": "1997-12-24", "dead": "5"}}, {"type": "Feature", "geometry": {"type": "Point", "coordinates": [78.9883, 13.8493]}, "properties": {"country": "India", "cause": "Monsoonal rain", "date": "1997-12-04", "dead": "6"}}, {"type": "Feature", "geometry": {"type": "Point", "coordinates": [61.9152, 32.1096]}, "properties": {"country": "Afghanistan", "cause": "Heavy rain", "date": "1998-02-20", "dead": "30"}}, {"type": "Feature", "geometry": {"type": "Point", "coordinates": [60.1151, 27.187]}, "properties": {"country": "Pakistan", "cause": "Heavy rain", "date": "1998-03-02", "dead": "300"}}, {"type": "Feature", "geometry": {"type": "Point", "coordinates": [39.3706, 46.5334]}, "properties": {"country": "Russia", "cause": "Snowmelt", "date": "1998-02-18", "dead": "1"}}, {"type": "Feature", "geometry": {"type": "Point", "coordinates": [113.08, 30.3557]}, "properties": {"country": "China", "cause": "Heavy rain", "date": "1998-03-06", "dead": "2"}}, {"type": "Feature", "geometry": {"type": "Point", "coordinates": [109.837, -7.52394]}, "properties": {"country": "Indonesia", "cause": "Heavy rain", "date": "1998-02-25", "dead": "0"}}, {"type": "Feature", "geometry": {"type": "Point", "coordinates": [43.6641, 14.5118]}, "properties": {"country": "Yemen", "cause": "Heavy rain", "date": "1998-03-14", "dead": "0"}}, {"type": "Feature", "geometry": {"type": "Point", "coordinates": [110.866, -7.84969]}, "properties": {"country": "Indonesia", "cause": "Heavy rain", "date": "1998-03-24", "dead": "0"}}, {"type": "Feature", "geometry": {"type": "Point", "coordinates": [50.8055, 31.6288]}, "properties": {"country": "Iran", "cause": "Brief torrential rain", "date": "1998-03-28", "dead": "84"}}, {"type": "Feature", "geometry": {"type": "Point", "coordinates": [70.1197, 36.2104]}, "properties": {"country": "Afghanistan", "cause": "Heavy rain", "date": "1998-04-06", "dead": "30"}}, {"type": "Feature", "geometry": {"type": "Point", "coordinates": [63.8934, 30.4727]}, "properties": {"country": "Afghanistan", "cause": "Dam/Levy, break or release", "date": "1998-04-11", "dead": "0"}}, {"type": "Feature", "geometry": {"type": "Point", "coordinates": [103.962, -3.61067]}, "properties": {"country": "Indonesia", "cause": "Heavy rain", "date": "1998-04-15", "dead": "13"}}, {"type": "Feature", "geometry": {"type": "Point", "coordinates": [68.9337, 38.4369]}, "properties": {"country": "Tajikistan", "cause": "Heavy rain", "date": "1998-04-24", "dead": "203"}}, {"type": "Feature", "geometry": {"type": "Point", "coordinates": [113.915, 22.4657]}, "properties": {"country": "China", "cause": "Brief torrential rain", "date": "1998-04-26", "dead": "0"}}, {"type": "Feature", "geometry": {"type": "Point", "coordinates": [67.6631, 34.4548]}, "properties": {"country": "Afghanistan", "cause": "Rain and snowmelt", "date": "1998-04-26", "dead": "35"}}, {"type": "Feature", "geometry": {"type": "Point", "coordinates": [39.7084, 59.9746]}, "properties": {"country": "Russia", "cause": "Snowmelt", "date": "1998-05-04", "dead": "0"}}, {"type": "Feature", "geometry": {"type": "Point", "coordinates": [107.054, -6.65077]}, "properties": {"country": "Indonesia", "cause": "Heavy rain", "date": "1998-05-11", "dead": "0"}}, {"type": "Feature", "geometry": {"type": "Point", "coordinates": [111.459, 28.7172]}, "properties": {"country": "China", "cause": "Brief torrential rain", "date": "1998-05-01", "dead": "0"}}, {"type": "Feature", "geometry": {"type": "Point", "coordinates": [60.2508, 32.7421]}, "properties": {"country": "Iran", "cause": "Brief torrential rain", "date": "1998-05-12", "dead": "27"}}, {"type": "Feature", "geometry": {"type": "Point", "coordinates": [117.939, 25.1204]}, "properties": {"country": "China", "cause": "Heavy rain", "date": "1998-05-12", "dead": "11"}}, {"type": "Feature", "geometry": {"type": "Point", "coordinates": [90.0268, 23.4505]}, "properties": {"country": "Bangladesh", "cause": "Tropical cyclone", "date": "1998-05-20", "dead": "0"}}, {"type": "Feature", "geometry": {"type": "Point", "coordinates": [31.4914, 38.7795]}, "properties": {"country": "Turkey", "cause": "Brief torrential rain", "date": "1998-05-20", "dead": "19"}}, {"type": "Feature", "geometry": {"type": "Point", "coordinates": [83.6735, 40.9204]}, "properties": {"country": "China", "cause": "Brief torrential rain", "date": "1998-05-16", "dead": "11"}}, {"type": "Feature", "geometry": {"type": "Point", "coordinates": [112.018, 26.7131]}, "properties": {"country": "China", "cause": "Heavy rain", "date": "1998-05-20", "dead": "58"}}, {"type": "Feature", "geometry": {"type": "Point", "coordinates": [70.3738, 41.7768]}, "properties": {"country": "Kyrgyzstan", "cause": "Brief torrential rain", "date": "1998-05-18", "dead": "1"}}, {"type": "Feature", "geometry": {"type": "Point", "coordinates": [66.0345, 36.8574]}, "properties": {"country": "Afghanistan", "cause": "Heavy rain", "date": "1998-05-29", "dead": "30"}}, {"type": "Feature", "geometry": {"type": "Point", "coordinates": [52.982, 66.6416]}, "properties": {"country": "Russia", "cause": "Ice jam/break-up", "date": "1998-06-03", "dead": "0"}}, {"type": "Feature", "geometry": {"type": "Point", "coordinates": [120.822, 23.6609]}, "properties": {"country": "Taiwan", "cause": "Monsoonal rain", "date": "1998-06-01", "dead": "3"}}, {"type": "Feature", "geometry": {"type": "Point", "coordinates": [127.54, 38.7474]}, "properties": {"country": "North Korea", "cause": "Tidal surge", "date": "1998-06-02", "dead": "0"}}, {"type": "Feature", "geometry": {"type": "Point", "coordinates": [114.339, 22.6488]}, "properties": {"country": "China", "cause": "Heavy rain", "date": "1998-06-09", "dead": "1"}}, {"type": "Feature", "geometry": {"type": "Point", "coordinates": [111.879, -7.75041]}, "properties": {"country": "Indonesia", "cause": "Heavy rain", "date": "1998-06-10", "dead": "0"}}, {"type": "Feature", "geometry": {"type": "Point", "coordinates": [105.136, 21.3271]}, "properties": {"country": "Vietnam", "cause": "Heavy rain", "date": "1998-06-09", "dead": "0"}}, {"type": "Feature", "geometry": {"type": "Point", "coordinates": [68.8677, 24.0181]}, "properties": {"country": "India", "cause": "Extra-tropical cyclone", "date": "1998-06-09", "dead": "1126"}}, {"type": "Feature", "geometry": {"type": "Point", "coordinates": [93.1722, 26.7913]}, "properties": {"country": "Bangladesh", "cause": "Monsoonal rain", "date": "1998-06-09", "dead": "77"}}, {"type": "Feature", "geometry": {"type": "Point", "coordinates": [42.0509, 40.6454]}, "properties": {"country": "Turkey", "cause": "Brief torrential rain", "date": "1998-06-12", "dead": "9"}}, {"type": "Feature", "geometry": {"type": "Point", "coordinates": [70.1175, 34.4397]}, "properties": {"country": "Afghanistan", "cause": "Heavy rain", "date": "1998-06-12", "dead": "30"}}, {"type": "Feature", "geometry": {"type": "Point", "coordinates": [112.322, 28.8202]}, "properties": {"country": "China", "cause": "Heavy rain", "date": "1998-08-05", "dead": "575"}}, {"type": "Feature", "geometry": {"type": "Point", "coordinates": [111.905, 36.6228]}, "properties": {"country": "China", "cause": "Heavy rain", "date": "1998-07-04", "dead": "113"}}, {"type": "Feature", "geometry": {"type": "Point", "coordinates": [102.714, 28.9415]}, "properties": {"country": "China", "cause": "Heavy rain", "date": "1998-06-27", "dead": "170"}}, {"type": "Feature", "geometry": {"type": "Point", "coordinates": [114.847, 30.3363]}, "properties": {"country": "China", "cause": "Heavy rain", "date": "1998-06-18", "dead": "164"}}, {"type": "Feature", "geometry": {"type": "Point", "coordinates": [112.868, 23.1199]}, "properties": {"country": "China", "cause": "Heavy rain", "date": "1998-06-25", "dead": "180"}}, {"type": "Feature", "geometry": {"type": "Point", "coordinates": [109.874, 24.8178]}, "properties": {"country": "China", "cause": "Heavy rain", "date": "1998-06-15", "dead": "66"}}, {"type": "Feature", "geometry": {"type": "Point", "coordinates": [105.422, 29.6288]}, "properties": {"country": "China", "cause": "Heavy rain", "date": "1998-06-18", "dead": "27"}}, {"type": "Feature", "geometry": {"type": "Point", "coordinates": [117.451, 28.8404]}, "properties": {"country": "China", "cause": "Heavy rain", "date": "1998-06-12", "dead": "51"}}, {"type": "Feature", "geometry": {"type": "Point", "coordinates": [119.82, 27.6882]}, "properties": {"country": "China", "cause": "Heavy rain", "date": "1998-06-12", "dead": "126"}}, {"type": "Feature", "geometry": {"type": "Point", "coordinates": [113.649, 28.3755]}, "properties": {"country": "China", "cause": "Heavy rain", "date": "1998-06-12", "dead": "40"}}, {"type": "Feature", "geometry": {"type": "Point", "coordinates": [105.344, 21.5645]}, "properties": {"country": "Vietnam", "cause": "Heavy rain", "date": "1998-06-28", "dead": "4"}}, {"type": "Feature", "geometry": {"type": "Point", "coordinates": [63.3028, 45.5457]}, "properties": {"country": "Kyrgyzstan", "cause": "Dam/Levy, break or release", "date": "1998-07-08", "dead": "93"}}, {"type": "Feature", "geometry": {"type": "Point", "coordinates": [150.45, 61.4991]}, "properties": {"country": "Russia", "cause": "Heavy rain", "date": "1998-07-19", "dead": "0"}}, {"type": "Feature", "geometry": {"type": "Point", "coordinates": [80.2213, 7.38157]}, "properties": {"country": "Sri Lanka", "cause": "Brief torrential rain", "date": "1998-07-17", "dead": "1"}}, {"type": "Feature", "geometry": {"type": "Point", "coordinates": [112.801, -7.6636]}, "properties": {"country": "Indonesia", "cause": "Brief torrential rain", "date": "1998-07-23", "dead": "26"}}, {"type": "Feature", "geometry": {"type": "Point", "coordinates": [73.0892, 38.1987]}, "properties": {"country": "Tajikistan", "cause": "Rain and snowmelt", "date": "1998-04-24", "dead": "52"}}, {"type": "Feature", "geometry": {"type": "Point", "coordinates": [108.082, 30.511]}, "properties": {"country": "China", "cause": "Brief torrential rain", "date": "1998-05-07", "dead": "9"}}, {"type": "Feature", "geometry": {"type": "Point", "coordinates": [107.668, 36.0394]}, "properties": {"country": "China", "cause": "Brief torrential rain", "date": "1998-05-20", "dead": "37"}}, {"type": "Feature", "geometry": {"type": "Point", "coordinates": [113.059, 31.1389]}, "properties": {"country": "China", "cause": "Brief torrential rain", "date": "1998-05-20", "dead": "8"}}, {"type": "Feature", "geometry": {"type": "Point", "coordinates": [104.391, 30.0976]}, "properties": {"country": "China", "cause": "Brief torrential rain", "date": "1998-05-20", "dead": "10"}}, {"type": "Feature", "geometry": {"type": "Point", "coordinates": [112.446, 23.4359]}, "properties": {"country": "China", "cause": "Heavy rain", "date": "1998-05-24", "dead": "15"}}, {"type": "Feature", "geometry": {"type": "Point", "coordinates": [69.2454, 39.6918]}, "properties": {"country": "Tajikistan", "cause": "Heavy rain", "date": "1998-05-31", "dead": "0"}}, {"type": "Feature", "geometry": {"type": "Point", "coordinates": [105.065, 28.6274]}, "properties": {"country": "China", "cause": "Heavy rain", "date": "1998-08-19", "dead": "19"}}, {"type": "Feature", "geometry": {"type": "Point", "coordinates": [106.413, 28.2752]}, "properties": {"country": "China", "cause": "Heavy rain", "date": "1998-08-03", "dead": "90"}}, {"type": "Feature", "geometry": {"type": "Point", "coordinates": [112.799, 29.3931]}, "properties": {"country": "China", "cause": "Heavy rain", "date": "1998-07-17", "dead": "345"}}, {"type": "Feature", "geometry": {"type": "Point", "coordinates": [127.087, 38.2982]}, "properties": {"country": "North Korea", "cause": "Brief torrential rain", "date": "1998-07-31", "dead": "273"}}, {"type": "Feature", "geometry": {"type": "Point", "coordinates": [40.2558, 40.8863]}, "properties": {"country": "Turkey", "cause": "Brief torrential rain", "date": "1998-08-10", "dead": "50"}}, {"type": "Feature", "geometry": {"type": "Point", "coordinates": [117.806, 52.2417]}, "properties": {"country": "Russia", "cause": "Heavy rain", "date": "1998-08-12", "dead": "0"}}, {"type": "Feature", "geometry": {"type": "Point", "coordinates": [123.35, 46.5755]}, "properties": {"country": "China", "cause": "Heavy rain", "date": "1998-08-08", "dead": "89"}}, {"type": "Feature", "geometry": {"type": "Point", "coordinates": [44.4596, 14.8371]}, "properties": {"country": "Yemen", "cause": "Brief torrential rain", "date": "1998-08-14", "dead": "70"}}, {"type": "Feature", "geometry": {"type": "Point", "coordinates": [140.77, 38.6122]}, "properties": {"country": "Japan", "cause": "Brief torrential rain", "date": "1998-08-28", "dead": "21"}}, {"type": "Feature", "geometry": {"type": "Point", "coordinates": [132.906, 48.5204]}, "properties": {"country": "Russia", "cause": "Heavy rain", "date": "1998-09-07", "dead": "0"}}, {"type": "Feature", "geometry": {"type": "Point", "coordinates": [74.4164, 20.4037]}, "properties": {"country": "India", "cause": "Dam/Levy, break or release", "date": "1998-09-16", "dead": "12"}}, {"type": "Feature", "geometry": {"type": "Point", "coordinates": [120.781, 15.0247]}, "properties": {"country": "Phillipines", "cause": "Heavy rain", "date": "1998-09-17", "dead": "27"}}, {"type": "Feature", "geometry": {"type": "Point", "coordinates": [127.577, 35.5953]}, "properties": {"country": "South Korea", "cause": "Tropical cyclone", "date": "1998-09-27", "dead": "19"}}, {"type": "Feature", "geometry": {"type": "Point", "coordinates": [134.163, 33.3288]}, "properties": {"country": "Japan", "cause": "Brief torrential rain", "date": "1998-09-30", "dead": "6"}}, {"type": "Feature", "geometry": {"type": "Point", "coordinates": [54.2367, 37.142]}, "properties": {"country": "Iran", "cause": "Heavy rain", "date": "1998-10-03", "dead": "8"}}, {"type": "Feature", "geometry": {"type": "Point", "coordinates": [121.589, 16.9811]}, "properties": {"country": "Philippines", "cause": "Tropical cyclone", "date": "1998-10-13", "dead": "48"}}, {"type": "Feature", "geometry": {"type": "Point", "coordinates": [79.4042, 16.1464]}, "properties": {"country": "India", "cause": "Heavy rain", "date": "1998-10-01", "dead": "230"}}, {"type": "Feature", "geometry": {"type": "Point", "coordinates": [109.082, 13.3286]}, "properties": {"country": "Vietnam", "cause": "Heavy rain", "date": "1998-10-16", "dead": "42"}}, {"type": "Feature", "geometry": {"type": "Point", "coordinates": [121.152, 23.658]}, "properties": {"country": "Taiwan", "cause": "Heavy rain", "date": "1998-10-23", "dead": "156"}}, {"type": "Feature", "geometry": {"type": "Point", "coordinates": [107.783, 15.9397]}, "properties": {"country": "Vietnam", "cause": "Heavy rain", "date": "1998-11-13", "dead": "17"}}, {"type": "Feature", "geometry": {"type": "Point", "coordinates": [118.66, -8.57047]}, "properties": {"country": "Indonesia", "cause": "Tropical cyclone", "date": "1998-11-17", "dead": "15"}}, {"type": "Feature", "geometry": {"type": "Point", "coordinates": [107.967, 15.6947]}, "properties": {"country": "Vietnam", "cause": "Tropical cyclone", "date": "1998-11-19", "dead": "90"}}, {"type": "Feature", "geometry": {"type": "Point", "coordinates": [108.779, 14.4466]}, "properties": {"country": "Vietnam", "cause": "Tropical cyclone", "date": "1998-11-25", "dead": "49"}}, {"type": "Feature", "geometry": {"type": "Point", "coordinates": [107.063, -6.83999]}, "properties": {"country": "Indonesia", "cause": "Brief torrential rain", "date": "1998-12-27", "dead": "0"}}, {"type": "Feature", "geometry": {"type": "Point", "coordinates": [81.3665, 7.95553]}, "properties": {"country": "Sri Lanka", "cause": "0", "date": "1998-12-20", "dead": "0"}}, {"type": "Feature", "geometry": {"type": "Point", "coordinates": [103.263, 4.28471]}, "properties": {"country": "Malaysia", "cause": "0", "date": "1998-12-20", "dead": "0"}}, {"type": "Feature", "geometry": {"type": "Point", "coordinates": [126.134, 8.1918]}, "properties": {"country": "Phillipines", "cause": "Brief torrential rain", "date": "1999-02-04", "dead": "24"}}, {"type": "Feature", "geometry": {"type": "Point", "coordinates": [102.854, -0.357822]}, "properties": {"country": "Indonesia", "cause": "Monsoonal rain", "date": "1999-02-09", "dead": "2"}}, {"type": "Feature", "geometry": {"type": "Point", "coordinates": [102.126, 15.5463]}, "properties": {"country": "Thailand", "cause": "Heavy rain", "date": "1999-02-09", "dead": "3"}}, {"type": "Feature", "geometry": {"type": "Point", "coordinates": [125.997, 7.916]}, "properties": {"country": "Philippines", "cause": "Brief torrential rain", "date": "1999-02-20", "dead": "39"}}, {"type": "Feature", "geometry": {"type": "Point", "coordinates": [126.304, 8.22671]}, "properties": {"country": "Phillipines", "cause": "Heavy rain", "date": "1999-04-15", "dead": "11"}}, {"type": "Feature", "geometry": {"type": "Point", "coordinates": [80.6769, 7.44822]}, "properties": {"country": "Sri Lanka", "cause": "Heavy rain", "date": "1999-04-17", "dead": "6"}}, {"type": "Feature", "geometry": {"type": "Point", "coordinates": [111.865, 31.4841]}, "properties": {"country": "China", "cause": "Heavy rain", "date": "1999-05-18", "dead": "3"}}, {"type": "Feature", "geometry": {"type": "Point", "coordinates": [128.374, 64.5213]}, "properties": {"country": "Russia", "cause": "Snowmelt", "date": "1999-05-21", "dead": "0"}}, {"type": "Feature", "geometry": {"type": "Point", "coordinates": [116.149, 27.9323]}, "properties": {"country": "China", "cause": "Heavy rain", "date": "1999-05-26", "dead": "11"}}, {"type": "Feature", "geometry": {"type": "Point", "coordinates": [69.8959, 24.9156]}, "properties": {"country": "Pakistan", "cause": "Tropical cyclone", "date": "1999-05-20", "dead": "168"}}, {"type": "Feature", "geometry": {"type": "Point", "coordinates": [95.886, 34.8414]}, "properties": {"country": "China", "cause": "Heavy rain", "date": "1999-06-12", "dead": "27"}}, {"type": "Feature", "geometry": {"type": "Point", "coordinates": [133.427, 34.8414]}, "properties": {"country": "Japan", "cause": "Heavy rain", "date": "1999-06-28", "dead": "29"}}, {"type": "Feature", "geometry": {"type": "Point", "coordinates": [103.202, 28.1269]}, "properties": {"country": "China", "cause": "Heavy rain", "date": "1999-04-25", "dead": "49"}}, {"type": "Feature", "geometry": {"type": "Point", "coordinates": [111.673, 28.5161]}, "properties": {"country": "China", "cause": "Heavy rain", "date": "1999-06-23", "dead": "725"}}, {"type": "Feature", "geometry": {"type": "Point", "coordinates": [89.6291, 25.5968]}, "properties": {"country": "Bangladesh", "cause": "Monsoonal rain", "date": "1999-07-11", "dead": "356"}}, {"type": "Feature", "geometry": {"type": "Point", "coordinates": [105.127, 36.4956]}, "properties": {"country": "China", "cause": "Heavy rain", "date": "1999-07-13", "dead": "2"}}, {"type": "Feature", "geometry": {"type": "Point", "coordinates": [52.7616, 36.7876]}, "properties": {"country": "Iran", "cause": "Brief torrential rain", "date": "1999-07-15", "dead": "37"}}, {"type": "Feature", "geometry": {"type": "Point", "coordinates": [107.245, 14.7952]}, "properties": {"country": "Vietnam", "cause": "Brief torrential rain", "date": "1999-07-24", "dead": "46"}}, {"type": "Feature", "geometry": {"type": "Point", "coordinates": [128.133, 37.5661]}, "properties": {"country": "North Korea", "cause": "Tropical cyclone", "date": "1999-07-30", "dead": "152"}}, {"type": "Feature", "geometry": {"type": "Point", "coordinates": [106.09, 13.4329]}, "properties": {"country": "Cambodia", "cause": "Brief torrential rain", "date": "1999-08-02", "dead": "9"}}, {"type": "Feature", "geometry": {"type": "Point", "coordinates": [98.9663, 30.4623]}, "properties": {"country": "China", "cause": "Brief torrential rain", "date": "1999-08-04", "dead": "8"}}, {"type": "Feature", "geometry": {"type": "Point", "coordinates": [47.6599, 37.4688]}, "properties": {"country": "Iran", "cause": "Heavy rain", "date": "1999-08-08", "dead": "6"}}, {"type": "Feature", "geometry": {"type": "Point", "coordinates": [111.384, 27.0564]}, "properties": {"country": "China", "cause": "Brief torrential rain", "date": "1999-08-12", "dead": "77"}}, {"type": "Feature", "geometry": {"type": "Point", "coordinates": [90.5917, 23.9425]}, "properties": {"country": "Bangladesh", "cause": "Heavy rain", "date": "1999-08-11", "dead": "18"}}, {"type": "Feature", "geometry": {"type": "Point", "coordinates": [113.711, 23.4891]}, "properties": {"country": "China", "cause": "Brief torrential rain", "date": "1999-08-21", "dead": "1"}}, {"type": "Feature", "geometry": {"type": "Point", "coordinates": [134.425, 45.2732]}, "properties": {"country": "Russia", "cause": "Extra-tropical cyclone", "date": "1999-08-30", "dead": "2"}}, {"type": "Feature", "geometry": {"type": "Point", "coordinates": [117.386, 27.0353]}, "properties": {"country": "China", "cause": "Brief torrential rain", "date": "1999-09-06", "dead": "153"}}, {"type": "Feature", "geometry": {"type": "Point", "coordinates": [99.6797, 7.6154]}, "properties": {"country": "Malaysia", "cause": "Heavy rain", "date": "1999-09-03", "dead": "0"}}, {"type": "Feature", "geometry": {"type": "Point", "coordinates": [121.73, 15.89]}, "properties": {"country": "Philippines", "cause": "Brief torrential rain", "date": "1999-09-10", "dead": "1"}}, {"type": "Feature", "geometry": {"type": "Point", "coordinates": [116.022, 24.975]}, "properties": {"country": "China", "cause": "Tropical cyclone", "date": "1999-09-15", "dead": "8"}}, {"type": "Feature", "geometry": {"type": "Point", "coordinates": [88.9474, 23.3997]}, "properties": {"country": "India", "cause": "Brief torrential rain", "date": "1999-09-24", "dead": "45"}}, {"type": "Feature", "geometry": {"type": "Point", "coordinates": [107.05, 14.986]}, "properties": {"country": "Vietnam", "cause": "Tropical cyclone", "date": "1999-10-25", "dead": "632"}}, {"type": "Feature", "geometry": {"type": "Point", "coordinates": [85.3527, 21.1735]}, "properties": {"country": "India", "cause": "Tropical cyclone", "date": "1999-10-29", "dead": "9803"}}, {"type": "Feature", "geometry": {"type": "Point", "coordinates": [107.876, 16.181]}, "properties": {"country": "Vietnam", "cause": "Heavy rain", "date": "1999-12-02", "dead": "120"}}, {"type": "Feature", "geometry": {"type": "Point", "coordinates": [126.238, 8.99498]}, "properties": {"country": "Philippines", "cause": "Heavy rain", "date": "1999-12-25", "dead": "8"}}, {"type": "Feature", "geometry": {"type": "Point", "coordinates": [120.953, 15.2933]}, "properties": {"country": "Philippines", "cause": "Tropical cyclone", "date": "2000-05-18", "dead": "6"}}, {"type": "Feature", "geometry": {"type": "Point", "coordinates": [34.8693, 41.1558]}, "properties": {"country": "Turkey", "cause": "Heavy rain", "date": "2000-05-18", "dead": "2"}}, {"type": "Feature", "geometry": {"type": "Point", "coordinates": [91.7119, 23.5072]}, "properties": {"country": "Bangladesh", "cause": "Monsoonal rain", "date": "2000-05-27", "dead": "36"}}, {"type": "Feature", "geometry": {"type": "Point", "coordinates": [105.491, 32.3632]}, "properties": {"country": "China", "cause": "Monsoonal rain", "date": "2000-05-31", "dead": "94"}}, {"type": "Feature", "geometry": {"type": "Point", "coordinates": [89.7361, 25.5567]}, "properties": {"country": "Bangladesh", "cause": "Monsoonal rain", "date": "2000-06-19", "dead": "14"}}, {"type": "Feature", "geometry": {"type": "Point", "coordinates": [120.823, 14.9292]}, "properties": {"country": "Philippines", "cause": "Brief torrential rain", "date": "2000-07-04", "dead": "45"}}, {"type": "Feature", "geometry": {"type": "Point", "coordinates": [105.064, 11.2426]}, "properties": {"country": "Thailand", "cause": "Monsoonal rain", "date": "2000-07-11", "dead": "33"}}, {"type": "Feature", "geometry": {"type": "Point", "coordinates": [94.643, 27.094]}, "properties": {"country": "India", "cause": "Monsoonal rain", "date": "2000-08-02", "dead": "637"}}, {"type": "Feature", "geometry": {"type": "Point", "coordinates": [134.396, 47.1138]}, "properties": {"country": "Russia", "cause": "Heavy rain", "date": "2000-07-30", "dead": "0"}}, {"type": "Feature", "geometry": {"type": "Point", "coordinates": [56.6552, 36.5465]}, "properties": {"country": "Iran", "cause": "Brief torrential rain", "date": "2000-08-07", "dead": "8"}}, {"type": "Feature", "geometry": {"type": "Point", "coordinates": [103.811, 15.1121]}, "properties": {"country": "Vietnam", "cause": "Tropical cyclone", "date": "2000-08-21", "dead": "14"}}, {"type": "Feature", "geometry": {"type": "Point", "coordinates": [132.058, 43.7739]}, "properties": {"country": "China", "cause": "Tropical cyclone", "date": "2000-08-30", "dead": "31"}}, {"type": "Feature", "geometry": {"type": "Point", "coordinates": [106.195, 11.5439]}, "properties": {"country": "Cambodia", "cause": "Monsoonal rain", "date": "2000-08-28", "dead": "1139"}}, {"type": "Feature", "geometry": {"type": "Point", "coordinates": [89.3845, 28.9955]}, "properties": {"country": "China", "cause": "Heavy rain", "date": "2000-08-28", "dead": "0"}}, {"type": "Feature", "geometry": {"type": "Point", "coordinates": [113.483, 25.2293]}, "properties": {"country": "China", "cause": "Heavy rain", "date": "2000-09-01", "dead": "47"}}, {"type": "Feature", "geometry": {"type": "Point", "coordinates": [120.916, 14.7757]}, "properties": {"country": "Philippines", "cause": "Heavy rain", "date": "2000-09-04", "dead": "3"}}, {"type": "Feature", "geometry": {"type": "Point", "coordinates": [137.306, 34.9498]}, "properties": {"country": "Japan", "cause": "Tropical cyclone", "date": "2000-09-11", "dead": "13"}}, {"type": "Feature", "geometry": {"type": "Point", "coordinates": [123.715, 13.0629]}, "properties": {"country": "Philippines", "cause": "Brief torrential rain", "date": "2000-10-28", "dead": "41"}}, {"type": "Feature", "geometry": {"type": "Point", "coordinates": [121.616, 24.736]}, "properties": {"country": "Taiwan", "cause": "Tropical cyclone", "date": "2000-11-01", "dead": "58"}}, {"type": "Feature", "geometry": {"type": "Point", "coordinates": [121.177, 14.4934]}, "properties": {"country": "Philippines", "cause": "Tropical cyclone", "date": "2000-11-03", "dead": "43"}}, {"type": "Feature", "geometry": {"type": "Point", "coordinates": [39.7227, 21.4998]}, "properties": {"country": "Saudi Arabia", "cause": "Heavy rain", "date": "2000-11-15", "dead": "7"}}, {"type": "Feature", "geometry": {"type": "Point", "coordinates": [99.8029, 1.58123]}, "properties": {"country": "Indonesia", "cause": "Brief torrential rain", "date": "2000-11-21", "dead": "243"}}, {"type": "Feature", "geometry": {"type": "Point", "coordinates": [116.887, -8.73699]}, "properties": {"country": "Indonesia", "cause": "Brief torrential rain", "date": "2000-12-03", "dead": "9"}}, {"type": "Feature", "geometry": {"type": "Point", "coordinates": [81.4009, 7.9462]}, "properties": {"country": "Sri Lanka", "cause": "Monsoonal rain", "date": "2000-12-24", "dead": "5"}}, {"type": "Feature", "geometry": {"type": "Point", "coordinates": [112.07, 2.3929]}, "properties": {"country": "Indonesia", "cause": "Brief torrential rain", "date": "2001-02-04", "dead": "131"}}, {"type": "Feature", "geometry": {"type": "Point", "coordinates": [125.845, 8.35604]}, "properties": {"country": "Philippines", "cause": "Tropical cyclone", "date": "2001-02-16", "dead": "17"}}, {"type": "Feature", "geometry": {"type": "Point", "coordinates": [56.1937, 53.8396]}, "properties": {"country": "Russia", "cause": "Snowmelt", "date": "2001-05-01", "dead": "0"}}, {"type": "Feature", "geometry": {"type": "Point", "coordinates": [92.0058, 24.4457]}, "properties": {"country": "India", "cause": "Monsoonal rain", "date": "2001-06-05", "dead": "15"}}, {"type": "Feature", "geometry": {"type": "Point", "coordinates": [105.853, 21.6636]}, "properties": {"country": "Vietnam", "cause": "Brief torrential rain", "date": "2001-07-03", "dead": "32"}}, {"type": "Feature", "geometry": {"type": "Point", "coordinates": [110.999, 22.9085]}, "properties": {"country": "Philippines", "cause": "Heavy rain", "date": "2001-07-01", "dead": "178"}}, {"type": "Feature", "geometry": {"type": "Point", "coordinates": [76.423, 9.72651]}, "properties": {"country": "India", "cause": "Monsoonal rain", "date": "2001-07-04", "dead": "86"}}, {"type": "Feature", "geometry": {"type": "Point", "coordinates": [101.959, 55.2385]}, "properties": {"country": "Russia", "cause": "Extra-tropical cyclone", "date": "2001-07-07", "dead": "11"}}, {"type": "Feature", "geometry": {"type": "Point", "coordinates": [120.441, 22.6274]}, "properties": {"country": "Taiwan", "cause": "Tropical cyclone", "date": "2001-07-11", "dead": "5"}}, {"type": "Feature", "geometry": {"type": "Point", "coordinates": [121.341, 23.5108]}, "properties": {"country": "Taiwan", "cause": "Tropical cyclone", "date": "2001-07-29", "dead": "78"}}, {"type": "Feature", "geometry": {"type": "Point", "coordinates": [127.063, 37.4727]}, "properties": {"country": "South Korea", "cause": "Brief torrential rain", "date": "2001-07-29", "dead": "3"}}, {"type": "Feature", "geometry": {"type": "Point", "coordinates": [97.7536, 0.81588]}, "properties": {"country": "Indonesia", "cause": "Heavy rain", "date": "2001-07-31", "dead": "108"}}, {"type": "Feature", "geometry": {"type": "Point", "coordinates": [89.5736, 25.9309]}, "properties": {"country": "Bangladesh", "cause": "Monsoonal rain", "date": "2001-07-31", "dead": "36"}}, {"type": "Feature", "geometry": {"type": "Point", "coordinates": [122.413, -1.31485]}, "properties": {"country": "Indonesia", "cause": "Heavy rain", "date": "2001-07-31", "dead": "1"}}, {"type": "Feature", "geometry": {"type": "Point", "coordinates": [133.797, 43.6492]}, "properties": {"country": "Russia", "cause": "Heavy rain", "date": "2001-08-06", "dead": "11"}}, {"type": "Feature", "geometry": {"type": "Point", "coordinates": [105.953, 18.3607]}, "properties": {"country": "Thailand", "cause": "Brief torrential rain", "date": "2001-08-10", "dead": "173"}}, {"type": "Feature", "geometry": {"type": "Point", "coordinates": [105.382, 11.7684]}, "properties": {"country": "Cambodia", "cause": "Monsoonal rain", "date": "2001-08-15", "dead": "416"}}, {"type": "Feature", "geometry": {"type": "Point", "coordinates": [106.122, 23.6726]}, "properties": {"country": "China", "cause": "Heavy rain", "date": "2001-08-25", "dead": "15"}}, {"type": "Feature", "geometry": {"type": "Point", "coordinates": [109.503, 19.39]}, "properties": {"country": "China", "cause": "Tropical cyclone", "date": "2001-08-28", "dead": "4"}}, {"type": "Feature", "geometry": {"type": "Point", "coordinates": [84.87, 26.5321]}, "properties": {"country": "India", "cause": "Heavy rain", "date": "2001-09-07", "dead": "146"}}, {"type": "Feature", "geometry": {"type": "Point", "coordinates": [121.29, 24.9949]}, "properties": {"country": "Taiwan", "cause": "Tropical cyclone", "date": "2001-09-16", "dead": "90"}}, {"type": "Feature", "geometry": {"type": "Point", "coordinates": [104.595, 31.0389]}, "properties": {"country": "China", "cause": "Brief torrential rain", "date": "2001-09-19", "dead": "25"}}, {"type": "Feature", "geometry": {"type": "Point", "coordinates": [54.98, 37.3785]}, "properties": {"country": "Iran", "cause": "Brief torrential rain", "date": "2001-09-19", "dead": "1"}}, {"type": "Feature", "geometry": {"type": "Point", "coordinates": [121.539, 18.1538]}, "properties": {"country": "Phillipines", "cause": "Heavy rain", "date": "2001-09-24", "dead": "1"}}, {"type": "Feature", "geometry": {"type": "Point", "coordinates": [54.3165, 37.0335]}, "properties": {"country": "Iran", "cause": "Brief torrential rain", "date": "2001-10-01", "dead": "0"}}, {"type": "Feature", "geometry": {"type": "Point", "coordinates": [124.709, 9.17656]}, "properties": {"country": "Philippines", "cause": "Tropical cyclone", "date": "2001-11-06", "dead": "320"}}, {"type": "Feature", "geometry": {"type": "Point", "coordinates": [48.3095, 32.6068]}, "properties": {"country": "Iran", "cause": "Brief torrential rain", "date": "2001-12-05", "dead": "6"}}, {"type": "Feature", "geometry": {"type": "Point", "coordinates": [124.939, 10.9806]}, "properties": {"country": "Philippines", "cause": "Heavy rain", "date": "2001-12-05", "dead": "2"}}, {"type": "Feature", "geometry": {"type": "Point", "coordinates": [27.2043, 38.4324]}, "properties": {"country": "Turkey", "cause": "Brief torrential rain", "date": "2001-12-16", "dead": "9"}}, {"type": "Feature", "geometry": {"type": "Point", "coordinates": [103.134, 4.65766]}, "properties": {"country": "Malaysia", "cause": "Heavy rain", "date": "2001-12-22", "dead": "11"}}, {"type": "Feature", "geometry": {"type": "Point", "coordinates": [36.0191, 35.5887]}, "properties": {"country": "Syria", "cause": "Heavy rain", "date": "2001-12-27", "dead": "3"}}, {"type": "Feature", "geometry": {"type": "Point", "coordinates": [108.573, 40.7369]}, "properties": {"country": "China", "cause": "Ice jam/break-up", "date": "2001-12-17", "dead": "0"}}, {"type": "Feature", "geometry": {"type": "Point", "coordinates": [119.618, -5.23305]}, "properties": {"country": "Indonesia", "cause": "Heavy rain", "date": "2002-01-01", "dead": "5"}}, {"type": "Feature", "geometry": {"type": "Point", "coordinates": [125.828, 8.25125]}, "properties": {"country": "Phillipines", "cause": "Heavy rain", "date": "2002-01-04", "dead": "9"}}, {"type": "Feature", "geometry": {"type": "Point", "coordinates": [125.462, 3.6716]}, "properties": {"country": "Indonesia", "cause": "Heavy rain", "date": "2002-01-05", "dead": "4"}}, {"type": "Feature", "geometry": {"type": "Point", "coordinates": [103.346, -3.9968]}, "properties": {"country": "Indonesia", "cause": "Heavy rain", "date": "2002-01-08", "dead": "22"}}, {"type": "Feature", "geometry": {"type": "Point", "coordinates": [37.8507, 45.5001]}, "properties": {"country": "Russia", "cause": "Snowmelt", "date": "2002-01-06", "dead": "1"}}, {"type": "Feature", "geometry": {"type": "Point", "coordinates": [53.018, 29.6686]}, "properties": {"country": "Iran", "cause": "Heavy rain", "date": "2002-01-11", "dead": "11"}}, {"type": "Feature", "geometry": {"type": "Point", "coordinates": [98.621, 3.59078]}, "properties": {"country": "Indonesia", "cause": "Heavy rain", "date": "2002-01-13", "dead": "13"}}, {"type": "Feature", "geometry": {"type": "Point", "coordinates": [106.855, -6.21263]}, "properties": {"country": "Indonesia", "cause": "Dam/Levy, break or release", "date": "2002-01-15", "dead": "0"}}, {"type": "Feature", "geometry": {"type": "Point", "coordinates": [112.792, -7.3271]}, "properties": {"country": "Indonesia", "cause": "Heavy rain", "date": "2002-01-27", "dead": "147"}}, {"type": "Feature", "geometry": {"type": "Point", "coordinates": [78.7843, 10.4517]}, "properties": {"country": "India", "cause": "Heavy rain", "date": "2002-02-02", "dead": "11"}}, {"type": "Feature", "geometry": {"type": "Point", "coordinates": [106.855, -6.21263]}, "properties": {"country": "Indonesia", "cause": "Heavy rain", "date": "2002-02-13", "dead": "0"}}, {"type": "Feature", "geometry": {"type": "Point", "coordinates": [42.2864, 42.1729]}, "properties": {"country": "Russia", "cause": "Heavy rain", "date": "2002-02-15", "dead": "0"}}, {"type": "Feature", "geometry": {"type": "Point", "coordinates": [109.784, -6.95359]}, "properties": {"country": "Indonesia", "cause": "Heavy rain", "date": "2002-02-17", "dead": "4"}}, {"type": "Feature", "geometry": {"type": "Point", "coordinates": [71.4084, 40.8259]}, "properties": {"country": "Uzbekistan", "cause": "Dam/Levy, break or release", "date": "2002-02-18", "dead": "0"}}, {"type": "Feature", "geometry": {"type": "Point", "coordinates": [47.8434, 50.8573]}, "properties": {"country": "Russia", "cause": "Snowmelt", "date": "2002-02-24", "dead": "0"}}, {"type": "Feature", "geometry": {"type": "Point", "coordinates": [67.8694, 36.0858]}, "properties": {"country": "Afghanistan", "cause": "Dam/Levy, break or release", "date": "2002-03-04", "dead": "0"}}, {"type": "Feature", "geometry": {"type": "Point", "coordinates": [77.3556, 39.6906]}, "properties": {"country": "China", "cause": "Dam/Levy, break or release", "date": "2002-03-10", "dead": "0"}}, {"type": "Feature", "geometry": {"type": "Point", "coordinates": [126.216, 8.84884]}, "properties": {"country": "Phillipines", "cause": "Heavy rain", "date": "2002-03-21", "dead": "35"}}, {"type": "Feature", "geometry": {"type": "Point", "coordinates": [97.7451, 0.959578]}, "properties": {"country": "Indonesia", "cause": "Heavy rain", "date": "2002-03-27", "dead": "11"}}, {"type": "Feature", "geometry": {"type": "Point", "coordinates": [69.7335, 38.1173]}, "properties": {"country": "Tajikistan", "cause": "Heavy rain", "date": "2002-03-25", "dead": "0"}}, {"type": "Feature", "geometry": {"type": "Point", "coordinates": [64.8164, 35.8345]}, "properties": {"country": "Afghanistan", "cause": "Heavy rain", "date": "2002-04-04", "dead": "39"}}, {"type": "Feature", "geometry": {"type": "Point", "coordinates": [39.8985, 21.0961]}, "properties": {"country": "Saudi Arabia", "cause": "Heavy rain", "date": "2002-04-08", "dead": "19"}}, {"type": "Feature", "geometry": {"type": "Point", "coordinates": [53.3797, 32.2875]}, "properties": {"country": "Iran", "cause": "Heavy rain", "date": "2002-04-14", "dead": "11"}}, {"type": "Feature", "geometry": {"type": "Point", "coordinates": [108.216, -7.28558]}, "properties": {"country": "Indonesia", "cause": "Heavy rain", "date": "2002-04-17", "dead": "4"}}, {"type": "Feature", "geometry": {"type": "Point", "coordinates": [120.032, -9.70422]}, "properties": {"country": "Indonesia", "cause": "Heavy rain", "date": "2002-04-17", "dead": "19"}}, {"type": "Feature", "geometry": {"type": "Point", "coordinates": [91.52, 24.9818]}, "properties": {"country": "Bangladesh", "cause": "Dam/Levy, break or release", "date": "2002-04-18", "dead": "0"}}, {"type": "Feature", "geometry": {"type": "Point", "coordinates": [62.9712, 34.6133]}, "properties": {"country": "Afghanistan", "cause": "Heavy rain", "date": "2002-04-23", "dead": "2"}}, {"type": "Feature", "geometry": {"type": "Point", "coordinates": [67.2446, 58.0454]}, "properties": {"country": "Russia", "cause": "Snowmelt", "date": "2002-04-22", "dead": "0"}}, {"type": "Feature", "geometry": {"type": "Point", "coordinates": [156.653, 53.5916]}, "properties": {"country": "Russia", "cause": "Heavy rain", "date": "2002-04-26", "dead": "0"}}, {"type": "Feature", "geometry": {"type": "Point", "coordinates": [55.4285, 37.2799]}, "properties": {"country": "Iran", "cause": "Heavy rain", "date": "2002-04-26", "dead": "2"}}, {"type": "Feature", "geometry": {"type": "Point", "coordinates": [64.5783, 58.6923]}, "properties": {"country": "Russia", "cause": "Heavy rain", "date": "2002-05-07", "dead": "0"}}, {"type": "Feature", "geometry": {"type": "Point", "coordinates": [53.5803, 17.2473]}, "properties": {"country": "Oman", "cause": "Tropical cyclone", "date": "2002-05-10", "dead": "9"}}, {"type": "Feature", "geometry": {"type": "Point", "coordinates": [104.442, 22.052]}, "properties": {"country": "Vietnam", "cause": "Heavy rain", "date": "2002-05-12", "dead": "6"}}, {"type": "Feature", "geometry": {"type": "Point", "coordinates": [67.0593, 34.2866]}, "properties": {"country": "Afghanistan", "cause": "Heavy rain", "date": "2002-05-16", "dead": "1"}}, {"type": "Feature", "geometry": {"type": "Point", "coordinates": [111.889, 27.3326]}, "properties": {"country": "China", "cause": "Heavy rain", "date": "2002-05-22", "dead": "0"}}, {"type": "Feature", "geometry": {"type": "Point", "coordinates": [91.7747, 24.4963]}, "properties": {"country": "Bangladesh", "cause": "Heavy rain", "date": "2002-05-23", "dead": "0"}}, {"type": "Feature", "geometry": {"type": "Point", "coordinates": [131.95, 62.8807]}, "properties": {"country": "Russia", "cause": "Snowmelt", "date": "2002-05-24", "dead": "0"}}, {"type": "Feature", "geometry": {"type": "Point", "coordinates": [94.2009, 64.8048]}, "properties": {"country": "Russia", "cause": "Snowmelt", "date": "2002-05-27", "dead": "0"}}, {"type": "Feature", "geometry": {"type": "Point", "coordinates": [36.33, 35.6527]}, "properties": {"country": "Syria", "cause": "Dam/Levy, break or release", "date": "2002-06-04", "dead": "22"}}, {"type": "Feature", "geometry": {"type": "Point", "coordinates": [82.5486, 43.3672]}, "properties": {"country": "China", "cause": "Heavy rain", "date": "2002-05-23", "dead": "22"}}, {"type": "Feature", "geometry": {"type": "Point", "coordinates": [108.51, 33.2088]}, "properties": {"country": "China", "cause": "Heavy rain", "date": "2002-06-08", "dead": "326"}}, {"type": "Feature", "geometry": {"type": "Point", "coordinates": [105.025, 22.7803]}, "properties": {"country": "Vietnam", "cause": "Heavy rain", "date": "2002-06-09", "dead": "3"}}, {"type": "Feature", "geometry": {"type": "Point", "coordinates": [61.5509, 55.5516]}, "properties": {"country": "Russia", "cause": "Heavy rain", "date": "2002-06-09", "dead": "0"}}, {"type": "Feature", "geometry": {"type": "Point", "coordinates": [47.0419, 43.5246]}, "properties": {"country": "Russia", "cause": "Heavy rain", "date": "2002-06-12", "dead": "0"}}, {"type": "Feature", "geometry": {"type": "Point", "coordinates": [95.3833, 27.8034]}, "properties": {"country": "India", "cause": "Monsoonal rain", "date": "2002-06-16", "dead": "0"}}, {"type": "Feature", "geometry": {"type": "Point", "coordinates": [68.8263, 38.5499]}, "properties": {"country": "Tajikistan", "cause": "Heavy rain", "date": "2002-06-16", "dead": "4"}}, {"type": "Feature", "geometry": {"type": "Point", "coordinates": [118.078, 26.5167]}, "properties": {"country": "China", "cause": "Heavy rain", "date": "2002-06-12", "dead": "11"}}, {"type": "Feature", "geometry": {"type": "Point", "coordinates": [111.824, 28.0222]}, "properties": {"country": "China", "cause": "Heavy rain", "date": "2002-06-15", "dead": "53"}}, {"type": "Feature", "geometry": {"type": "Point", "coordinates": [116.52, 27.8524]}, "properties": {"country": "China", "cause": "Heavy rain", "date": "2002-06-13", "dead": "24"}}, {"type": "Feature", "geometry": {"type": "Point", "coordinates": [110.574, 25.3411]}, "properties": {"country": "China", "cause": "Heavy rain", "date": "2002-06-14", "dead": "0"}}, {"type": "Feature", "geometry": {"type": "Point", "coordinates": [90.9923, 25.2225]}, "properties": {"country": "Bangladesh", "cause": "Monsoonal rain", "date": "2002-06-18", "dead": "4"}}, {"type": "Feature", "geometry": {"type": "Point", "coordinates": [43.255, 43.9929]}, "properties": {"country": "Russia", "cause": "Heavy rain", "date": "2002-06-19", "dead": "117"}}, {"type": "Feature", "geometry": {"type": "Point", "coordinates": [107.99, 33.0246]}, "properties": {"country": "China", "cause": "Heavy rain", "date": "2002-06-21", "dead": "0"}}, {"type": "Feature", "geometry": {"type": "Point", "coordinates": [107.069, 11.7891]}, "properties": {"country": "Vietnam", "cause": "Heavy rain", "date": "2002-06-20", "dead": "4"}}, {"type": "Feature", "geometry": {"type": "Point", "coordinates": [88.9351, 22.342]}, "properties": {"country": "India", "cause": "Dam/Levy, break or release", "date": "2002-06-25", "dead": "4"}}, {"type": "Feature", "geometry": {"type": "Point", "coordinates": [73.6623, 20.8681]}, "properties": {"country": "India", "cause": "Monsoonal rain", "date": "2002-06-26", "dead": "169"}}, {"type": "Feature", "geometry": {"type": "Point", "coordinates": [45.5916, 41.7532]}, "properties": {"country": "Georgia", "cause": "Heavy rain", "date": "2002-06-29", "dead": "0"}}, {"type": "Feature", "geometry": {"type": "Point", "coordinates": [115.253, 29.6633]}, "properties": {"country": "China", "cause": "Heavy rain", "date": "2002-06-30", "dead": "0"}}, {"type": "Feature", "geometry": {"type": "Point", "coordinates": [110.702, 25.0185]}, "properties": {"country": "China", "cause": "Heavy rain", "date": "2002-06-29", "dead": "11"}}, {"type": "Feature", "geometry": {"type": "Point", "coordinates": [89.2696, 25.8418]}, "properties": {"country": "India", "cause": "Monsoonal rain", "date": "2002-06-21", "dead": "503"}}, {"type": "Feature", "geometry": {"type": "Point", "coordinates": [109.831, 37.0417]}, "properties": {"country": "China", "cause": "Heavy rain", "date": "2002-07-04", "dead": "5"}}, {"type": "Feature", "geometry": {"type": "Point", "coordinates": [128.436, 35.0369]}, "properties": {"country": "South Korea", "cause": "Heavy rain", "date": "2002-07-05", "dead": "4"}}, {"type": "Feature", "geometry": {"type": "Point", "coordinates": [43.7053, 15.1817]}, "properties": {"country": "Yemen", "cause": "Heavy rain", "date": "2002-07-06", "dead": "10"}}, {"type": "Feature", "geometry": {"type": "Point", "coordinates": [83.3552, 27.5752]}, "properties": {"country": "Nepal", "cause": "Heavy rain", "date": "2002-07-07", "dead": "0"}}, {"type": "Feature", "geometry": {"type": "Point", "coordinates": [120.563, 15.3403]}, "properties": {"country": "Philippines", "cause": "Monsoonal rain", "date": "2002-07-06", "dead": "61"}}, {"type": "Feature", "geometry": {"type": "Point", "coordinates": [136.714, 35.3059]}, "properties": {"country": "Japan", "cause": "Heavy rain", "date": "2002-07-09", "dead": "1"}}, {"type": "Feature", "geometry": {"type": "Point", "coordinates": [98.4303, 56.0839]}, "properties": {"country": "Russia", "cause": "Heavy rain", "date": "2002-07-12", "dead": "0"}}, {"type": "Feature", "geometry": {"type": "Point", "coordinates": [101.339, 48.2057]}, "properties": {"country": "Mongolia", "cause": "Heavy rain", "date": "2002-07-14", "dead": "7"}}, {"type": "Feature", "geometry": {"type": "Point", "coordinates": [86.8796, 27.2934]}, "properties": {"country": "Nepal", "cause": "Monsoonal rain", "date": "2002-07-14", "dead": "46"}}, {"type": "Feature", "geometry": {"type": "Point", "coordinates": [105.254, 10.5017]}, "properties": {"country": "Vietnam", "cause": "Monsoonal rain", "date": "2002-07-15", "dead": "155"}}, {"type": "Feature", "geometry": {"type": "Point", "coordinates": [57.9285, 37.4146]}, "properties": {"country": "Iran", "cause": "Heavy rain", "date": "2002-07-20", "dead": "3"}}, {"type": "Feature", "geometry": {"type": "Point", "coordinates": [132.38, 43.8822]}, "properties": {"country": "Russia", "cause": "Heavy rain", "date": "2002-07-20", "dead": "0"}}, {"type": "Feature", "geometry": {"type": "Point", "coordinates": [121.063, 14.6693]}, "properties": {"country": "Philippines", "cause": "Tropical cyclone", "date": "2002-07-20", "dead": "18"}}, {"type": "Feature", "geometry": {"type": "Point", "coordinates": [85.3065, 27.6961]}, "properties": {"country": "Nepal", "cause": "Monsoonal rain", "date": "2002-07-21", "dead": "380"}}, {"type": "Feature", "geometry": {"type": "Point", "coordinates": [35.0527, 40.0017]}, "properties": {"country": "Turkey", "cause": "Monsoonal rain", "date": "2002-07-23", "dead": "34"}}, {"type": "Feature", "geometry": {"type": "Point", "coordinates": [44.008, 15.2291]}, "properties": {"country": "Yemen", "cause": "Heavy rain", "date": "2002-07-24", "dead": "13"}}, {"type": "Feature", "geometry": {"type": "Point", "coordinates": [89.0049, 46.3429]}, "properties": {"country": "China", "cause": "Heavy rain", "date": "2002-07-21", "dead": "15"}}, {"type": "Feature", "geometry": {"type": "Point", "coordinates": [65.9365, 36.3468]}, "properties": {"country": "Afghanistan", "cause": "Heavy rain", "date": "2002-07-28", "dead": "0"}}, {"type": "Feature", "geometry": {"type": "Point", "coordinates": [103.689, 22.1084]}, "properties": {"country": "Vietnam", "cause": "Heavy rain", "date": "2002-07-31", "dead": "10"}}, {"type": "Feature", "geometry": {"type": "Point", "coordinates": [133.885, 45.9346]}, "properties": {"country": "Russia", "cause": "Heavy rain", "date": "2002-08-01", "dead": "0"}}, {"type": "Feature", "geometry": {"type": "Point", "coordinates": [122.641, 40.974]}, "properties": {"country": "China", "cause": "Heavy rain", "date": "2002-08-03", "dead": "2"}}, {"type": "Feature", "geometry": {"type": "Point", "coordinates": [71.2064, 30.0167]}, "properties": {"country": "Pakistan", "cause": "Heavy rain", "date": "2002-08-03", "dead": "3"}}, {"type": "Feature", "geometry": {"type": "Point", "coordinates": [104.559, 35.6268]}, "properties": {"country": "China", "cause": "Heavy rain", "date": "2002-08-04", "dead": "28"}}, {"type": "Feature", "geometry": {"type": "Point", "coordinates": [116.272, 24.4607]}, "properties": {"country": "China", "cause": "Heavy rain", "date": "2002-08-05", "dead": "10"}}, {"type": "Feature", "geometry": {"type": "Point", "coordinates": [125.66, 38.8933]}, "properties": {"country": "South Korea", "cause": "Heavy rain", "date": "2002-08-05", "dead": "21"}}, {"type": "Feature", "geometry": {"type": "Point", "coordinates": [72.0219, 37.2656]}, "properties": {"country": "Tajikistan", "cause": "Dam/Levy, break or release", "date": "2002-08-07", "dead": "24"}}, {"type": "Feature", "geometry": {"type": "Point", "coordinates": [112.817, 26.7781]}, "properties": {"country": "China", "cause": "Heavy rain", "date": "2002-08-06", "dead": "124"}}, {"type": "Feature", "geometry": {"type": "Point", "coordinates": [38.6654, 44.3276]}, "properties": {"country": "Russia", "cause": "Heavy rain", "date": "2002-08-08", "dead": "59"}}, {"type": "Feature", "geometry": {"type": "Point", "coordinates": [78.5235, 30.5622]}, "properties": {"country": "India", "cause": "Heavy rain", "date": "2002-08-11", "dead": "33"}}, {"type": "Feature", "geometry": {"type": "Point", "coordinates": [104.103, 30.6894]}, "properties": {"country": "China", "cause": "Heavy rain", "date": "2002-08-08", "dead": "5"}}, {"type": "Feature", "geometry": {"type": "Point", "coordinates": [55.5526, 37.5233]}, "properties": {"country": "Iran", "cause": "Heavy rain", "date": "2002-08-10", "dead": "35"}}, {"type": "Feature", "geometry": {"type": "Point", "coordinates": [122.971, 10.1745]}, "properties": {"country": "Philippines", "cause": "Tropical cyclone", "date": "2002-08-13", "dead": "29"}}, {"type": "Feature", "geometry": {"type": "Point", "coordinates": [119.44, 28.8575]}, "properties": {"country": "China", "cause": "Heavy rain", "date": "2002-08-13", "dead": "21"}}, {"type": "Feature", "geometry": {"type": "Point", "coordinates": [99.4409, 25.5714]}, "properties": {"country": "China", "cause": "Heavy rain", "date": "2002-08-14", "dead": "106"}}, {"type": "Feature", "geometry": {"type": "Point", "coordinates": [104.679, 22.5644]}, "properties": {"country": "Vietnam", "cause": "Heavy rain", "date": "2002-08-14", "dead": "29"}}, {"type": "Feature", "geometry": {"type": "Point", "coordinates": [75.4151, 39.7325]}, "properties": {"country": "China", "cause": "Heavy rain", "date": "2002-08-15", "dead": "0"}}, {"type": "Feature", "geometry": {"type": "Point", "coordinates": [98.3612, 17.1591]}, "properties": {"country": "Thailand", "cause": "Heavy rain", "date": "2002-08-17", "dead": "2"}}, {"type": "Feature", "geometry": {"type": "Point", "coordinates": [103.527, 16.7724]}, "properties": {"country": "Thailand", "cause": "Monsoonal rain", "date": "2002-08-18", "dead": "65"}}, {"type": "Feature", "geometry": {"type": "Point", "coordinates": [72.0269, 34.492]}, "properties": {"country": "Pakistan", "cause": "Heavy rain", "date": "2002-08-22", "dead": "22"}}, {"type": "Feature", "geometry": {"type": "Point", "coordinates": [108.131, 12.6459]}, "properties": {"country": "Vietnam", "cause": "Monsoonal rain", "date": "2002-08-19", "dead": "4"}}, {"type": "Feature", "geometry": {"type": "Point", "coordinates": [128.621, 35.4377]}, "properties": {"country": "South Korea", "cause": "Heavy rain", "date": "2002-08-31", "dead": "138"}}, {"type": "Feature", "geometry": {"type": "Point", "coordinates": [133.885, 45.9346]}, "properties": {"country": "Russia", "cause": "Heavy rain", "date": "2002-08-28", "dead": "0"}}, {"type": "Feature", "geometry": {"type": "Point", "coordinates": [73.2201, 21.5391]}, "properties": {"country": "India", "cause": "Monsoonal rain", "date": "2002-09-03", "dead": "22"}}, {"type": "Feature", "geometry": {"type": "Point", "coordinates": [50.0785, 15.1966]}, "properties": {"country": "Yemen", "cause": "Heavy rain", "date": "2002-08-22", "dead": "28"}}, {"type": "Feature", "geometry": {"type": "Point", "coordinates": [105.175, 18.5778]}, "properties": {"country": "Vietnam", "cause": "Heavy rain", "date": "2002-09-20", "dead": "76"}}, {"type": "Feature", "geometry": {"type": "Point", "coordinates": [100.951, 14.9743]}, "properties": {"country": "Thailand", "cause": "Monsoonal rain", "date": "2002-09-17", "dead": "1"}}, {"type": "Feature", "geometry": {"type": "Point", "coordinates": [75.527, 11.8739]}, "properties": {"country": "India", "cause": "Monsoonal rain", "date": "2002-10-10", "dead": "11"}}, {"type": "Feature", "geometry": {"type": "Point", "coordinates": [100.611, -1.34406]}, "properties": {"country": "Indonesia", "cause": "Heavy rain", "date": "2002-10-18", "dead": "0"}}, {"type": "Feature", "geometry": {"type": "Point", "coordinates": [108.878, 14.2062]}, "properties": {"country": "Vietnam", "cause": "Heavy rain", "date": "2002-10-26", "dead": "2"}}, {"type": "Feature", "geometry": {"type": "Point", "coordinates": [113.385, 24.2694]}, "properties": {"country": "China", "cause": "Heavy rain", "date": "2002-10-28", "dead": "0"}}, {"type": "Feature", "geometry": {"type": "Point", "coordinates": [109.03, 12.5292]}, "properties": {"country": "Vietnam", "cause": "Heavy rain", "date": "2002-11-03", "dead": "2"}}, {"type": "Feature", "geometry": {"type": "Point", "coordinates": [97.4355, 3.11309]}, "properties": {"country": "Indonesia", "cause": "Heavy rain", "date": "2002-11-19", "dead": "12"}}, {"type": "Feature", "geometry": {"type": "Point", "coordinates": [102.695, 2.40946]}, "properties": {"country": "Malaysia", "cause": "Heavy rain", "date": "2002-11-19", "dead": "0"}}, {"type": "Feature", "geometry": {"type": "Point", "coordinates": [112.39, -7.44041]}, "properties": {"country": "Indonesia", "cause": "Heavy rain", "date": "2002-12-11", "dead": "28"}}, {"type": "Feature", "geometry": {"type": "Point", "coordinates": [80.9935, 8.4736]}, "properties": {"country": "Sri Lanka", "cause": "Heavy rain", "date": "2002-12-16", "dead": "2"}}, {"type": "Feature", "geometry": {"type": "Point", "coordinates": [100.517, 0.977528]}, "properties": {"country": "Indonesia", "cause": "Heavy rain", "date": "2002-12-15", "dead": "0"}}, {"type": "Feature", "geometry": {"type": "Point", "coordinates": [35.6163, 33.6966]}, "properties": {"country": "Lebanon", "cause": "Heavy rain", "date": "2002-12-20", "dead": "0"}}, {"type": "Feature", "geometry": {"type": "Point", "coordinates": [104.218, -4.65996]}, "properties": {"country": "Indonesia", "cause": "Heavy rain", "date": "2002-12-26", "dead": "24"}}, {"type": "Feature", "geometry": {"type": "Point", "coordinates": [101.909, 2.59221]}, "properties": {"country": "Malaysia", "cause": "Heavy rain", "date": "2002-12-27", "dead": "0"}}, {"type": "Feature", "geometry": {"type": "Point", "coordinates": [111.881, 2.25216]}, "properties": {"country": "Malaysia", "cause": "Heavy rain", "date": "2003-01-12", "dead": "0"}}, {"type": "Feature", "geometry": {"type": "Point", "coordinates": [113.005, -2.42875]}, "properties": {"country": "Indonesia", "cause": "Heavy rain", "date": "2003-01-14", "dead": "0"}}, {"type": "Feature", "geometry": {"type": "Point", "coordinates": [67.1814, 37.282]}, "properties": {"country": "Afghanistan", "cause": "Heavy rain", "date": "2003-01-14", "dead": "0"}}, {"type": "Feature", "geometry": {"type": "Point", "coordinates": [102.894, 2.4676]}, "properties": {"country": "Malaysia", "cause": "Heavy rain", "date": "2003-01-20", "dead": "1"}}, {"type": "Feature", "geometry": {"type": "Point", "coordinates": [34.8066, 32.0541]}, "properties": {"country": "Israel", "cause": "Brief torrential rain", "date": "2003-01-21", "dead": "0"}}, {"type": "Feature", "geometry": {"type": "Point", "coordinates": [102.452, -0.112857]}, "properties": {"country": "Indonesia", "cause": "Heavy rain", "date": "2003-01-25", "dead": "3"}}, {"type": "Feature", "geometry": {"type": "Point", "coordinates": [35.1782, 33.057]}, "properties": {"country": "Israel", "cause": "Heavy rain", "date": "2003-01-29", "dead": "0"}}, {"type": "Feature", "geometry": {"type": "Point", "coordinates": [39.6729, 47.2248]}, "properties": {"country": "Russia", "cause": "Heavy rain", "date": "2003-02-01", "dead": "0"}}, {"type": "Feature", "geometry": {"type": "Point", "coordinates": [107.641, -7.04676]}, "properties": {"country": "Indonesia", "cause": "Heavy rain", "date": "2003-01-30", "dead": "0"}}, {"type": "Feature", "geometry": {"type": "Point", "coordinates": [102.64, -3.46055]}, "properties": {"country": "Indonesia", "cause": "Brief torrential rain", "date": "2003-02-04", "dead": "7"}}, {"type": "Feature", "geometry": {"type": "Point", "coordinates": [110.416, 1.31139]}, "properties": {"country": "Malaysia", "cause": "Heavy rain", "date": "2003-02-04", "dead": "0"}}, {"type": "Feature", "geometry": {"type": "Point", "coordinates": [106.847, -6.20813]}, "properties": {"country": "Indonesia", "cause": "Heavy rain", "date": "2003-02-13", "dead": "3"}}, {"type": "Feature", "geometry": {"type": "Point", "coordinates": [107.604, -6.97319]}, "properties": {"country": "Indonesia", "cause": "Heavy rain", "date": "2003-02-16", "dead": "0"}}, {"type": "Feature", "geometry": {"type": "Point", "coordinates": [68.0677, 27.5247]}, "properties": {"country": "Pakistan", "cause": "Heavy rain", "date": "2003-02-16", "dead": "20"}}, {"type": "Feature", "geometry": {"type": "Point", "coordinates": [35.7737, 33.545]}, "properties": {"country": "Lebanon", "cause": "Heavy rain", "date": "2003-02-21", "dead": "0"}}, {"type": "Feature", "geometry": {"type": "Point", "coordinates": [73.7749, 34.4037]}, "properties": {"country": "Pakistan", "cause": "Heavy rain", "date": "2003-02-15", "dead": "27"}}, {"type": "Feature", "geometry": {"type": "Point", "coordinates": [26.7148, 41.591]}, "properties": {"country": "Turkey", "cause": "Heavy rain", "date": "2003-01-17", "dead": "0"}}, {"type": "Feature", "geometry": {"type": "Point", "coordinates": [28.312, 38.0893]}, "properties": {"country": "Turkey", "cause": "Heavy rain", "date": "2003-02-04", "dead": "0"}}, {"type": "Feature", "geometry": {"type": "Point", "coordinates": [67.3621, 36.7476]}, "properties": {"country": "Afghanistan", "cause": "Heavy rain", "date": "2003-03-17", "dead": "14"}}, {"type": "Feature", "geometry": {"type": "Point", "coordinates": [133.058, 44.3837]}, "properties": {"country": "Russia", "cause": "Snow Melt", "date": "2003-03-25", "dead": "0"}}, {"type": "Feature", "geometry": {"type": "Point", "coordinates": [125.58, 6.34483]}, "properties": {"country": "Philippines", "cause": "Heavy rain", "date": "2003-03-20", "dead": "8"}}, {"type": "Feature", "geometry": {"type": "Point", "coordinates": [119.784, -3.09396]}, "properties": {"country": "Indonesia", "cause": "Heavy rain", "date": "2003-03-20", "dead": "12"}}, {"type": "Feature", "geometry": {"type": "Point", "coordinates": [57.5828, 37.1113]}, "properties": {"country": "Iran", "cause": "Heavy rain", "date": "2003-03-27", "dead": "0"}}, {"type": "Feature", "geometry": {"type": "Point", "coordinates": [51.6194, 31.5119]}, "properties": {"country": "Iran", "cause": "Heavy rain", "date": "2003-03-26", "dead": "0"}}, {"type": "Feature", "geometry": {"type": "Point", "coordinates": [121.709, -8.78414]}, "properties": {"country": "Indonesia", "cause": "Heavy rain", "date": "2003-03-31", "dead": "39"}}, {"type": "Feature", "geometry": {"type": "Point", "coordinates": [42.8994, 49.2409]}, "properties": {"country": "Russia", "cause": "Snow Melt", "date": "2003-04-01", "dead": "1"}}, {"type": "Feature", "geometry": {"type": "Point", "coordinates": [47.1348, 40.2225]}, "properties": {"country": "Georgia", "cause": "Heavy rain", "date": "2003-04-07", "dead": "2"}}, {"type": "Feature", "geometry": {"type": "Point", "coordinates": [61.7439, 35.1172]}, "properties": {"country": "Afghanistan", "cause": "Heavy rain", "date": "2003-04-07", "dead": "4"}}, {"type": "Feature", "geometry": {"type": "Point", "coordinates": [69.2051, 38.043]}, "properties": {"country": "Tajikistan", "cause": "Heavy rain", "date": "2003-04-13", "dead": "1"}}, {"type": "Feature", "geometry": {"type": "Point", "coordinates": [47.1927, 40.9417]}, "properties": {"country": "Azerbaijan", "cause": "Heavy rain", "date": "2003-04-16", "dead": "0"}}, {"type": "Feature", "geometry": {"type": "Point", "coordinates": [64.7393, 55.4536]}, "properties": {"country": "Russia", "cause": "Snowmelt", "date": "2003-04-16", "dead": "0"}}, {"type": "Feature", "geometry": {"type": "Point", "coordinates": [35.7082, 52.5531]}, "properties": {"country": "Russia", "cause": "Snowmelt", "date": "2003-04-15", "dead": "0"}}, {"type": "Feature", "geometry": {"type": "Point", "coordinates": [58.5899, 23.361]}, "properties": {"country": "Oman", "cause": "Brief torrential rain", "date": "2003-04-14", "dead": "30"}}, {"type": "Feature", "geometry": {"type": "Point", "coordinates": [65.0691, 33.069]}, "properties": {"country": "Afghanistan", "cause": "Heavy rain", "date": "2003-04-18", "dead": "5"}}, {"type": "Feature", "geometry": {"type": "Point", "coordinates": [69.2724, 34.958]}, "properties": {"country": "Afghanistan", "cause": "Heavy rain", "date": "2003-04-18", "dead": "2"}}, {"type": "Feature", "geometry": {"type": "Point", "coordinates": [69.2155, 36.7242]}, "properties": {"country": "Afghanistan", "cause": "Heavy rain", "date": "2003-04-21", "dead": "0"}}, {"type": "Feature", "geometry": {"type": "Point", "coordinates": [68.8736, 33.9512]}, "properties": {"country": "Afghanistan", "cause": "Heavy rain", "date": "2003-04-23", "dead": "0"}}, {"type": "Feature", "geometry": {"type": "Point", "coordinates": [42.3946, 63.5313]}, "properties": {"country": "Russia", "cause": "Snowmelt", "date": "2003-05-01", "dead": "0"}}, {"type": "Feature", "geometry": {"type": "Point", "coordinates": [103.544, -1.50383]}, "properties": {"country": "Indonesia", "cause": "Heavy rain", "date": "2003-05-03", "dead": "0"}}, {"type": "Feature", "geometry": {"type": "Point", "coordinates": [54.1224, 36.9249]}, "properties": {"country": "Iran", "cause": "Brief torrential rain", "date": "2003-05-09", "dead": "0"}}, {"type": "Feature", "geometry": {"type": "Point", "coordinates": [80.7878, 6.61932]}, "properties": {"country": "Sri Lanka", "cause": "Heavy rain", "date": "2003-05-17", "dead": "266"}}, {"type": "Feature", "geometry": {"type": "Point", "coordinates": [114.939, 26.5695]}, "properties": {"country": "China", "cause": "Heavy rain", "date": "2003-05-15", "dead": "83"}}, {"type": "Feature", "geometry": {"type": "Point", "coordinates": [47.6991, 38.5134]}, "properties": {"country": "Iran", "cause": "Brief torrential rain", "date": "2003-05-22", "dead": "2"}}, {"type": "Feature", "geometry": {"type": "Point", "coordinates": [120.74, 15.5956]}, "properties": {"country": "Philippines", "cause": "Heavy rain", "date": "2003-05-26", "dead": "41"}}, {"type": "Feature", "geometry": {"type": "Point", "coordinates": [68.9147, 36.4378]}, "properties": {"country": "Afghanistan", "cause": "Heavy rain", "date": "2003-05-26", "dead": "0"}}, {"type": "Feature", "geometry": {"type": "Point", "coordinates": [128.13, 62.8787]}, "properties": {"country": "Russia", "cause": "Snowmelt", "date": "2003-05-27", "dead": "0"}}, {"type": "Feature", "geometry": {"type": "Point", "coordinates": [90.8345, 53.3172]}, "properties": {"country": "Russia", "cause": "Heavy rain", "date": "2003-06-01", "dead": "0"}}, {"type": "Feature", "geometry": {"type": "Point", "coordinates": [82.5109, 43.7754]}, "properties": {"country": "China", "cause": "Heavy rain", "date": "2003-06-05", "dead": "28"}}, {"type": "Feature", "geometry": {"type": "Point", "coordinates": [47.1515, 41.2757]}, "properties": {"country": "Azerbaijan", "cause": "Heavy rain", "date": "2003-06-05", "dead": "1"}}, {"type": "Feature", "geometry": {"type": "Point", "coordinates": [110.741, 30.9182]}, "properties": {"country": "China", "cause": "Dam/Levy, break or release", "date": "2003-06-01", "dead": "0"}}, {"type": "Feature", "geometry": {"type": "Point", "coordinates": [67.7915, 39.4652]}, "properties": {"country": "Tajikistan", "cause": "Heavy rain", "date": "2003-06-06", "dead": "3"}}, {"type": "Feature", "geometry": {"type": "Point", "coordinates": [90.8538, 26.1706]}, "properties": {"country": "Bangladesh", "cause": "Monsoonal rain", "date": "2003-06-11", "dead": "600"}}, {"type": "Feature", "geometry": {"type": "Point", "coordinates": [125.009, 11.7927]}, "properties": {"country": "Philippines", "cause": "Tropical Cyclone", "date": "2003-06-15", "dead": "11"}}, {"type": "Feature", "geometry": {"type": "Point", "coordinates": [70.6147, 37.8703]}, "properties": {"country": "Afghanistan", "cause": "Heavy rain", "date": "2003-06-16", "dead": "13"}}, {"type": "Feature", "geometry": {"type": "Point", "coordinates": [91.9327, 21.9239]}, "properties": {"country": "Bangladesh", "cause": "Monsoonal rain", "date": "2003-06-19", "dead": "55"}}, {"type": "Feature", "geometry": {"type": "Point", "coordinates": [74.9274, 12.9158]}, "properties": {"country": "India", "cause": "Monsoonal rain", "date": "2003-06-21", "dead": "4"}}, {"type": "Feature", "geometry": {"type": "Point", "coordinates": [73.44, 21.3961]}, "properties": {"country": "India", "cause": "Monsoonal rain", "date": "2003-06-20", "dead": "4"}}, {"type": "Feature", "geometry": {"type": "Point", "coordinates": [118.401, 28.831]}, "properties": {"country": "China", "cause": "Heavy rain", "date": "2003-06-23", "dead": "430"}}, {"type": "Feature", "geometry": {"type": "Point", "coordinates": [50.7762, 36.6816]}, "properties": {"country": "Iran", "cause": "Brief torrential rain", "date": "2003-06-26", "dead": "0"}}, {"type": "Feature", "geometry": {"type": "Point", "coordinates": [124.377, 7.04391]}, "properties": {"country": "Philippines", "cause": "Heavy rain", "date": "2003-06-25", "dead": "2"}}, {"type": "Feature", "geometry": {"type": "Point", "coordinates": [70.9404, 38.1986]}, "properties": {"country": "Afghanistan", "cause": "Heavy rain", "date": "2003-06-25", "dead": "0"}}, {"type": "Feature", "geometry": {"type": "Point", "coordinates": [115.718, 32.5166]}, "properties": {"country": "China", "cause": "Heavy rain", "date": "2003-07-01", "dead": "18"}}, {"type": "Feature", "geometry": {"type": "Point", "coordinates": [69.1603, 34.2175]}, "properties": {"country": "Afghanistan", "cause": "Brief torrential rain", "date": "2003-07-05", "dead": "2"}}, {"type": "Feature", "geometry": {"type": "Point", "coordinates": [69.4291, 36.9277]}, "properties": {"country": "Afghanistan", "cause": "Heavy rain", "date": "2003-07-02", "dead": "0"}}, {"type": "Feature", "geometry": {"type": "Point", "coordinates": [84.053, 28.593]}, "properties": {"country": "Nepal", "cause": "Monsoonal rain", "date": "2003-07-03", "dead": "217"}}, {"type": "Feature", "geometry": {"type": "Point", "coordinates": [68.1237, 34.9054]}, "properties": {"country": "Afghanistan", "cause": "Brief torrential rain", "date": "2003-07-09", "dead": "9"}}, {"type": "Feature", "geometry": {"type": "Point", "coordinates": [92.8839, 43.1637]}, "properties": {"country": "China", "cause": "Heavy rain", "date": "2003-07-12", "dead": "1"}}, {"type": "Feature", "geometry": {"type": "Point", "coordinates": [79.3162, 57.8205]}, "properties": {"country": "Russia", "cause": "Snowmelt", "date": "2003-04-23", "dead": "0"}}, {"type": "Feature", "geometry": {"type": "Point", "coordinates": [72.2101, 28.7319]}, "properties": {"country": "Pakistan", "cause": "Monsoonal rain", "date": "2003-07-15", "dead": "285"}}, {"type": "Feature", "geometry": {"type": "Point", "coordinates": [69.5093, 33.492]}, "properties": {"country": "Afghanistan", "cause": "Heavy rain", "date": "2003-07-15", "dead": "9"}}, {"type": "Feature", "geometry": {"type": "Point", "coordinates": [130.746, 32.4792]}, "properties": {"country": "Japan", "cause": "Heavy rain", "date": "2003-07-19", "dead": "19"}}, {"type": "Feature", "geometry": {"type": "Point", "coordinates": [121.267, 16.5019]}, "properties": {"country": "Philippines", "cause": "Tropical Cyclone", "date": "2003-07-19", "dead": "22"}}, {"type": "Feature", "geometry": {"type": "Point", "coordinates": [110.141, 21.2109]}, "properties": {"country": "China", "cause": "Tropical Cyclone", "date": "2003-07-23", "dead": "14"}}, {"type": "Feature", "geometry": {"type": "Point", "coordinates": [103.35, 49.3241]}, "properties": {"country": "Mongolia", "cause": "Heavy rain", "date": "2003-07-21", "dead": "20"}}, {"type": "Feature", "geometry": {"type": "Point", "coordinates": [77.1033, 43.6746]}, "properties": {"country": "Kyrgyzstan", "cause": "Heavy rain", "date": "2003-07-21", "dead": "1"}}, {"type": "Feature", "geometry": {"type": "Point", "coordinates": [124.702, 47.944]}, "properties": {"country": "China", "cause": "Heavy rain", "date": "2003-07-27", "dead": "0"}}, {"type": "Feature", "geometry": {"type": "Point", "coordinates": [73.9596, 21.9811]}, "properties": {"country": "India", "cause": "Monsoonal rain", "date": "2003-07-29", "dead": "2"}}, {"type": "Feature", "geometry": {"type": "Point", "coordinates": [70.588, 35.8421]}, "properties": {"country": "Afghanistan", "cause": "Heavy rain", "date": "2003-07-29", "dead": "30"}}, {"type": "Feature", "geometry": {"type": "Point", "coordinates": [111.067, 39.043]}, "properties": {"country": "China", "cause": "Heavy rain", "date": "2003-07-30", "dead": "2"}}, {"type": "Feature", "geometry": {"type": "Point", "coordinates": [103.048, 21.8714]}, "properties": {"country": "Vietnam", "cause": "Heavy rain", "date": "2003-07-25", "dead": "5"}}, {"type": "Feature", "geometry": {"type": "Point", "coordinates": [94.0334, 51.2311]}, "properties": {"country": "Russia", "cause": "Heavy rain", "date": "2003-07-29", "dead": "0"}}, {"type": "Feature", "geometry": {"type": "Point", "coordinates": [102.261, 12.6285]}, "properties": {"country": "Thailand", "cause": "Heavy rain", "date": "2003-08-05", "dead": "2"}}, {"type": "Feature", "geometry": {"type": "Point", "coordinates": [107.896, 12.9815]}, "properties": {"country": "Vietnam", "cause": "Brief torrential rain", "date": "2003-08-02", "dead": "12"}}, {"type": "Feature", "geometry": {"type": "Point", "coordinates": [106.447, 10.5416]}, "properties": {"country": "Vietnam", "cause": "Heavy rain", "date": "2003-08-04", "dead": "0"}}, {"type": "Feature", "geometry": {"type": "Point", "coordinates": [127.647, 37.8729]}, "properties": {"country": "South Korea", "cause": "Heavy rain", "date": "2003-08-06", "dead": "0"}}, {"type": "Feature", "geometry": {"type": "Point", "coordinates": [79.2948, 19.1881]}, "properties": {"country": "India", "cause": "Monsoonal Rain and Dam Break", "date": "2003-07-29", "dead": "2"}}, {"type": "Feature", "geometry": {"type": "Point", "coordinates": [143.444, 42.8258]}, "properties": {"country": "Japan", "cause": "Tropical Cyclone", "date": "2003-08-08", "dead": "11"}}, {"type": "Feature", "geometry": {"type": "Point", "coordinates": [120.827, 15.0724]}, "properties": {"country": "Philippines", "cause": "Heavy rain", "date": "2003-08-11", "dead": "0"}}, {"type": "Feature", "geometry": {"type": "Point", "coordinates": [101.83, 52.124]}, "properties": {"country": "Russia", "cause": "Heavy rain", "date": "2003-08-14", "dead": "1"}}, {"type": "Feature", "geometry": {"type": "Point", "coordinates": [94.3294, 32.3393]}, "properties": {"country": "China", "cause": "Heavy rain", "date": "2003-08-01", "dead": "1"}}, {"type": "Feature", "geometry": {"type": "Point", "coordinates": [127.024, 37.864]}, "properties": {"country": "South Korea", "cause": "Heavy rain", "date": "2003-08-21", "dead": "1"}}, {"type": "Feature", "geometry": {"type": "Point", "coordinates": [110.266, 21.1505]}, "properties": {"country": "China", "cause": "Tropical Cyclone", "date": "2003-08-25", "dead": "3"}}, {"type": "Feature", "geometry": {"type": "Point", "coordinates": [107.985, 35.6812]}, "properties": {"country": "China", "cause": "Heavy rain", "date": "2003-08-24", "dead": "123"}}, {"type": "Feature", "geometry": {"type": "Point", "coordinates": [44.3698, 44.7002]}, "properties": {"country": "Russia", "cause": "Brief torrential rain", "date": "2003-08-27", "dead": "0"}}, {"type": "Feature", "geometry": {"type": "Point", "coordinates": [85.8936, 20.6258]}, "properties": {"country": "India", "cause": "Monsoonal rain", "date": "2003-08-27", "dead": "67"}}, {"type": "Feature", "geometry": {"type": "Point", "coordinates": [103.018, 30.0316]}, "properties": {"country": "China", "cause": "Heavy rain", "date": "2003-08-26", "dead": "17"}}, {"type": "Feature", "geometry": {"type": "Point", "coordinates": [72.0521, 35.2335]}, "properties": {"country": "Pakistan", "cause": "Brief torrential rain", "date": "2003-09-05", "dead": "30"}}, {"type": "Feature", "geometry": {"type": "Point", "coordinates": [41.9462, 39.0305]}, "properties": {"country": "Turkey", "cause": "Brief torrential rain", "date": "2003-09-18", "dead": "6"}}, {"type": "Feature", "geometry": {"type": "Point", "coordinates": [105.73, 19.4009]}, "properties": {"country": "Vietnam", "cause": "Monsoonal rain", "date": "2003-09-10", "dead": "15"}}, {"type": "Feature", "geometry": {"type": "Point", "coordinates": [101.593, 17.3728]}, "properties": {"country": "Thailand", "cause": "Monsoonal rain", "date": "2003-09-12", "dead": "7"}}, {"type": "Feature", "geometry": {"type": "Point", "coordinates": [128.019, 35.2349]}, "properties": {"country": "South Korea", "cause": "Tropical Cyclone", "date": "2003-09-12", "dead": "127"}}, {"type": "Feature", "geometry": {"type": "Point", "coordinates": [81.8672, 29.1709]}, "properties": {"country": "Nepal", "cause": "Heavy rain", "date": "2003-09-20", "dead": "18"}}, {"type": "Feature", "geometry": {"type": "Point", "coordinates": [118.581, 25.7276]}, "properties": {"country": "China", "cause": "Heavy rain", "date": "2003-09-20", "dead": "13"}}, {"type": "Feature", "geometry": {"type": "Point", "coordinates": [122.896, 9.35044]}, "properties": {"country": "Philippines", "cause": "Brief torrential rain", "date": "2003-09-21", "dead": "9"}}, {"type": "Feature", "geometry": {"type": "Point", "coordinates": [98.7285, 3.61275]}, "properties": {"country": "Indonesia", "cause": "Heavy rain", "date": "2003-09-22", "dead": "0"}}, {"type": "Feature", "geometry": {"type": "Point", "coordinates": [71.0404, 34.9865]}, "properties": {"country": "Afghanistan", "cause": "Heavy rain", "date": "2003-09-19", "dead": "3"}}, {"type": "Feature", "geometry": {"type": "Point", "coordinates": [80.3531, 6.34987]}, "properties": {"country": "Sri Lanka", "cause": "Heavy rain", "date": "2003-10-01", "dead": "8"}}, {"type": "Feature", "geometry": {"type": "Point", "coordinates": [100.097, 6.64704]}, "properties": {"country": "Malaysia", "cause": "Heavy rain", "date": "2003-10-03", "dead": "3"}}, {"type": "Feature", "geometry": {"type": "Point", "coordinates": [108.846, 14.7675]}, "properties": {"country": "Vietnam", "cause": "Heavy rain", "date": "2003-10-15", "dead": "52"}}, {"type": "Feature", "geometry": {"type": "Point", "coordinates": [99.79, 12.5592]}, "properties": {"country": "Thailand", "cause": "Monsoonal rain", "date": "2003-10-17", "dead": "3"}}, {"type": "Feature", "geometry": {"type": "Point", "coordinates": [40.7145, 43.8129]}, "properties": {"country": "Russia", "cause": "Heavy rain", "date": "2003-10-25", "dead": "0"}}, {"type": "Feature", "geometry": {"type": "Point", "coordinates": [98.0634, 3.42853]}, "properties": {"country": "Indonesia", "cause": "Heavy rain", "date": "2003-11-02", "dead": "165"}}, {"type": "Feature", "geometry": {"type": "Point", "coordinates": [121.774, 17.6099]}, "properties": {"country": "Taiwan", "cause": "Heavy rain", "date": "2003-11-02", "dead": "2"}}, {"type": "Feature", "geometry": {"type": "Point", "coordinates": [108.979, 12.9047]}, "properties": {"country": "Vietnam", "cause": "Heavy rain", "date": "2003-11-12", "dead": "61"}}, {"type": "Feature", "geometry": {"type": "Point", "coordinates": [39.8268, 21.4209]}, "properties": {"country": "Saudi Arabia", "cause": "Brief torrential rain", "date": "2003-11-10", "dead": "12"}}, {"type": "Feature", "geometry": {"type": "Point", "coordinates": [112.552, -8.10688]}, "properties": {"country": "Indonesia", "cause": "Heavy rain", "date": "2003-11-22", "dead": "3"}}, {"type": "Feature", "geometry": {"type": "Point", "coordinates": [108.35, 15.6116]}, "properties": {"country": "Vietnam", "cause": "Heavy rain", "date": "2003-11-24", "dead": "3"}}, {"type": "Feature", "geometry": {"type": "Point", "coordinates": [101.494, 0.286528]}, "properties": {"country": "Indonesia", "cause": "Heavy rain", "date": "2003-11-30", "dead": "0"}}, {"type": "Feature", "geometry": {"type": "Point", "coordinates": [98.7288, 3.59651]}, "properties": {"country": "Indonesia", "cause": "Heavy rain", "date": "2003-12-05", "dead": "0"}}, {"type": "Feature", "geometry": {"type": "Point", "coordinates": [103.22, 4.81717]}, "properties": {"country": "Malaysia", "cause": "Heavy rain", "date": "2003-11-30", "dead": "5"}}, {"type": "Feature", "geometry": {"type": "Point", "coordinates": [99.6651, 8.6548]}, "properties": {"country": "Thailand", "cause": "Heavy rain", "date": "2003-12-10", "dead": "6"}}, {"type": "Feature", "geometry": {"type": "Point", "coordinates": [117.982, 5.41506]}, "properties": {"country": "Malaysia", "cause": "Heavy rain", "date": "2003-12-17", "dead": "0"}}, {"type": "Feature", "geometry": {"type": "Point", "coordinates": [125.766, 8.88198]}, "properties": {"country": "Philippines", "cause": "Heavy rain", "date": "2003-12-19", "dead": "200"}}, {"type": "Feature", "geometry": {"type": "Point", "coordinates": [30.7881, 37.0067]}, "properties": {"country": "Turkey", "cause": "Heavy rain", "date": "2003-12-24", "dead": "6"}}, {"type": "Feature", "geometry": {"type": "Point", "coordinates": [102.902, -1.04163]}, "properties": {"country": "Indonesia", "cause": "Heavy rain", "date": "2003-12-10", "dead": "148"}}, {"type": "Feature", "geometry": {"type": "Point", "coordinates": [51.4395, 29.4666]}, "properties": {"country": "Iran", "cause": "Heavy rain", "date": "2004-01-10", "dead": "6"}}, {"type": "Feature", "geometry": {"type": "Point", "coordinates": [62.1535, 34.3173]}, "properties": {"country": "Afghanistan", "cause": "Heavy rain", "date": "2004-01-15", "dead": "0"}}, {"type": "Feature", "geometry": {"type": "Point", "coordinates": [45.3309, 14.3526]}, "properties": {"country": "Yemen", "cause": "Heavy rain", "date": "2004-01-12", "dead": "5"}}, {"type": "Feature", "geometry": {"type": "Point", "coordinates": [103.742, 1.62683]}, "properties": {"country": "Malaysia", "cause": "Heavy rain", "date": "2004-01-24", "dead": "3"}}, {"type": "Feature", "geometry": {"type": "Point", "coordinates": [63.7561, 45.1809]}, "properties": {"country": "Kazakhstan", "cause": "Dam/Levy, break or release", "date": "2004-01-30", "dead": "0"}}, {"type": "Feature", "geometry": {"type": "Point", "coordinates": [112.566, -7.63155]}, "properties": {"country": "Indonesia", "cause": "Heavy rain", "date": "2004-02-03", "dead": "4"}}, {"type": "Feature", "geometry": {"type": "Point", "coordinates": [46.1627, 30.8406]}, "properties": {"country": "Iraq", "cause": "Heavy rain", "date": "2004-01-16", "dead": "0"}}, {"type": "Feature", "geometry": {"type": "Point", "coordinates": [27.9838, 38.1568]}, "properties": {"country": "Turkey", "cause": "Heavy rain", "date": "2004-01-24", "dead": "0"}}, {"type": "Feature", "geometry": {"type": "Point", "coordinates": [125.744, 8.22929]}, "properties": {"country": "Philippines", "cause": "Heavy rain", "date": "2004-02-11", "dead": "7"}}, {"type": "Feature", "geometry": {"type": "Point", "coordinates": [108.144, -6.40958]}, "properties": {"country": "Indonesia", "cause": "Heavy rain", "date": "2004-02-17", "dead": "0"}}, {"type": "Feature", "geometry": {"type": "Point", "coordinates": [106.838, -6.19397]}, "properties": {"country": "Indonesia", "cause": "Heavy rain", "date": "2004-02-18", "dead": "5"}}, {"type": "Feature", "geometry": {"type": "Point", "coordinates": [99.1245, 3.28175]}, "properties": {"country": "Indonesia", "cause": "Heavy rain", "date": "2004-02-22", "dead": "1"}}, {"type": "Feature", "geometry": {"type": "Point", "coordinates": [45.061, 51.9038]}, "properties": {"country": "Russia", "cause": "Snowmelt", "date": "2004-03-02", "dead": "0"}}, {"type": "Feature", "geometry": {"type": "Point", "coordinates": [44.585, 40.1622]}, "properties": {"country": "Turkey", "cause": "Rain and snowmelt", "date": "2004-03-05", "dead": "8"}}, {"type": "Feature", "geometry": {"type": "Point", "coordinates": [39.8068, 44.7613]}, "properties": {"country": "Russia", "cause": "Snowmelt", "date": "2004-03-06", "dead": "0"}}, {"type": "Feature", "geometry": {"type": "Point", "coordinates": [107.494, -6.93005]}, "properties": {"country": "Indonesia", "cause": "Heavy rain", "date": "2004-03-16", "dead": "1"}}, {"type": "Feature", "geometry": {"type": "Point", "coordinates": [34.4848, 53.4739]}, "properties": {"country": "Russia", "cause": "Rain and snowmelt", "date": "2004-03-30", "dead": "0"}}, {"type": "Feature", "geometry": {"type": "Point", "coordinates": [44.5352, 14.0626]}, "properties": {"country": "Yemen", "cause": "Heavy rain", "date": "2004-04-08", "dead": "4"}}, {"type": "Feature", "geometry": {"type": "Point", "coordinates": [86.6102, 51.9754]}, "properties": {"country": "Russia", "cause": "Rain and snowmelt", "date": "2004-04-14", "dead": "18"}}, {"type": "Feature", "geometry": {"type": "Point", "coordinates": [42.6602, 17.0785]}, "properties": {"country": "Saudi Arabia", "cause": "Heavy rain", "date": "2004-04-14", "dead": "5"}}, {"type": "Feature", "geometry": {"type": "Point", "coordinates": [91.6947, 24.8942]}, "properties": {"country": "Bangladesh", "cause": "Heavy rain", "date": "2004-04-14", "dead": "12"}}, {"type": "Feature", "geometry": {"type": "Point", "coordinates": [103.941, 21.2792]}, "properties": {"country": "Vietnam", "cause": "Heavy rain", "date": "2004-04-16", "dead": "9"}}, {"type": "Feature", "geometry": {"type": "Point", "coordinates": [45.9295, 34.4441]}, "properties": {"country": "Iran", "cause": "Brief torrential rain", "date": "2004-05-01", "dead": "8"}}, {"type": "Feature", "geometry": {"type": "Point", "coordinates": [116.828, -0.527894]}, "properties": {"country": "Indonesia", "cause": "Heavy rain", "date": "2004-05-07", "dead": "0"}}, {"type": "Feature", "geometry": {"type": "Point", "coordinates": [117.428, 29.1622]}, "properties": {"country": "China", "cause": "Heavy rain", "date": "2004-05-13", "dead": "7"}}, {"type": "Feature", "geometry": {"type": "Point", "coordinates": [98.6007, 17.0271]}, "properties": {"country": "Thailand", "cause": "Brief torrential rain", "date": "2004-05-20", "dead": "8"}}, {"type": "Feature", "geometry": {"type": "Point", "coordinates": [109.474, 30.2851]}, "properties": {"country": "China", "cause": "Dam/Levy, break or release", "date": "2004-05-27", "dead": "18"}}, {"type": "Feature", "geometry": {"type": "Point", "coordinates": [86.2589, 47.8637]}, "properties": {"country": "China", "cause": "Brief torrential rain", "date": "2004-05-31", "dead": "4"}}, {"type": "Feature", "geometry": {"type": "Point", "coordinates": [106.888, 25.9751]}, "properties": {"country": "China", "cause": "Brief torrential rain", "date": "2004-06-05", "dead": "3"}}, {"type": "Feature", "geometry": {"type": "Point", "coordinates": [75.4747, 12.1226]}, "properties": {"country": "India", "cause": "Monsoonal rain", "date": "2004-06-09", "dead": "45"}}, {"type": "Feature", "geometry": {"type": "Point", "coordinates": [42.4108, 42.3494]}, "properties": {"country": "Georgia", "cause": "Heavy rain", "date": "2004-06-09", "dead": "0"}}, {"type": "Feature", "geometry": {"type": "Point", "coordinates": [112.632, 59.1447]}, "properties": {"country": "Russia", "cause": "Rain and snowmelt", "date": "2004-06-12", "dead": "0"}}, {"type": "Feature", "geometry": {"type": "Point", "coordinates": [106.151, 27.1983]}, "properties": {"country": "China", "cause": "Heavy rain", "date": "2004-06-14", "dead": "2"}}, {"type": "Feature", "geometry": {"type": "Point", "coordinates": [100.168, 17.1066]}, "properties": {"country": "Thailand", "cause": "Monsoonal rain", "date": "2004-06-04", "dead": "1"}}, {"type": "Feature", "geometry": {"type": "Point", "coordinates": [85.8918, 25.4989]}, "properties": {"country": "India", "cause": "Monsoonal rain", "date": "2004-06-20", "dead": "3000"}}, {"type": "Feature", "geometry": {"type": "Point", "coordinates": [111.683, 28.0894]}, "properties": {"country": "China", "cause": "Heavy rain", "date": "2004-06-20", "dead": "27"}}, {"type": "Feature", "geometry": {"type": "Point", "coordinates": [134.049, 67.4199]}, "properties": {"country": "Russia", "cause": "Heavy rain", "date": "2004-06-23", "dead": "0"}}, {"type": "Feature", "geometry": {"type": "Point", "coordinates": [41.045, 44.5712]}, "properties": {"country": "Russia", "cause": "Heavy rain", "date": "2004-06-26", "dead": "0"}}, {"type": "Feature", "geometry": {"type": "Point", "coordinates": [124.576, 7.37715]}, "properties": {"country": "Philippines", "cause": "Heavy rain", "date": "2004-06-28", "dead": "5"}}, {"type": "Feature", "geometry": {"type": "Point", "coordinates": [104.834, 28.8637]}, "properties": {"country": "China", "cause": "Heavy rain", "date": "2004-06-28", "dead": "15"}}, {"type": "Feature", "geometry": {"type": "Point", "coordinates": [121.41, 17.5033]}, "properties": {"country": "Philippines", "cause": "Tropical cyclone", "date": "2004-06-29", "dead": "54"}}, {"type": "Feature", "geometry": {"type": "Point", "coordinates": [98.8899, 26.1245]}, "properties": {"country": "China", "cause": "Heavy rain", "date": "2004-07-04", "dead": "35"}}, {"type": "Feature", "geometry": {"type": "Point", "coordinates": [86.2525, 27.0864]}, "properties": {"country": "Nepal", "cause": "Monsoonal rain", "date": "2004-07-05", "dead": "185"}}, {"type": "Feature", "geometry": {"type": "Point", "coordinates": [139.188, 37.6258]}, "properties": {"country": "Japan", "cause": "Heavy rain", "date": "2004-07-13", "dead": "18"}}, {"type": "Feature", "geometry": {"type": "Point", "coordinates": [110.433, 24.0014]}, "properties": {"country": "China", "cause": "Heavy rain", "date": "2004-07-14", "dead": "24"}}, {"type": "Feature", "geometry": {"type": "Point", "coordinates": [127.262, 36.715]}, "properties": {"country": "South Korea", "cause": "Monsoonal rain", "date": "2004-07-15", "dead": "34"}}, {"type": "Feature", "geometry": {"type": "Point", "coordinates": [114.77, 33.4219]}, "properties": {"country": "China", "cause": "Heavy rain", "date": "2004-07-16", "dead": "0"}}, {"type": "Feature", "geometry": {"type": "Point", "coordinates": [69.2846, 36.4862]}, "properties": {"country": "Afghanistan", "cause": "Monsoonal rain", "date": "2004-07-16", "dead": "16"}}, {"type": "Feature", "geometry": {"type": "Point", "coordinates": [110.829, 27.8758]}, "properties": {"country": "China", "cause": "Heavy rain", "date": "2004-07-17", "dead": "2"}}, {"type": "Feature", "geometry": {"type": "Point", "coordinates": [42.6406, 42.9478]}, "properties": {"country": "Georgia", "cause": "Heavy rain", "date": "2004-07-15", "dead": "1"}}, {"type": "Feature", "geometry": {"type": "Point", "coordinates": [105.869, 22.5609]}, "properties": {"country": "Vietnam", "cause": "Heavy rain", "date": "2004-07-18", "dead": "36"}}, {"type": "Feature", "geometry": {"type": "Point", "coordinates": [46.653, 40.7764]}, "properties": {"country": "Azerbaijan", "cause": "Heavy rain", "date": "2004-07-22", "dead": "4"}}, {"type": "Feature", "geometry": {"type": "Point", "coordinates": [123.994, 42.9703]}, "properties": {"country": "China", "cause": "Heavy rain", "date": "2004-07-12", "dead": "11"}}, {"type": "Feature", "geometry": {"type": "Point", "coordinates": [103.937, 15.848]}, "properties": {"country": "Thailand", "cause": "Heavy rain", "date": "2004-07-27", "dead": "3"}}, {"type": "Feature", "geometry": {"type": "Point", "coordinates": [133.5, 33.6343]}, "properties": {"country": "Japan", "cause": "Heavy rain", "date": "2004-08-01", "dead": "1"}}, {"type": "Feature", "geometry": {"type": "Point", "coordinates": [124.577, 7.02107]}, "properties": {"country": "Philippines", "cause": "Heavy rain", "date": "2004-07-31", "dead": "0"}}, {"type": "Feature", "geometry": {"type": "Point", "coordinates": [107.649, 41.176]}, "properties": {"country": "China", "cause": "Brief torrential rain", "date": "2004-08-02", "dead": "8"}}, {"type": "Feature", "geometry": {"type": "Point", "coordinates": [73.7641, 21.0247]}, "properties": {"country": "India", "cause": "Monsoonal rain", "date": "2004-08-01", "dead": "210"}}, {"type": "Feature", "geometry": {"type": "Point", "coordinates": [42.4899, 17.3866]}, "properties": {"country": "Saudi Arabia", "cause": "Heavy rain", "date": "2004-08-03", "dead": "8"}}, {"type": "Feature", "geometry": {"type": "Point", "coordinates": [103.073, 15.3973]}, "properties": {"country": "Thailand", "cause": "Monsoonal rain", "date": "2004-08-06", "dead": "11"}}, {"type": "Feature", "geometry": {"type": "Point", "coordinates": [120.833, 28.418]}, "properties": {"country": "China", "cause": "Tropical cyclone", "date": "2004-08-12", "dead": "164"}}, {"type": "Feature", "geometry": {"type": "Point", "coordinates": [133.488, 33.8068]}, "properties": {"country": "Japan", "cause": "Tropical cyclone", "date": "2004-08-16", "dead": "15"}}, {"type": "Feature", "geometry": {"type": "Point", "coordinates": [32.0379, 41.2272]}, "properties": {"country": "Turkey", "cause": "Brief torrential rain", "date": "2004-08-16", "dead": "2"}}, {"type": "Feature", "geometry": {"type": "Point", "coordinates": [120.754, 15.5474]}, "properties": {"country": "Philippines", "cause": "Tropical cyclone", "date": "2004-08-24", "dead": "67"}}, {"type": "Feature", "geometry": {"type": "Point", "coordinates": [105.824, 10.3179]}, "properties": {"country": "Vietnam", "cause": "Monsoonal rain", "date": "2004-08-24", "dead": "34"}}, {"type": "Feature", "geometry": {"type": "Point", "coordinates": [132.606, 34.7127]}, "properties": {"country": "Japan", "cause": "Tropical cyclone", "date": "2004-08-30", "dead": "13"}}, {"type": "Feature", "geometry": {"type": "Point", "coordinates": [40.7769, 44.4962]}, "properties": {"country": "Russia", "cause": "Brief torrential rain", "date": "2004-08-31", "dead": "0"}}, {"type": "Feature", "geometry": {"type": "Point", "coordinates": [108.196, 30.5736]}, "properties": {"country": "China", "cause": "Heavy rain", "date": "2004-09-03", "dead": "196"}}, {"type": "Feature", "geometry": {"type": "Point", "coordinates": [121.186, 24.4896]}, "properties": {"country": "Taiwan", "cause": "Tropical cyclone", "date": "2004-09-11", "dead": "9"}}, {"type": "Feature", "geometry": {"type": "Point", "coordinates": [125.899, 38.4896]}, "properties": {"country": "North Korea", "cause": "Heavy rain", "date": "2004-09-11", "dead": "0"}}, {"type": "Feature", "geometry": {"type": "Point", "coordinates": [95.9621, 4.36347]}, "properties": {"country": "Indonesia", "cause": "Heavy rain", "date": "2004-09-26", "dead": "0"}}, {"type": "Feature", "geometry": {"type": "Point", "coordinates": [136.368, 34.3146]}, "properties": {"country": "Japan", "cause": "Tropical cyclone", "date": "2004-09-26", "dead": "19"}}, {"type": "Feature", "geometry": {"type": "Point", "coordinates": [89.4002, 24.6862]}, "properties": {"country": "India", "cause": "Heavy rain", "date": "2004-10-07", "dead": "210"}}, {"type": "Feature", "geometry": {"type": "Point", "coordinates": [135.516, 35.0456]}, "properties": {"country": "Japan", "cause": "Tropical cyclone", "date": "2004-10-20", "dead": "83"}}, {"type": "Feature", "geometry": {"type": "Point", "coordinates": [121.607, 24.9787]}, "properties": {"country": "Taiwan", "cause": "Tropical cyclone", "date": "2004-10-25", "dead": "7"}}, {"type": "Feature", "geometry": {"type": "Point", "coordinates": [101.398, -2.0431]}, "properties": {"country": "Indonesia", "cause": "Heavy rain", "date": "2004-11-03", "dead": "1"}}, {"type": "Feature", "geometry": {"type": "Point", "coordinates": [123.387, 13.4313]}, "properties": {"country": "Philippines", "cause": "Tropical cyclone", "date": "2004-11-19", "dead": "61"}}, {"type": "Feature", "geometry": {"type": "Point", "coordinates": [121.706, 16.3889]}, "properties": {"country": "Philippines", "cause": "Tropical cyclone", "date": "2004-11-23", "dead": "26"}}, {"type": "Feature", "geometry": {"type": "Point", "coordinates": [107.437, 16.1973]}, "properties": {"country": "Vietnam", "cause": "Heavy rain", "date": "2004-11-26", "dead": "56"}}, {"type": "Feature", "geometry": {"type": "Point", "coordinates": [121.243, 15.1788]}, "properties": {"country": "Philippines", "cause": "Heavy rain", "date": "2004-11-29", "dead": "939"}}, {"type": "Feature", "geometry": {"type": "Point", "coordinates": [112.175, -8.04448]}, "properties": {"country": "Indonesia", "cause": "Heavy rain", "date": "2004-12-02", "dead": "15"}}, {"type": "Feature", "geometry": {"type": "Point", "coordinates": [40.8956, 44.5206]}, "properties": {"country": "Russia", "cause": "Snowmelt", "date": "2004-12-03", "dead": "0"}}, {"type": "Feature", "geometry": {"type": "Point", "coordinates": [51.7011, 28.4261]}, "properties": {"country": "Iran", "cause": "Heavy rain", "date": "2004-12-09", "dead": "54"}}, {"type": "Feature", "geometry": {"type": "Point", "coordinates": [101.592, 6.27156]}, "properties": {"country": "Malaysia", "cause": "Monsoonal rain", "date": "2004-12-10", "dead": "15"}}, {"type": "Feature", "geometry": {"type": "Point", "coordinates": [81.3147, 7.93818]}, "properties": {"country": "Sri Lanka", "cause": "Monsoonal rain", "date": "2004-12-11", "dead": "6"}}, {"type": "Feature", "geometry": {"type": "Point", "coordinates": [98.8838, 8.18351]}, "properties": {"country": "Thailand", "cause": "Tidal surge", "date": "2004-12-26", "dead": "160000"}}, {"type": "Feature", "geometry": {"type": "Point", "coordinates": [104.432, -3.90354]}, "properties": {"country": "Indonesia", "cause": "Heavy rain", "date": "2005-01-11", "dead": "9"}}, {"type": "Feature", "geometry": {"type": "Point", "coordinates": [40.6202, 24.7876]}, "properties": {"country": "Saudi Arabia", "cause": "Heavy rain", "date": "2005-01-22", "dead": "29"}}, {"type": "Feature", "geometry": {"type": "Point", "coordinates": [64.3806, 26.1547]}, "properties": {"country": "Pakistan", "cause": "Heavy rain", "date": "2005-02-09", "dead": "300"}}, {"type": "Feature", "geometry": {"type": "Point", "coordinates": [107.603, -6.95896]}, "properties": {"country": "Indonesia", "cause": "Heavy rain", "date": "2005-02-19", "dead": "0"}}, {"type": "Feature", "geometry": {"type": "Point", "coordinates": [66.9818, 43.5954]}, "properties": {"country": "Kazakhstan", "cause": "Dam/Levy, break or release", "date": "2005-02-24", "dead": "0"}}, {"type": "Feature", "geometry": {"type": "Point", "coordinates": [48.568, 24.3928]}, "properties": {"country": "Saudi Arabia", "cause": "Heavy rain", "date": "2005-03-01", "dead": "7"}}, {"type": "Feature", "geometry": {"type": "Point", "coordinates": [66.9303, 30.7184]}, "properties": {"country": "Pakistan", "cause": "Heavy rain", "date": "2005-03-02", "dead": "15"}}, {"type": "Feature", "geometry": {"type": "Point", "coordinates": [61.8546, 30.7384]}, "properties": {"country": "Afghanistan", "cause": "Heavy rain", "date": "2005-03-05", "dead": "26"}}, {"type": "Feature", "geometry": {"type": "Point", "coordinates": [48.8491, 33.7656]}, "properties": {"country": "Iran", "cause": "Heavy rain", "date": "2005-03-11", "dead": "3"}}, {"type": "Feature", "geometry": {"type": "Point", "coordinates": [78.8332, 44.8319]}, "properties": {"country": "China", "cause": "Heavy rain", "date": "2005-03-11", "dead": "1"}}, {"type": "Feature", "geometry": {"type": "Point", "coordinates": [46.294, 32.9589]}, "properties": {"country": "Iraq", "cause": "Heavy rain", "date": "2005-03-13", "dead": "0"}}, {"type": "Feature", "geometry": {"type": "Point", "coordinates": [66.1149, 36.4835]}, "properties": {"country": "Afghanistan", "cause": "Heavy rain", "date": "2005-03-15", "dead": "2"}}, {"type": "Feature", "geometry": {"type": "Point", "coordinates": [68.3724, 29.5182]}, "properties": {"country": "Pakistan", "cause": "Heavy rain", "date": "2005-03-20", "dead": "20"}}, {"type": "Feature", "geometry": {"type": "Point", "coordinates": [68.4509, 33.5306]}, "properties": {"country": "Afghanistan", "cause": "Heavy rain", "date": "2005-03-29", "dead": "6"}}, {"type": "Feature", "geometry": {"type": "Point", "coordinates": [41.5522, 42.6487]}, "properties": {"country": "Georgia", "cause": "Heavy rain", "date": "2005-04-25", "dead": "0"}}, {"type": "Feature", "geometry": {"type": "Point", "coordinates": [97.6622, 3.69543]}, "properties": {"country": "Indonesia", "cause": "Heavy rain", "date": "2005-04-26", "dead": "20"}}, {"type": "Feature", "geometry": {"type": "Point", "coordinates": [64.7671, 33.7082]}, "properties": {"country": "Afghanistan", "cause": "Snowmelt", "date": "2005-05-04", "dead": "14"}}, {"type": "Feature", "geometry": {"type": "Point", "coordinates": [69.2506, 37.9689]}, "properties": {"country": "Tajikistan", "cause": "Heavy rain", "date": "2005-05-07", "dead": "1"}}, {"type": "Feature", "geometry": {"type": "Point", "coordinates": [91.6424, 24.598]}, "properties": {"country": "Bangladesh", "cause": "Heavy rain", "date": "2005-05-25", "dead": "13"}}, {"type": "Feature", "geometry": {"type": "Point", "coordinates": [135.157, 47.9353]}, "properties": {"country": "Russia", "cause": "Heavy rain", "date": "2005-05-11", "dead": "1"}}, {"type": "Feature", "geometry": {"type": "Point", "coordinates": [104.121, 34.4136]}, "properties": {"country": "China", "cause": "Brief torrential rain", "date": "2005-05-28", "dead": "8"}}, {"type": "Feature", "geometry": {"type": "Point", "coordinates": [108.103, 28.7151]}, "properties": {"country": "China", "cause": "Heavy rain", "date": "2005-05-30", "dead": "160"}}, {"type": "Feature", "geometry": {"type": "Point", "coordinates": [45.3243, 42.0489]}, "properties": {"country": "Georgia", "cause": "Heavy rain", "date": "2005-06-05", "dead": "1"}}, {"type": "Feature", "geometry": {"type": "Point", "coordinates": [68.1036, 39.4723]}, "properties": {"country": "Tajikistan", "cause": "Heavy rain", "date": "2005-06-08", "dead": "6"}}, {"type": "Feature", "geometry": {"type": "Point", "coordinates": [129.266, 44.3196]}, "properties": {"country": "China", "cause": "Brief torrential rain", "date": "2005-06-10", "dead": "117"}}, {"type": "Feature", "geometry": {"type": "Point", "coordinates": [120.345, 22.8027]}, "properties": {"country": "Taiwan", "cause": "Heavy rain", "date": "2005-06-11", "dead": "16"}}, {"type": "Feature", "geometry": {"type": "Point", "coordinates": [70.7991, 37.18]}, "properties": {"country": "Tajikistan", "cause": "Heavy rain", "date": "2005-06-15", "dead": "39"}}, {"type": "Feature", "geometry": {"type": "Point", "coordinates": [117.773, 26.6914]}, "properties": {"country": "China", "cause": "Heavy rain", "date": "2005-06-17", "dead": "19"}}, {"type": "Feature", "geometry": {"type": "Point", "coordinates": [111.322, 23.5449]}, "properties": {"country": "China", "cause": "Heavy rain", "date": "2005-06-19", "dead": "200"}}, {"type": "Feature", "geometry": {"type": "Point", "coordinates": [71.5076, 34.272]}, "properties": {"country": "Pakistan", "cause": "Snowmelt", "date": "2005-06-21", "dead": "5"}}, {"type": "Feature", "geometry": {"type": "Point", "coordinates": [89.1145, 25.9614]}, "properties": {"country": "Bangladesh", "cause": "Monsoonal rain", "date": "2005-06-23", "dead": "5"}}, {"type": "Feature", "geometry": {"type": "Point", "coordinates": [78.4423, 31.6718]}, "properties": {"country": "India", "cause": "Heavy rain", "date": "2005-06-26", "dead": "6"}}, {"type": "Feature", "geometry": {"type": "Point", "coordinates": [73.0739, 21.433]}, "properties": {"country": "India", "cause": "Monsoonal rain", "date": "2005-06-28", "dead": "202"}}, {"type": "Feature", "geometry": {"type": "Point", "coordinates": [86.4305, 20.9765]}, "properties": {"country": "India", "cause": "Monsoonal rain", "date": "2005-06-29", "dead": "1"}}, {"type": "Feature", "geometry": {"type": "Point", "coordinates": [103.519, 30.6766]}, "properties": {"country": "China", "cause": "Heavy rain", "date": "2005-06-28", "dead": "65"}}, {"type": "Feature", "geometry": {"type": "Point", "coordinates": [126.499, 39.7282]}, "properties": {"country": "North Korea", "cause": "Monsoonal rain", "date": "2005-06-30", "dead": "88"}}, {"type": "Feature", "geometry": {"type": "Point", "coordinates": [80.1999, 24.1288]}, "properties": {"country": "India", "cause": "Monsoonal rain", "date": "2005-07-02", "dead": "62"}}, {"type": "Feature", "geometry": {"type": "Point", "coordinates": [125.501, 44.5627]}, "properties": {"country": "China", "cause": "Heavy rain", "date": "2005-07-01", "dead": "5"}}, {"type": "Feature", "geometry": {"type": "Point", "coordinates": [73.5637, 30.923]}, "properties": {"country": "Pakistan", "cause": "Monsoonal rain", "date": "2005-07-05", "dead": "40"}}, {"type": "Feature", "geometry": {"type": "Point", "coordinates": [87.0126, 27.4363]}, "properties": {"country": "India", "cause": "Monsoonal rain", "date": "2005-07-07", "dead": "40"}}, {"type": "Feature", "geometry": {"type": "Point", "coordinates": [130.955, 32.9554]}, "properties": {"country": "Japan", "cause": "Heavy rain", "date": "2005-07-10", "dead": "4"}}, {"type": "Feature", "geometry": {"type": "Point", "coordinates": [115.76, 32.6055]}, "properties": {"country": "China", "cause": "Heavy rain", "date": "2005-07-10", "dead": "0"}}, {"type": "Feature", "geometry": {"type": "Point", "coordinates": [120.856, 28.1203]}, "properties": {"country": "Taiwan", "cause": "Tropical cyclone", "date": "2005-07-16", "dead": "17"}}, {"type": "Feature", "geometry": {"type": "Point", "coordinates": [116.224, 6.05477]}, "properties": {"country": "Malaysia", "cause": "Brief torrential rain", "date": "2005-07-17", "dead": "4"}}, {"type": "Feature", "geometry": {"type": "Point", "coordinates": [104.262, 27.7023]}, "properties": {"country": "China", "cause": "Dam/Levy, break or release", "date": "2005-07-21", "dead": "16"}}, {"type": "Feature", "geometry": {"type": "Point", "coordinates": [73.435, 17.9836]}, "properties": {"country": "India", "cause": "Monsoonal rain", "date": "2005-07-24", "dead": "987"}}, {"type": "Feature", "geometry": {"type": "Point", "coordinates": [79.9654, 16.9772]}, "properties": {"country": "India", "cause": "Monsoonal rain", "date": "2005-07-23", "dead": "126"}}, {"type": "Feature", "geometry": {"type": "Point", "coordinates": [122.905, 10.4097]}, "properties": {"country": "Philippines", "cause": "Monsoonal rain", "date": "2005-07-27", "dead": "3"}}, {"type": "Feature", "geometry": {"type": "Point", "coordinates": [86.2759, 20.9915]}, "properties": {"country": "India", "cause": "Monsoonal rain", "date": "2005-07-30", "dead": "8"}}, {"type": "Feature", "geometry": {"type": "Point", "coordinates": [55.7931, 37.6805]}, "properties": {"country": "Iran", "cause": "Heavy rain", "date": "2005-07-31", "dead": "27"}}, {"type": "Feature", "geometry": {"type": "Point", "coordinates": [40.3862, 40.8275]}, "properties": {"country": "Turkey", "cause": "Heavy rain", "date": "2005-08-02", "dead": "7"}}, {"type": "Feature", "geometry": {"type": "Point", "coordinates": [127.456, 35.6995]}, "properties": {"country": "South Korea", "cause": "Monsoonal rain", "date": "2005-08-02", "dead": "11"}}, {"type": "Feature", "geometry": {"type": "Point", "coordinates": [81.8645, 39.8858]}, "properties": {"country": "China", "cause": "Heavy rain", "date": "2005-08-05", "dead": "7"}}, {"type": "Feature", "geometry": {"type": "Point", "coordinates": [55.8167, 37.6813]}, "properties": {"country": "Iran", "cause": "Heavy rain", "date": "2005-08-09", "dead": "43"}}, {"type": "Feature", "geometry": {"type": "Point", "coordinates": [99.3691, 19.0685]}, "properties": {"country": "Thailand", "cause": "Monsoonal rain", "date": "2005-08-13", "dead": "11"}}, {"type": "Feature", "geometry": {"type": "Point", "coordinates": [104.857, 19.1699]}, "properties": {"country": "Vietnam", "cause": "Heavy rain", "date": "2005-08-13", "dead": "13"}}, {"type": "Feature", "geometry": {"type": "Point", "coordinates": [123.07, 41.8583]}, "properties": {"country": "China", "cause": "Heavy rain", "date": "2005-08-13", "dead": "15"}}, {"type": "Feature", "geometry": {"type": "Point", "coordinates": [112.263, 32.0585]}, "properties": {"country": "China", "cause": "Heavy rain", "date": "2005-08-14", "dead": "28"}}, {"type": "Feature", "geometry": {"type": "Point", "coordinates": [83.2115, 25.886]}, "properties": {"country": "India", "cause": "Heavy rain", "date": "2005-08-26", "dead": "21"}}, {"type": "Feature", "geometry": {"type": "Point", "coordinates": [118.554, 28.5839]}, "properties": {"country": "Taiwan", "cause": "Tropical cyclone", "date": "2005-09-01", "dead": "129"}}, {"type": "Feature", "geometry": {"type": "Point", "coordinates": [131.316, 32.3519]}, "properties": {"country": "Japan", "cause": "Tropical cyclone", "date": "2005-09-04", "dead": "22"}}, {"type": "Feature", "geometry": {"type": "Point", "coordinates": [105.735, 10.7071]}, "properties": {"country": "Vietnam", "cause": "Monsoonal rain", "date": "2005-09-08", "dead": "69"}}, {"type": "Feature", "geometry": {"type": "Point", "coordinates": [120.242, 30.3681]}, "properties": {"country": "China", "cause": "Tropical cyclone", "date": "2005-09-11", "dead": "16"}}, {"type": "Feature", "geometry": {"type": "Point", "coordinates": [71.0849, 34.9305]}, "properties": {"country": "Afghanistan", "cause": "Heavy rain", "date": "2005-09-11", "dead": "12"}}, {"type": "Feature", "geometry": {"type": "Point", "coordinates": [82.5389, 21.1139]}, "properties": {"country": "India", "cause": "Heavy rain", "date": "2005-09-14", "dead": "89"}}, {"type": "Feature", "geometry": {"type": "Point", "coordinates": [120.983, 15.301]}, "properties": {"country": "Philippines", "cause": "Monsoonal rain", "date": "2005-09-15", "dead": "16"}}, {"type": "Feature", "geometry": {"type": "Point", "coordinates": [79.3734, 28.1973]}, "properties": {"country": "India", "cause": "Monsoonal rain", "date": "2005-09-16", "dead": "23"}}, {"type": "Feature", "geometry": {"type": "Point", "coordinates": [105.55, 18.7601]}, "properties": {"country": "Vietnam", "cause": "Tropical cyclone", "date": "2005-09-18", "dead": "8"}}, {"type": "Feature", "geometry": {"type": "Point", "coordinates": [73.4733, 21.7139]}, "properties": {"country": "India", "cause": "Heavy rain", "date": "2005-09-22", "dead": "15"}}, {"type": "Feature", "geometry": {"type": "Point", "coordinates": [110.083, 19.2402]}, "properties": {"country": "China", "cause": "Tropical cyclone", "date": "2005-09-26", "dead": "104"}}, {"type": "Feature", "geometry": {"type": "Point", "coordinates": [80.5476, 29.2938]}, "properties": {"country": "Nepal", "cause": "Monsoonal rain", "date": "2005-09-25", "dead": "51"}}, {"type": "Feature", "geometry": {"type": "Point", "coordinates": [109.423, 32.8686]}, "properties": {"country": "China", "cause": "Heavy rain", "date": "2005-09-29", "dead": "2"}}, {"type": "Feature", "geometry": {"type": "Point", "coordinates": [119.21, 25.9561]}, "properties": {"country": "China", "cause": "Tropical cyclone", "date": "2005-10-02", "dead": "95"}}, {"type": "Feature", "geometry": {"type": "Point", "coordinates": [109.084, 34.5073]}, "properties": {"country": "China", "cause": "Heavy rain", "date": "2005-10-03", "dead": "16"}}, {"type": "Feature", "geometry": {"type": "Point", "coordinates": [88.977, 25.6406]}, "properties": {"country": "Bangladesh", "cause": "Heavy rain", "date": "2005-10-03", "dead": "19"}}, {"type": "Feature", "geometry": {"type": "Point", "coordinates": [106.82, 17.1257]}, "properties": {"country": "Vietnam", "cause": "Heavy rain", "date": "2005-10-07", "dead": "17"}}, {"type": "Feature", "geometry": {"type": "Point", "coordinates": [97.7538, 3.50517]}, "properties": {"country": "Indonesia", "cause": "Heavy rain", "date": "2005-10-18", "dead": "28"}}, {"type": "Feature", "geometry": {"type": "Point", "coordinates": [87.9347, 21.9409]}, "properties": {"country": "India", "cause": "Heavy rain", "date": "2005-10-21", "dead": "13"}}, {"type": "Feature", "geometry": {"type": "Point", "coordinates": [109.071, 12.7525]}, "properties": {"country": "Vietnam", "cause": "Heavy rain", "date": "2005-10-20", "dead": "67"}}, {"type": "Feature", "geometry": {"type": "Point", "coordinates": [78.7317, 11.7804]}, "properties": {"country": "India", "cause": "Monsoonal rain", "date": "2005-10-23", "dead": "279"}}, {"type": "Feature", "geometry": {"type": "Point", "coordinates": [108.217, 15.6484]}, "properties": {"country": "Vietnam", "cause": "Tropical cyclone", "date": "2005-11-02", "dead": "20"}}, {"type": "Feature", "geometry": {"type": "Point", "coordinates": [108.104, 15.5251]}, "properties": {"country": "Vietnam", "cause": "Heavy rain", "date": "2005-11-18", "dead": "5"}}, {"type": "Feature", "geometry": {"type": "Point", "coordinates": [79.9473, 7.90959]}, "properties": {"country": "Sri Lanka", "cause": "Heavy rain", "date": "2005-11-21", "dead": "6"}}, {"type": "Feature", "geometry": {"type": "Point", "coordinates": [100.124, 7.20467]}, "properties": {"country": "Thailand", "cause": "Monsoonal rain", "date": "2005-11-23", "dead": "69"}}, {"type": "Feature", "geometry": {"type": "Point", "coordinates": [108.583, 13.607]}, "properties": {"country": "Vietnam", "cause": "Heavy rain", "date": "2005-12-04", "dead": "62"}}, {"type": "Feature", "geometry": {"type": "Point", "coordinates": [119.171, 10.0917]}, "properties": {"country": "Phillipines", "cause": "Monsoonal rain", "date": "2005-12-05", "dead": "9"}}, {"type": "Feature", "geometry": {"type": "Point", "coordinates": [113.342, -8.02272]}, "properties": {"country": "Indonesia", "cause": "Monsoonal rain", "date": "2006-01-01", "dead": "125"}}, {"type": "Feature", "geometry": {"type": "Point", "coordinates": [108.215, -6.38134]}, "properties": {"country": "Indonesia", "cause": "Heavy rain", "date": "2006-01-08", "dead": "0"}}, {"type": "Feature", "geometry": {"type": "Point", "coordinates": [121.817, 17.0173]}, "properties": {"country": "Philippines", "cause": "Heavy rain", "date": "2006-01-26", "dead": "4"}}, {"type": "Feature", "geometry": {"type": "Point", "coordinates": [117.291, -8.44131]}, "properties": {"country": "Indonesia", "cause": "Monsoonal rain", "date": "2006-01-22", "dead": "11"}}, {"type": "Feature", "geometry": {"type": "Point", "coordinates": [108.593, -6.8528]}, "properties": {"country": "Indonesia", "cause": "Monsoonal rain", "date": "2006-01-26", "dead": "19"}}, {"type": "Feature", "geometry": {"type": "Point", "coordinates": [35.5811, 29.7338]}, "properties": {"country": "Saudi Arabia", "cause": "Heavy rain", "date": "2006-02-01", "dead": "6"}}, {"type": "Feature", "geometry": {"type": "Point", "coordinates": [102.23, -1.81545]}, "properties": {"country": "Indonesia", "cause": "Heavy rain", "date": "2006-02-07", "dead": "0"}}, {"type": "Feature", "geometry": {"type": "Point", "coordinates": [45.4859, 34.2105]}, "properties": {"country": "Iraq", "cause": "Heavy rain", "date": "2006-02-04", "dead": "0"}}, {"type": "Feature", "geometry": {"type": "Point", "coordinates": [102.536, 4.32621]}, "properties": {"country": "Malaysia", "cause": "Heavy rain", "date": "2006-02-10", "dead": "3"}}, {"type": "Feature", "geometry": {"type": "Point", "coordinates": [125.115, 8.15732]}, "properties": {"country": "Philippines", "cause": "Monsoonal rain", "date": "2006-02-10", "dead": "20"}}, {"type": "Feature", "geometry": {"type": "Point", "coordinates": [87.2118, 40.658]}, "properties": {"country": "China", "cause": "Snowmelt", "date": "2006-02-16", "dead": "0"}}, {"type": "Feature", "geometry": {"type": "Point", "coordinates": [44.1777, 14.5368]}, "properties": {"country": "Yemen", "cause": "Heavy rain", "date": "2006-02-20", "dead": "5"}}, {"type": "Feature", "geometry": {"type": "Point", "coordinates": [106.928, 17.0428]}, "properties": {"country": "Vietnam", "cause": "Heavy rain", "date": "2006-02-14", "dead": "0"}}, {"type": "Feature", "geometry": {"type": "Point", "coordinates": [124.664, 1.07274]}, "properties": {"country": "Indonesia", "cause": "Monsoonal rain", "date": "2006-02-13", "dead": "33"}}, {"type": "Feature", "geometry": {"type": "Point", "coordinates": [101.653, 3.11572]}, "properties": {"country": "Malaysia", "cause": "Brief torrential rain", "date": "2006-02-26", "dead": "0"}}, {"type": "Feature", "geometry": {"type": "Point", "coordinates": [125.565, 7.17194]}, "properties": {"country": "Philippines", "cause": "Heavy rain", "date": "2006-03-04", "dead": "1"}}, {"type": "Feature", "geometry": {"type": "Point", "coordinates": [35.0714, 32.2355]}, "properties": {"country": "Israel", "cause": "Brief torrential rain", "date": "2006-04-02", "dead": "5"}}, {"type": "Feature", "geometry": {"type": "Point", "coordinates": [43.8761, 15.0975]}, "properties": {"country": "Yemen", "cause": "Heavy rain", "date": "2006-04-03", "dead": "25"}}, {"type": "Feature", "geometry": {"type": "Point", "coordinates": [35.2306, 32.4776]}, "properties": {"country": "Israel", "cause": "Brief torrential rain", "date": "2006-04-05", "dead": "0"}}, {"type": "Feature", "geometry": {"type": "Point", "coordinates": [42.8313, 42.2677]}, "properties": {"country": "Georgia", "cause": "Dam/Levy, break or release", "date": "2006-04-15", "dead": "0"}}, {"type": "Feature", "geometry": {"type": "Point", "coordinates": [82.8115, 17.4335]}, "properties": {"country": "India", "cause": "Heavy rain", "date": "2006-04-15", "dead": "20"}}, {"type": "Feature", "geometry": {"type": "Point", "coordinates": [111.863, -7.83819]}, "properties": {"country": "Indonesia", "cause": "Heavy rain", "date": "2006-04-19", "dead": "23"}}, {"type": "Feature", "geometry": {"type": "Point", "coordinates": [102.15, 5.27337]}, "properties": {"country": "Malaysia", "cause": "Heavy rain", "date": "2006-04-20", "dead": "0"}}, {"type": "Feature", "geometry": {"type": "Point", "coordinates": [87.1438, 50.7752]}, "properties": {"country": "Russia", "cause": "Snowmelt", "date": "2006-04-21", "dead": "0"}}, {"type": "Feature", "geometry": {"type": "Point", "coordinates": [66.833, 35.6716]}, "properties": {"country": "Afghanistan", "cause": "Brief torrential rain", "date": "2006-04-29", "dead": "9"}}, {"type": "Feature", "geometry": {"type": "Point", "coordinates": [83.5293, 28.2515]}, "properties": {"country": "Nepal", "cause": "Heavy rain", "date": "2006-05-06", "dead": "7"}}, {"type": "Feature", "geometry": {"type": "Point", "coordinates": [47.8814, 38.6872]}, "properties": {"country": "Iran", "cause": "Heavy rain", "date": "2006-05-08", "dead": "14"}}, {"type": "Feature", "geometry": {"type": "Point", "coordinates": [106.58, 26.9221]}, "properties": {"country": "China", "cause": "Heavy rain", "date": "2006-04-21", "dead": "22"}}, {"type": "Feature", "geometry": {"type": "Point", "coordinates": [124.86, 11.2409]}, "properties": {"country": "Philippines", "cause": "Tropical Cyclone", "date": "2006-05-11", "dead": "41"}}, {"type": "Feature", "geometry": {"type": "Point", "coordinates": [118.77, 25.9707]}, "properties": {"country": "China", "cause": "Tropical Cyclone", "date": "2006-05-18", "dead": "23"}}, {"type": "Feature", "geometry": {"type": "Point", "coordinates": [65.5588, 34.5163]}, "properties": {"country": "Afghanistan", "cause": "Heavy rain", "date": "2006-05-19", "dead": "9"}}, {"type": "Feature", "geometry": {"type": "Point", "coordinates": [100.149, 18.181]}, "properties": {"country": "Thailand", "cause": "Monsoonal rain", "date": "2006-05-22", "dead": "79"}}, {"type": "Feature", "geometry": {"type": "Point", "coordinates": [112.9, 30.9231]}, "properties": {"country": "China", "cause": "Heavy rain", "date": "2006-05-24", "dead": "3"}}, {"type": "Feature", "geometry": {"type": "Point", "coordinates": [100.914, 15.1272]}, "properties": {"country": "Thailand", "cause": "Monsoonal rain", "date": "2006-05-31", "dead": "0"}}, {"type": "Feature", "geometry": {"type": "Point", "coordinates": [75.2343, 18.7332]}, "properties": {"country": "India", "cause": "Monsoonal rain", "date": "2006-05-31", "dead": "41"}}, {"type": "Feature", "geometry": {"type": "Point", "coordinates": [118.574, 26.7522]}, "properties": {"country": "China", "cause": "Monsoonal rain", "date": "2006-05-30", "dead": "57"}}, {"type": "Feature", "geometry": {"type": "Point", "coordinates": [76.0498, 10.5443]}, "properties": {"country": "India", "cause": "Monsoonal rain", "date": "2006-05-25", "dead": "32"}}, {"type": "Feature", "geometry": {"type": "Point", "coordinates": [94.0245, 26.5993]}, "properties": {"country": "India", "cause": "Monsoonal rain", "date": "2006-05-31", "dead": "21"}}, {"type": "Feature", "geometry": {"type": "Point", "coordinates": [114.578, 58.3325]}, "properties": {"country": "Russia", "cause": "Rain and snowmelt", "date": "2006-06-04", "dead": "0"}}, {"type": "Feature", "geometry": {"type": "Point", "coordinates": [111.38, 23.4205]}, "properties": {"country": "China", "cause": "Heavy rain", "date": "2006-06-08", "dead": "21"}}, {"type": "Feature", "geometry": {"type": "Point", "coordinates": [120.786, 24.0687]}, "properties": {"country": "Taiwan", "cause": "Heavy rain", "date": "2006-06-10", "dead": "1"}}, {"type": "Feature", "geometry": {"type": "Point", "coordinates": [106.512, 25.506]}, "properties": {"country": "China", "cause": "Heavy rain", "date": "2006-06-12", "dead": "52"}}, {"type": "Feature", "geometry": {"type": "Point", "coordinates": [112.754, 26.1963]}, "properties": {"country": "China", "cause": "Heavy rain", "date": "2006-06-13", "dead": "2"}}, {"type": "Feature", "geometry": {"type": "Point", "coordinates": [116.866, 24.7288]}, "properties": {"country": "China", "cause": "Heavy rain", "date": "2006-06-17", "dead": "2"}}, {"type": "Feature", "geometry": {"type": "Point", "coordinates": [120.107, -5.16666]}, "properties": {"country": "Indonesia", "cause": "Heavy rain", "date": "2006-06-19", "dead": "291"}}, {"type": "Feature", "geometry": {"type": "Point", "coordinates": [123.009, 0.54501]}, "properties": {"country": "Indonesia", "cause": "Heavy rain", "date": "2006-06-23", "dead": "0"}}, {"type": "Feature", "geometry": {"type": "Point", "coordinates": [83.6713, 25.6151]}, "properties": {"country": "India", "cause": "Monsoonal rain", "date": "2006-06-24", "dead": "160"}}, {"type": "Feature", "geometry": {"type": "Point", "coordinates": [115.49, -3.28577]}, "properties": {"country": "Indonesia", "cause": "Heavy rain", "date": "2006-06-25", "dead": "26"}}, {"type": "Feature", "geometry": {"type": "Point", "coordinates": [111.06, 27.0606]}, "properties": {"country": "China", "cause": "Heavy rain", "date": "2006-06-25", "dead": "25"}}, {"type": "Feature", "geometry": {"type": "Point", "coordinates": [108.449, 26.0133]}, "properties": {"country": "China", "cause": "Heavy rain", "date": "2006-06-25", "dead": "4"}}, {"type": "Feature", "geometry": {"type": "Point", "coordinates": [105.73, 28.4708]}, "properties": {"country": "China", "cause": "Heavy rain", "date": "2006-06-28", "dead": "50"}}, {"type": "Feature", "geometry": {"type": "Point", "coordinates": [117.034, 34.0401]}, "properties": {"country": "China", "cause": "Heavy rain", "date": "2006-06-28", "dead": "30"}}, {"type": "Feature", "geometry": {"type": "Point", "coordinates": [120.959, 40.7049]}, "properties": {"country": "China", "cause": "Heavy rain", "date": "2006-06-30", "dead": "8"}}, {"type": "Feature", "geometry": {"type": "Point", "coordinates": [41.097, 39.738]}, "properties": {"country": "Turkey", "cause": "Heavy rain", "date": "2006-07-01", "dead": "9"}}, {"type": "Feature", "geometry": {"type": "Point", "coordinates": [83.7675, 43.3175]}, "properties": {"country": "China", "cause": "Heavy rain", "date": "2006-07-02", "dead": "20"}}, {"type": "Feature", "geometry": {"type": "Point", "coordinates": [69.1265, 35.9525]}, "properties": {"country": "Afghanistan", "cause": "Heavy rain", "date": "2006-07-03", "dead": "7"}}, {"type": "Feature", "geometry": {"type": "Point", "coordinates": [72.6179, 35.3523]}, "properties": {"country": "Pakistan", "cause": "Heavy rain", "date": "2006-07-03", "dead": "22"}}, {"type": "Feature", "geometry": {"type": "Point", "coordinates": [83.6477, 19.1719]}, "properties": {"country": "India", "cause": "Monsoonal rain", "date": "2006-07-03", "dead": "33"}}, {"type": "Feature", "geometry": {"type": "Point", "coordinates": [72.8816, 19.1028]}, "properties": {"country": "India", "cause": "Monsoonal rain", "date": "2006-07-03", "dead": "9"}}, {"type": "Feature", "geometry": {"type": "Point", "coordinates": [71.3097, 22.4114]}, "properties": {"country": "India", "cause": "Heavy rain", "date": "2006-07-04", "dead": "24"}}, {"type": "Feature", "geometry": {"type": "Point", "coordinates": [99.1252, 39.4326]}, "properties": {"country": "China", "cause": "Heavy rain", "date": "2006-07-06", "dead": "24"}}, {"type": "Feature", "geometry": {"type": "Point", "coordinates": [103.53, 11.432]}, "properties": {"country": "Cambodia", "cause": "Monsoonal rain", "date": "2006-07-06", "dead": "0"}}, {"type": "Feature", "geometry": {"type": "Point", "coordinates": [109.4, 22.3477]}, "properties": {"country": "China", "cause": "Monsoonal rain", "date": "2006-07-07", "dead": "8"}}, {"type": "Feature", "geometry": {"type": "Point", "coordinates": [105.326, 22.7127]}, "properties": {"country": "Vietnam", "cause": "Heavy rain", "date": "2006-07-09", "dead": "4"}}, {"type": "Feature", "geometry": {"type": "Point", "coordinates": [69.9486, 33.0562]}, "properties": {"country": "Pakistan", "cause": "Heavy rain", "date": "2006-07-09", "dead": "23"}}, {"type": "Feature", "geometry": {"type": "Point", "coordinates": [74.1578, 35.2679]}, "properties": {"country": "Pakistan", "cause": "Heavy rain", "date": "2006-07-11", "dead": "4"}}, {"type": "Feature", "geometry": {"type": "Point", "coordinates": [128.901, 47.7334]}, "properties": {"country": "China", "cause": "Heavy rain", "date": "2006-07-11", "dead": "0"}}, {"type": "Feature", "geometry": {"type": "Point", "coordinates": [112.108, 24.0035]}, "properties": {"country": "Philippines", "cause": "Tropical Cyclone", "date": "2006-07-11", "dead": "629"}}, {"type": "Feature", "geometry": {"type": "Point", "coordinates": [127.17, 37.5631]}, "properties": {"country": "South Korea", "cause": "Monsoonal rain", "date": "2006-07-12", "dead": "575"}}, {"type": "Feature", "geometry": {"type": "Point", "coordinates": [106.525, 50.7912]}, "properties": {"country": "Russia", "cause": "Heavy rain", "date": "2006-07-12", "dead": "0"}}, {"type": "Feature", "geometry": {"type": "Point", "coordinates": [106.588, 39.0355]}, "properties": {"country": "China", "cause": "Monsoonal rain", "date": "2006-07-14", "dead": "1"}}, {"type": "Feature", "geometry": {"type": "Point", "coordinates": [136.218, 35.3403]}, "properties": {"country": "Japan", "cause": "Heavy rain", "date": "2006-07-19", "dead": "24"}}, {"type": "Feature", "geometry": {"type": "Point", "coordinates": [102.175, 24.6625]}, "properties": {"country": "China", "cause": "Heavy rain", "date": "2006-07-20", "dead": "18"}}, {"type": "Feature", "geometry": {"type": "Point", "coordinates": [130.989, 31.539]}, "properties": {"country": "Japan", "cause": "Heavy rain", "date": "2006-07-22", "dead": "4"}}, {"type": "Feature", "geometry": {"type": "Point", "coordinates": [73.1998, 34.6098]}, "properties": {"country": "Pakistan", "cause": "Monsoonal rain", "date": "2006-07-24", "dead": "248"}}, {"type": "Feature", "geometry": {"type": "Point", "coordinates": [117.284, 26.394]}, "properties": {"country": "Philippines", "cause": "Tropical Cyclone", "date": "2006-07-24", "dead": "36"}}, {"type": "Feature", "geometry": {"type": "Point", "coordinates": [73.8242, 20.1943]}, "properties": {"country": "India", "cause": "Monsoonal rain", "date": "2006-07-28", "dead": "457"}}, {"type": "Feature", "geometry": {"type": "Point", "coordinates": [69.7467, 34.0789]}, "properties": {"country": "Afghanistan", "cause": "Heavy rain", "date": "2006-07-30", "dead": "35"}}, {"type": "Feature", "geometry": {"type": "Point", "coordinates": [120.74, 15.862]}, "properties": {"country": "Philippines", "cause": "Tropical Cyclone", "date": "2006-07-30", "dead": "8"}}, {"type": "Feature", "geometry": {"type": "Point", "coordinates": [67.1218, 25.0278]}, "properties": {"country": "Pakistan", "cause": "Monsoonal rain", "date": "2006-08-01", "dead": "12"}}, {"type": "Feature", "geometry": {"type": "Point", "coordinates": [81.5288, 18.1046]}, "properties": {"country": "India", "cause": "Monsoonal rain", "date": "2006-08-01", "dead": "185"}}, {"type": "Feature", "geometry": {"type": "Point", "coordinates": [110.113, 21.1117]}, "properties": {"country": "Philippines", "cause": "Tropical Cyclone", "date": "2006-08-02", "dead": "87"}}, {"type": "Feature", "geometry": {"type": "Point", "coordinates": [118.558, 26.2746]}, "properties": {"country": "China", "cause": "Tropical Cyclone", "date": "2006-08-09", "dead": "441"}}, {"type": "Feature", "geometry": {"type": "Point", "coordinates": [106.149, 17.7642]}, "properties": {"country": "Vietnam", "cause": "Heavy rain", "date": "2006-08-12", "dead": "42"}}, {"type": "Feature", "geometry": {"type": "Point", "coordinates": [104.675, 11.0618]}, "properties": {"country": "Cambodia", "cause": "Monsoonal rain", "date": "2006-08-10", "dead": "68"}}, {"type": "Feature", "geometry": {"type": "Point", "coordinates": [100.017, 18.7645]}, "properties": {"country": "Thailand", "cause": "Monsoonal rain", "date": "2006-08-20", "dead": "195"}}, {"type": "Feature", "geometry": {"type": "Point", "coordinates": [81.306, 28.6941]}, "properties": {"country": "Nepal", "cause": "Monsoonal rain", "date": "2006-08-26", "dead": "60"}}, {"type": "Feature", "geometry": {"type": "Point", "coordinates": [81.5174, 27.5853]}, "properties": {"country": "India", "cause": "Monsoonal rain", "date": "2006-08-29", "dead": "42"}}, {"type": "Feature", "geometry": {"type": "Point", "coordinates": [102.682, 34.6955]}, "properties": {"country": "China", "cause": "Brief torrential rain", "date": "2006-08-30", "dead": "15"}}, {"type": "Feature", "geometry": {"type": "Point", "coordinates": [73.8842, 32.8864]}, "properties": {"country": "India", "cause": "Monsoonal rain", "date": "2006-08-31", "dead": "39"}}, {"type": "Feature", "geometry": {"type": "Point", "coordinates": [89.2727, 23.2295]}, "properties": {"country": "Bangladesh", "cause": "Monsoonal rain", "date": "2006-08-24", "dead": "0"}}, {"type": "Feature", "geometry": {"type": "Point", "coordinates": [108.108, 11.8653]}, "properties": {"country": "Vietnam", "cause": "Heavy rain", "date": "2006-09-17", "dead": "4"}}, {"type": "Feature", "geometry": {"type": "Point", "coordinates": [83.7466, 19.73]}, "properties": {"country": "India", "cause": "Monsoonal rain", "date": "2006-09-18", "dead": "250"}}, {"type": "Feature", "geometry": {"type": "Point", "coordinates": [85.9437, 27.2573]}, "properties": {"country": "Nepal", "cause": "Monsoonal rain", "date": "2006-09-25", "dead": "4"}}, {"type": "Feature", "geometry": {"type": "Point", "coordinates": [107.206, 16.6788]}, "properties": {"country": "Philippines", "cause": "Heavy rain", "date": "2006-09-27", "dead": "260"}}, {"type": "Feature", "geometry": {"type": "Point", "coordinates": [102.644, 23.3406]}, "properties": {"country": "China", "cause": "Heavy rain", "date": "2006-10-06", "dead": "16"}}, {"type": "Feature", "geometry": {"type": "Point", "coordinates": [103.609, 16.1377]}, "properties": {"country": "Thailand", "cause": "Monsoonal rain", "date": "2006-10-10", "dead": "0"}}, {"type": "Feature", "geometry": {"type": "Point", "coordinates": [100.514, 5.77177]}, "properties": {"country": "Malaysia", "cause": "Heavy rain", "date": "2006-10-20", "dead": "1"}}, {"type": "Feature", "geometry": {"type": "Point", "coordinates": [125.834, 7.61046]}, "properties": {"country": "Philippines", "cause": "Heavy rain", "date": "2006-10-21", "dead": "1"}}, {"type": "Feature", "geometry": {"type": "Point", "coordinates": [80.0313, 7.32364]}, "properties": {"country": "Sri Lanka", "cause": "Monsoonal rain", "date": "2006-10-26", "dead": "52"}}, {"type": "Feature", "geometry": {"type": "Point", "coordinates": [79.9324, 14.1349]}, "properties": {"country": "India", "cause": "Monsoonal rain", "date": "2006-10-26", "dead": "47"}}, {"type": "Feature", "geometry": {"type": "Point", "coordinates": [39.6462, 37.643]}, "properties": {"country": "Turkey", "cause": "Heavy rain", "date": "2006-10-27", "dead": "46"}}, {"type": "Feature", "geometry": {"type": "Point", "coordinates": [121.805, 17.262]}, "properties": {"country": "Philippines", "cause": "Heavy rain", "date": "2006-10-30", "dead": "19"}}, {"type": "Feature", "geometry": {"type": "Point", "coordinates": [44.8108, 36.2336]}, "properties": {"country": "Iraq", "cause": "Heavy rain", "date": "2006-11-05", "dead": "20"}}, {"type": "Feature", "geometry": {"type": "Point", "coordinates": [70.7909, 34.2199]}, "properties": {"country": "Afghanistan", "cause": "Heavy rain", "date": "2006-11-10", "dead": "9"}}, {"type": "Feature", "geometry": {"type": "Point", "coordinates": [63.544, 35.6213]}, "properties": {"country": "Afghanistan", "cause": "Heavy rain", "date": "2006-11-16", "dead": "66"}}, {"type": "Feature", "geometry": {"type": "Point", "coordinates": [66.1253, 32.7423]}, "properties": {"country": "Afghanistan", "cause": "Heavy rain", "date": "2006-11-19", "dead": "50"}}, {"type": "Feature", "geometry": {"type": "Point", "coordinates": [63.8569, 33.1462]}, "properties": {"country": "Afghanistan", "cause": "Heavy rain", "date": "2006-11-19", "dead": "18"}}, {"type": "Feature", "geometry": {"type": "Point", "coordinates": [106.736, 10.3297]}, "properties": {"country": "Philippines", "cause": "Heavy rain", "date": "2006-11-30", "dead": "526"}}, {"type": "Feature", "geometry": {"type": "Point", "coordinates": [66.5167, 28.0363]}, "properties": {"country": "Pakistan", "cause": "Heavy rain", "date": "2006-12-04", "dead": "5"}}, {"type": "Feature", "geometry": {"type": "Point", "coordinates": [81.6623, 6.84455]}, "properties": {"country": "Sri Lanka", "cause": "Heavy rain", "date": "2006-12-17", "dead": "0"}}, {"type": "Feature", "geometry": {"type": "Point", "coordinates": [103.223, 1.87378]}, "properties": {"country": "Malaysia", "cause": "Heavy rain", "date": "2006-12-19", "dead": "16"}}, {"type": "Feature", "geometry": {"type": "Point", "coordinates": [97.5048, 4.47458]}, "properties": {"country": "Indonesia", "cause": "Heavy rain", "date": "2006-12-22", "dead": "193"}}, {"type": "Feature", "geometry": {"type": "Point", "coordinates": [124.771, 12.4447]}, "properties": {"country": "Philippines", "cause": "Heavy rain", "date": "2006-12-29", "dead": "12"}}, {"type": "Feature", "geometry": {"type": "Point", "coordinates": [43.8761, 15.0975]}, "properties": {"country": "Yemen", "cause": "Heavy rain", "date": "2007-01-01", "dead": "7"}}, {"type": "Feature", "geometry": {"type": "Point", "coordinates": [115.907, 4.96798]}, "properties": {"country": "Malaysia", "cause": "Monsoonal rain", "date": "2007-01-04", "dead": "1"}}, {"type": "Feature", "geometry": {"type": "Point", "coordinates": [125.217, 7.71183]}, "properties": {"country": "Philippines", "cause": "Heavy rain", "date": "2007-01-10", "dead": "6"}}, {"type": "Feature", "geometry": {"type": "Point", "coordinates": [125.54, 3.55746]}, "properties": {"country": "Indonesia", "cause": "Monsoonal rain", "date": "2007-01-12", "dead": "26"}}, {"type": "Feature", "geometry": {"type": "Point", "coordinates": [80.9466, 6.70613]}, "properties": {"country": "Sri Lanka", "cause": "Monsoonal rain", "date": "2007-01-12", "dead": "18"}}, {"type": "Feature", "geometry": {"type": "Point", "coordinates": [103.368, 2.19171]}, "properties": {"country": "Malaysia", "cause": "Monsoonal rain", "date": "2007-01-11", "dead": "2"}}, {"type": "Feature", "geometry": {"type": "Point", "coordinates": [106.828, -6.22483]}, "properties": {"country": "Indonesia", "cause": "Heavy rain", "date": "2007-01-31", "dead": "80"}}, {"type": "Feature", "geometry": {"type": "Point", "coordinates": [120.757, -8.56674]}, "properties": {"country": "Indonesia", "cause": "Heavy rain", "date": "2007-03-01", "dead": "43"}}, {"type": "Feature", "geometry": {"type": "Point", "coordinates": [64.8947, 33.2456]}, "properties": {"country": "Afghanistan", "cause": "Heavy rain", "date": "2007-03-18", "dead": "104"}}, {"type": "Feature", "geometry": {"type": "Point", "coordinates": [124.71, -9.53717]}, "properties": {"country": "Indonesia", "cause": "Heavy rain", "date": "2007-03-17", "dead": "0"}}, {"type": "Feature", "geometry": {"type": "Point", "coordinates": [74.2156, 33.4819]}, "properties": {"country": "India", "cause": "Heavy rain", "date": "2007-03-20", "dead": "12"}}, {"type": "Feature", "geometry": {"type": "Point", "coordinates": [49.1341, 16.5723]}, "properties": {"country": "Yemen", "cause": "Heavy rain", "date": "2007-03-23", "dead": "36"}}, {"type": "Feature", "geometry": {"type": "Point", "coordinates": [99.6461, 7.44412]}, "properties": {"country": "Thailand", "cause": "Heavy rain", "date": "2007-04-14", "dead": "38"}}, {"type": "Feature", "geometry": {"type": "Point", "coordinates": [117.444, -8.57837]}, "properties": {"country": "Indonesia", "cause": "Heavy rain", "date": "2007-04-14", "dead": "0"}}, {"type": "Feature", "geometry": {"type": "Point", "coordinates": [121.217, -1.92539]}, "properties": {"country": "Indonesia", "cause": "Heavy rain", "date": "2007-04-16", "dead": "0"}}, {"type": "Feature", "geometry": {"type": "Point", "coordinates": [69.4597, 39.3482]}, "properties": {"country": "Tajikistan", "cause": "Heavy rain", "date": "2007-04-16", "dead": "2"}}, {"type": "Feature", "geometry": {"type": "Point", "coordinates": [69.6682, 35.2702]}, "properties": {"country": "Afghanistan", "cause": "Heavy rain", "date": "2007-04-17", "dead": "6"}}, {"type": "Feature", "geometry": {"type": "Point", "coordinates": [95.7374, 4.72513]}, "properties": {"country": "Indonesia", "cause": "Heavy rain", "date": "2007-04-17", "dead": "0"}}, {"type": "Feature", "geometry": {"type": "Point", "coordinates": [73.8298, 40.6305]}, "properties": {"country": "Kyrgyzstan", "cause": "Heavy rain", "date": "2007-04-17", "dead": "0"}}, {"type": "Feature", "geometry": {"type": "Point", "coordinates": [99.8018, 39.3328]}, "properties": {"country": "China", "cause": "Dam/Levy, break or release", "date": "2007-04-19", "dead": "0"}}, {"type": "Feature", "geometry": {"type": "Point", "coordinates": [70.7315, 37.0063]}, "properties": {"country": "Afghanistan", "cause": "Heavy rain", "date": "2007-04-23", "dead": "36"}}, {"type": "Feature", "geometry": {"type": "Point", "coordinates": [42.052, 37.3217]}, "properties": {"country": "Turkey", "cause": "Heavy rain", "date": "2007-04-29", "dead": "2"}}, {"type": "Feature", "geometry": {"type": "Point", "coordinates": [38.3904, 34.5237]}, "properties": {"country": "Syria", "cause": "Heavy rain", "date": "2007-04-29", "dead": "3"}}, {"type": "Feature", "geometry": {"type": "Point", "coordinates": [114.779, -0.860079]}, "properties": {"country": "Indonesia", "cause": "Heavy rain", "date": "2007-05-01", "dead": "0"}}, {"type": "Feature", "geometry": {"type": "Point", "coordinates": [99.6143, 11.6526]}, "properties": {"country": "Thailand", "cause": "Heavy rain", "date": "2007-05-01", "dead": "1"}}, {"type": "Feature", "geometry": {"type": "Point", "coordinates": [80.0822, 6.49467]}, "properties": {"country": "Sri Lanka", "cause": "Heavy rain", "date": "2007-05-02", "dead": "16"}}, {"type": "Feature", "geometry": {"type": "Point", "coordinates": [68.8518, 36.2949]}, "properties": {"country": "Afghanistan", "cause": "Heavy rain", "date": "2007-05-05", "dead": "12"}}, {"type": "Feature", "geometry": {"type": "Point", "coordinates": [119.954, -1.07453]}, "properties": {"country": "Indonesia", "cause": "Heavy rain", "date": "2007-05-06", "dead": "2"}}, {"type": "Feature", "geometry": {"type": "Point", "coordinates": [100.339, 17.2115]}, "properties": {"country": "Thailand", "cause": "Heavy rain", "date": "2007-05-11", "dead": "0"}}, {"type": "Feature", "geometry": {"type": "Point", "coordinates": [35.4045, 31.7119]}, "properties": {"country": "Israel", "cause": "Heavy rain", "date": "2007-05-12", "dead": "4"}}, {"type": "Feature", "geometry": {"type": "Point", "coordinates": [130.459, 62.3364]}, "properties": {"country": "Russia", "cause": "Snowmelt", "date": "2007-05-13", "dead": "0"}}, {"type": "Feature", "geometry": {"type": "Point", "coordinates": [85.8394, 56.9372]}, "properties": {"country": "Russia", "cause": "Snowmelt", "date": "2007-05-11", "dead": "0"}}, {"type": "Feature", "geometry": {"type": "Point", "coordinates": [70.6001, 36.5247]}, "properties": {"country": "Afghanistan", "cause": "Heavy rain", "date": "2007-05-14", "dead": "34"}}, {"type": "Feature", "geometry": {"type": "Point", "coordinates": [105.414, 26.8709]}, "properties": {"country": "China", "cause": "Heavy rain", "date": "2007-05-20", "dead": "3"}}, {"type": "Feature", "geometry": {"type": "Point", "coordinates": [116.92, -0.1883]}, "properties": {"country": "Indonesia", "cause": "Heavy rain", "date": "2007-05-15", "dead": "4"}}, {"type": "Feature", "geometry": {"type": "Point", "coordinates": [107.778, 30.2821]}, "properties": {"country": "China", "cause": "Heavy rain", "date": "2007-05-24", "dead": "43"}}, {"type": "Feature", "geometry": {"type": "Point", "coordinates": [43.8014, 39.4015]}, "properties": {"country": "Turkey", "cause": "Heavy rain", "date": "2007-05-27", "dead": "13"}}, {"type": "Feature", "geometry": {"type": "Point", "coordinates": [116.143, 27.1976]}, "properties": {"country": "China", "cause": "Heavy rain", "date": "2007-06-01", "dead": "0"}}, {"type": "Feature", "geometry": {"type": "Point", "coordinates": [57.933, 28.5367]}, "properties": {"country": "Oman", "cause": "Tropical cyclone", "date": "2007-06-06", "dead": "61"}}, {"type": "Feature", "geometry": {"type": "Point", "coordinates": [112.355, 26.2928]}, "properties": {"country": "China", "cause": "Heavy rain", "date": "2007-06-06", "dead": "600"}}, {"type": "Feature", "geometry": {"type": "Point", "coordinates": [91.9535, 22.3975]}, "properties": {"country": "Bangladesh", "cause": "Monsoonal rain", "date": "2007-06-11", "dead": "126"}}, {"type": "Feature", "geometry": {"type": "Point", "coordinates": [85.8627, 26.9485]}, "properties": {"country": "Nepal", "cause": "Monsoonal rain", "date": "2007-06-15", "dead": "0"}}, {"type": "Feature", "geometry": {"type": "Point", "coordinates": [72.2258, 34.9758]}, "properties": {"country": "Pakistan", "cause": "Brief torrential rain", "date": "2007-06-16", "dead": "22"}}, {"type": "Feature", "geometry": {"type": "Point", "coordinates": [123.096, 0.617594]}, "properties": {"country": "Indonesia", "cause": "Heavy rain", "date": "2007-06-16", "dead": "1"}}, {"type": "Feature", "geometry": {"type": "Point", "coordinates": [94.0189, 26.2558]}, "properties": {"country": "India", "cause": "Monsoonal rain", "date": "2007-06-18", "dead": "15"}}, {"type": "Feature", "geometry": {"type": "Point", "coordinates": [78.1615, 14.945]}, "properties": {"country": "India", "cause": "Monsoonal rain", "date": "2007-06-22", "dead": "127"}}, {"type": "Feature", "geometry": {"type": "Point", "coordinates": [67.1351, 24.9939]}, "properties": {"country": "Pakistan", "cause": "Monsoonal rain", "date": "2007-06-23", "dead": "230"}}, {"type": "Feature", "geometry": {"type": "Point", "coordinates": [71.1407, 35.2782]}, "properties": {"country": "Afghanistan", "cause": "Heavy rain", "date": "2007-06-24", "dead": "113"}}, {"type": "Feature", "geometry": {"type": "Point", "coordinates": [67.9025, 25.2563]}, "properties": {"country": "Pakistan", "cause": "Tropical cyclone", "date": "2007-06-26", "dead": "280"}}, {"type": "Feature", "geometry": {"type": "Point", "coordinates": [52.2019, 33.7535]}, "properties": {"country": "Iran", "cause": "Brief torrential rain", "date": "2007-06-27", "dead": "12"}}, {"type": "Feature", "geometry": {"type": "Point", "coordinates": [71.8699, 34.2749]}, "properties": {"country": "Pakistan", "cause": "Heavy rain", "date": "2007-06-28", "dead": "130"}}, {"type": "Feature", "geometry": {"type": "Point", "coordinates": [107.174, 21.2401]}, "properties": {"country": "Vietnam", "cause": "Heavy rain", "date": "2007-06-30", "dead": "3"}}, {"type": "Feature", "geometry": {"type": "Point", "coordinates": [81.8601, 20.0539]}, "properties": {"country": "India", "cause": "Monsoonal rain", "date": "2007-06-30", "dead": "29"}}, {"type": "Feature", "geometry": {"type": "Point", "coordinates": [77.5237, 21.0263]}, "properties": {"country": "India", "cause": "Monsoonal rain", "date": "2007-07-01", "dead": "62"}}, {"type": "Feature", "geometry": {"type": "Point", "coordinates": [72.2495, 22.0231]}, "properties": {"country": "India", "cause": "Monsoonal rain", "date": "2007-07-01", "dead": "225"}}, {"type": "Feature", "geometry": {"type": "Point", "coordinates": [88.4871, 22.6315]}, "properties": {"country": "India", "cause": "Monsoonal rain", "date": "2007-07-03", "dead": "958"}}, {"type": "Feature", "geometry": {"type": "Point", "coordinates": [130.729, 32.8583]}, "properties": {"country": "Japan", "cause": "Heavy rain", "date": "2007-07-04", "dead": "2"}}, {"type": "Feature", "geometry": {"type": "Point", "coordinates": [95.263, 27.5773]}, "properties": {"country": "India", "cause": "Monsoonal rain", "date": "2007-07-12", "dead": "96"}}, {"type": "Feature", "geometry": {"type": "Point", "coordinates": [130.895, 31.6866]}, "properties": {"country": "Japan", "cause": "Tropical cyclone", "date": "2007-07-13", "dead": "5"}}, {"type": "Feature", "geometry": {"type": "Point", "coordinates": [66.1314, 34.5303]}, "properties": {"country": "Afghanistan", "cause": "Heavy rain", "date": "2007-07-15", "dead": "9"}}, {"type": "Feature", "geometry": {"type": "Point", "coordinates": [76.3115, 10.3906]}, "properties": {"country": "India", "cause": "Monsoonal rain", "date": "2007-07-16", "dead": "44"}}, {"type": "Feature", "geometry": {"type": "Point", "coordinates": [88.212, 43.0901]}, "properties": {"country": "China", "cause": "Heavy rain", "date": "2007-07-14", "dead": "29"}}, {"type": "Feature", "geometry": {"type": "Point", "coordinates": [119.228, 36.6842]}, "properties": {"country": "China", "cause": "Heavy rain", "date": "2007-07-18", "dead": "40"}}, {"type": "Feature", "geometry": {"type": "Point", "coordinates": [100.164, 24.0984]}, "properties": {"country": "China", "cause": "Heavy rain", "date": "2007-07-18", "dead": "170"}}, {"type": "Feature", "geometry": {"type": "Point", "coordinates": [121.488, -1.73966]}, "properties": {"country": "Indonesia", "cause": "Heavy rain", "date": "2007-07-17", "dead": "107"}}, {"type": "Feature", "geometry": {"type": "Point", "coordinates": [91.2336, 23.9164]}, "properties": {"country": "Bangladesh", "cause": "Monsoonal rain", "date": "2007-07-21", "dead": "1071"}}, {"type": "Feature", "geometry": {"type": "Point", "coordinates": [70.4416, 40.7481]}, "properties": {"country": "Tajikistan", "cause": "Heavy rain", "date": "2007-07-22", "dead": "11"}}, {"type": "Feature", "geometry": {"type": "Point", "coordinates": [97.5139, 2.9614]}, "properties": {"country": "Indonesia", "cause": "Heavy rain", "date": "2007-07-22", "dead": "0"}}, {"type": "Feature", "geometry": {"type": "Point", "coordinates": [120.198, -3.27954]}, "properties": {"country": "Indonesia", "cause": "Heavy rain", "date": "2007-07-25", "dead": "15"}}, {"type": "Feature", "geometry": {"type": "Point", "coordinates": [127.277, 54.005]}, "properties": {"country": "Russia", "cause": "Dam/Levy, break or release", "date": "2007-07-17", "dead": "0"}}, {"type": "Feature", "geometry": {"type": "Point", "coordinates": [84.0801, 27.7772]}, "properties": {"country": "Nepal", "cause": "Monsoonal rain", "date": "2007-07-23", "dead": "185"}}, {"type": "Feature", "geometry": {"type": "Point", "coordinates": [108.198, 12.3429]}, "properties": {"country": "Vietnam", "cause": "Heavy rain", "date": "2007-08-03", "dead": "74"}}, {"type": "Feature", "geometry": {"type": "Point", "coordinates": [86.1978, 20.4525]}, "properties": {"country": "India", "cause": "Monsoonal rain", "date": "2007-08-03", "dead": "15"}}, {"type": "Feature", "geometry": {"type": "Point", "coordinates": [128.141, -0.641493]}, "properties": {"country": "Indonesia", "cause": "Heavy rain", "date": "2007-07-28", "dead": "0"}}, {"type": "Feature", "geometry": {"type": "Point", "coordinates": [126.605, 38.5299]}, "properties": {"country": "North Korea", "cause": "Heavy rain", "date": "2007-08-08", "dead": "454"}}, {"type": "Feature", "geometry": {"type": "Point", "coordinates": [70.925, 22.6824]}, "properties": {"country": "India", "cause": "Monsoonal rain", "date": "2007-08-08", "dead": "12"}}, {"type": "Feature", "geometry": {"type": "Point", "coordinates": [118.719, 36.3693]}, "properties": {"country": "China", "cause": "Heavy rain", "date": "2007-08-09", "dead": "26"}}, {"type": "Feature", "geometry": {"type": "Point", "coordinates": [68.8257, 26.0192]}, "properties": {"country": "Pakistan", "cause": "Monsoonal rain", "date": "2007-08-10", "dead": "35"}}, {"type": "Feature", "geometry": {"type": "Point", "coordinates": [76.5268, 31.2388]}, "properties": {"country": "India", "cause": "Monsoonal rain", "date": "2007-08-12", "dead": "76"}}, {"type": "Feature", "geometry": {"type": "Point", "coordinates": [74.3382, 35.9513]}, "properties": {"country": "Pakistan", "cause": "Heavy rain", "date": "2007-08-12", "dead": "22"}}, {"type": "Feature", "geometry": {"type": "Point", "coordinates": [105.882, 13.2799]}, "properties": {"country": "Cambodia", "cause": "Monsoonal rain", "date": "2007-08-10", "dead": "2"}}, {"type": "Feature", "geometry": {"type": "Point", "coordinates": [119.914, 27.0039]}, "properties": {"country": "Philippines", "cause": "Tropical cyclone", "date": "2007-08-17", "dead": "42"}}, {"type": "Feature", "geometry": {"type": "Point", "coordinates": [98.9818, 8.93605]}, "properties": {"country": "Thailand", "cause": "Heavy rain", "date": "2007-08-20", "dead": "0"}}, {"type": "Feature", "geometry": {"type": "Point", "coordinates": [45.7277, 15.0794]}, "properties": {"country": "Yemen", "cause": "Heavy rain", "date": "2007-08-01", "dead": "50"}}, {"type": "Feature", "geometry": {"type": "Point", "coordinates": [104.066, 27.719]}, "properties": {"country": "China", "cause": "Heavy rain", "date": "2007-08-22", "dead": "17"}}, {"type": "Feature", "geometry": {"type": "Point", "coordinates": [108.872, 32.7825]}, "properties": {"country": "China", "cause": "Heavy rain", "date": "2007-08-31", "dead": "7"}}, {"type": "Feature", "geometry": {"type": "Point", "coordinates": [116.716, -1.07634]}, "properties": {"country": "Indonesia", "cause": "Heavy rain", "date": "2007-09-02", "dead": "4"}}, {"type": "Feature", "geometry": {"type": "Point", "coordinates": [126.721, 33.3986]}, "properties": {"country": "South Korea", "cause": "Heavy rain", "date": "2007-09-04", "dead": "3"}}, {"type": "Feature", "geometry": {"type": "Point", "coordinates": [102.48, 16.8198]}, "properties": {"country": "Thailand", "cause": "Monsoonal rain", "date": "2007-09-05", "dead": "10"}}, {"type": "Feature", "geometry": {"type": "Point", "coordinates": [126.588, 34.7781]}, "properties": {"country": "South Korea", "cause": "Tropical cyclone", "date": "2007-09-16", "dead": "13"}}, {"type": "Feature", "geometry": {"type": "Point", "coordinates": [79.878, 15.7067]}, "properties": {"country": "India", "cause": "Monsoonal rain", "date": "2007-09-16", "dead": "94"}}, {"type": "Feature", "geometry": {"type": "Point", "coordinates": [125.835, 38.5657]}, "properties": {"country": "Japan", "cause": "Tropical cyclone", "date": "2007-09-17", "dead": "4"}}, {"type": "Feature", "geometry": {"type": "Point", "coordinates": [86.4033, 20.9096]}, "properties": {"country": "India", "cause": "Heavy rain", "date": "2007-09-22", "dead": "80"}}, {"type": "Feature", "geometry": {"type": "Point", "coordinates": [106.903, 17.0656]}, "properties": {"country": "Vietnam", "cause": "Tropical cyclone", "date": "2007-09-29", "dead": "96"}}, {"type": "Feature", "geometry": {"type": "Point", "coordinates": [121.016, 23.7557]}, "properties": {"country": "Taiwan", "cause": "Tropical cyclone", "date": "2007-10-06", "dead": "18"}}, {"type": "Feature", "geometry": {"type": "Point", "coordinates": [107.78, 15.8682]}, "properties": {"country": "Vietnam", "cause": "Heavy rain", "date": "2007-10-14", "dead": "15"}}, {"type": "Feature", "geometry": {"type": "Point", "coordinates": [93.9705, 24.7214]}, "properties": {"country": "India", "cause": "Heavy rain", "date": "2007-10-17", "dead": "2"}}, {"type": "Feature", "geometry": {"type": "Point", "coordinates": [97.2224, 3.51752]}, "properties": {"country": "Indonesia", "cause": "Heavy rain", "date": "2007-10-18", "dead": "0"}}, {"type": "Feature", "geometry": {"type": "Point", "coordinates": [105.514, 11.0109]}, "properties": {"country": "Vietnam", "cause": "Heavy rain", "date": "2007-10-20", "dead": "3"}}, {"type": "Feature", "geometry": {"type": "Point", "coordinates": [99.0017, 9.72152]}, "properties": {"country": "Thailand", "cause": "Heavy rain", "date": "2007-10-22", "dead": "2"}}, {"type": "Feature", "geometry": {"type": "Point", "coordinates": [106.69, 10.7668]}, "properties": {"country": "Vietnam", "cause": "Dam/Levy, break or release", "date": "2007-10-27", "dead": "0"}}, {"type": "Feature", "geometry": {"type": "Point", "coordinates": [123.381, 13.3575]}, "properties": {"country": "Philippines", "cause": "Heavy rain", "date": "2007-10-27", "dead": "20"}}, {"type": "Feature", "geometry": {"type": "Point", "coordinates": [79.7002, 12.725]}, "properties": {"country": "India", "cause": "Heavy rain", "date": "2007-10-27", "dead": "29"}}, {"type": "Feature", "geometry": {"type": "Point", "coordinates": [107.36, 16.3208]}, "properties": {"country": "Vietnam", "cause": "Heavy rain", "date": "2007-10-28", "dead": "70"}}, {"type": "Feature", "geometry": {"type": "Point", "coordinates": [121.763, 17.5689]}, "properties": {"country": "Philippines", "cause": "Tropical cyclone", "date": "2007-11-04", "dead": "7"}}, {"type": "Feature", "geometry": {"type": "Point", "coordinates": [108.44, 15.3026]}, "properties": {"country": "Vietnam", "cause": "Tropical cyclone", "date": "2007-11-10", "dead": "55"}}, {"type": "Feature", "geometry": {"type": "Point", "coordinates": [90.1508, 22.6104]}, "properties": {"country": "Bangladesh", "cause": "Tropical cyclone", "date": "2007-11-15", "dead": "3447"}}, {"type": "Feature", "geometry": {"type": "Point", "coordinates": [124.833, 8.79613]}, "properties": {"country": "Philippines", "cause": "Tropical cyclone", "date": "2007-11-18", "dead": "13"}}, {"type": "Feature", "geometry": {"type": "Point", "coordinates": [122.01, 17.0782]}, "properties": {"country": "Philippines", "cause": "Tropical cyclone", "date": "2007-11-25", "dead": "29"}}, {"type": "Feature", "geometry": {"type": "Point", "coordinates": [102.928, 3.89418]}, "properties": {"country": "Malaysia", "cause": "Monsoonal rain", "date": "2007-12-07", "dead": "32"}}, {"type": "Feature", "geometry": {"type": "Point", "coordinates": [81.3987, 7.72192]}, "properties": {"country": "Sri Lanka", "cause": "Monsoonal rain", "date": "2007-12-16", "dead": "0"}}, {"type": "Feature", "geometry": {"type": "Point", "coordinates": [123.06, 0.610591]}, "properties": {"country": "Indonesia", "cause": "Heavy rain", "date": "2007-12-17", "dead": "0"}}, {"type": "Feature", "geometry": {"type": "Point", "coordinates": [100.616, -0.686119]}, "properties": {"country": "Indonesia", "cause": "Heavy rain", "date": "2007-12-25", "dead": "1"}}, {"type": "Feature", "geometry": {"type": "Point", "coordinates": [111.333, -7.54216]}, "properties": {"country": "Indonesia", "cause": "Heavy rain", "date": "2007-12-25", "dead": "153"}}, {"type": "Feature", "geometry": {"type": "Point", "coordinates": [106.828, -6.22483]}, "properties": {"country": "Indonesia", "cause": "Heavy rain", "date": "2008-01-02", "dead": "0"}}, {"type": "Feature", "geometry": {"type": "Point", "coordinates": [81.7574, 6.90584]}, "properties": {"country": "Sri Lanka", "cause": "Heavy rain", "date": "2008-01-07", "dead": "0"}}, {"type": "Feature", "geometry": {"type": "Point", "coordinates": [64.2796, 31.345]}, "properties": {"country": "Afghanistan", "cause": "Heavy rain", "date": "2008-01-13", "dead": "5"}}, {"type": "Feature", "geometry": {"type": "Point", "coordinates": [112.908, -7.70779]}, "properties": {"country": "Indonesia", "cause": "Heavy rain", "date": "2008-01-30", "dead": "3"}}, {"type": "Feature", "geometry": {"type": "Point", "coordinates": [106.845, -6.18874]}, "properties": {"country": "Indonesia", "cause": "Heavy rain", "date": "2008-02-01", "dead": "3"}}, {"type": "Feature", "geometry": {"type": "Point", "coordinates": [113.998, -7.73908]}, "properties": {"country": "Indonesia", "cause": "Heavy rain", "date": "2008-02-08", "dead": "14"}}, {"type": "Feature", "geometry": {"type": "Point", "coordinates": [107.286, -6.26059]}, "properties": {"country": "Indonesia", "cause": "Heavy rain", "date": "2008-02-14", "dead": "0"}}, {"type": "Feature", "geometry": {"type": "Point", "coordinates": [125.935, 8.53552]}, "properties": {"country": "Philippines", "cause": "Heavy rain", "date": "2008-02-12", "dead": "54"}}, {"type": "Feature", "geometry": {"type": "Point", "coordinates": [81.8763, 43.7745]}, "properties": {"country": "China", "cause": "Ice jam/break-up", "date": "2008-02-01", "dead": "0"}}, {"type": "Feature", "geometry": {"type": "Point", "coordinates": [119.511, -9.65333]}, "properties": {"country": "Indonesia", "cause": "Heavy rain", "date": "2008-02-11", "dead": "11"}}, {"type": "Feature", "geometry": {"type": "Point", "coordinates": [68.5547, 42.2954]}, "properties": {"country": "Kazakhstan", "cause": "Rain and snowmelt", "date": "2008-02-20", "dead": "1"}}, {"type": "Feature", "geometry": {"type": "Point", "coordinates": [61.2658, 26.5539]}, "properties": {"country": "Iran", "cause": "Heavy rain", "date": "2008-01-13", "dead": "0"}}, {"type": "Feature", "geometry": {"type": "Point", "coordinates": [112.368, -7.12687]}, "properties": {"country": "Indonesia", "cause": "Heavy rain", "date": "2008-03-01", "dead": "3"}}, {"type": "Feature", "geometry": {"type": "Point", "coordinates": [114.981, 4.57525]}, "properties": {"country": "Malaysia", "cause": "Heavy rain", "date": "2008-03-05", "dead": "0"}}, {"type": "Feature", "geometry": {"type": "Point", "coordinates": [106.735, 39.4142]}, "properties": {"country": "China", "cause": "Ice jam/break-up", "date": "2008-03-03", "dead": "0"}}, {"type": "Feature", "geometry": {"type": "Point", "coordinates": [80.8171, 7.82654]}, "properties": {"country": "Sri Lanka", "cause": "Monsoonal rain", "date": "2008-03-12", "dead": "8"}}, {"type": "Feature", "geometry": {"type": "Point", "coordinates": [78.7172, 10.762]}, "properties": {"country": "India", "cause": "Heavy rain", "date": "2008-03-20", "dead": "37"}}, {"type": "Feature", "geometry": {"type": "Point", "coordinates": [101.782, 0.537682]}, "properties": {"country": "Indonesia", "cause": "Heavy rain", "date": "2008-03-10", "dead": "0"}}, {"type": "Feature", "geometry": {"type": "Point", "coordinates": [116.476, 33.4521]}, "properties": {"country": "China", "cause": "Heavy rain", "date": "2008-04-20", "dead": "0"}}, {"type": "Feature", "geometry": {"type": "Point", "coordinates": [95.7728, 4.64929]}, "properties": {"country": "Indonesia", "cause": "Heavy rain", "date": "2008-04-23", "dead": "0"}}, {"type": "Feature", "geometry": {"type": "Point", "coordinates": [80.4178, 6.6853]}, "properties": {"country": "Sri Lanka", "cause": "Heavy rain", "date": "2008-04-27", "dead": "9"}}, {"type": "Feature", "geometry": {"type": "Point", "coordinates": [113.026, 30.8658]}, "properties": {"country": "China", "cause": "Heavy rain", "date": "2008-05-02", "dead": "3"}}, {"type": "Feature", "geometry": {"type": "Point", "coordinates": [107.828, 12.139]}, "properties": {"country": "Vietnam", "cause": "Heavy rain", "date": "2008-05-11", "dead": "4"}}, {"type": "Feature", "geometry": {"type": "Point", "coordinates": [124.998, 7.0952]}, "properties": {"country": "Philippines", "cause": "Tropical cyclone", "date": "2008-05-10", "dead": "1"}}, {"type": "Feature", "geometry": {"type": "Point", "coordinates": [130.54, 60.5005]}, "properties": {"country": "Russia", "cause": "Ice jam/break-up", "date": "2008-05-12", "dead": "0"}}, {"type": "Feature", "geometry": {"type": "Point", "coordinates": [120.556, 17.1246]}, "properties": {"country": "Philippines", "cause": "Tropical cyclone", "date": "2008-05-18", "dead": "37"}}, {"type": "Feature", "geometry": {"type": "Point", "coordinates": [105.815, 26.6159]}, "properties": {"country": "China", "cause": "Heavy rain", "date": "2008-05-27", "dead": "64"}}, {"type": "Feature", "geometry": {"type": "Point", "coordinates": [93.755, 26.4]}, "properties": {"country": "India", "cause": "Heavy rain", "date": "2008-05-24", "dead": "0"}}, {"type": "Feature", "geometry": {"type": "Point", "coordinates": [80.7736, 7.17812]}, "properties": {"country": "Sri Lanka", "cause": "Monsoonal rain", "date": "2008-05-29", "dead": "23"}}, {"type": "Feature", "geometry": {"type": "Point", "coordinates": [91.5452, 25.1835]}, "properties": {"country": "India", "cause": "Heavy Rain", "date": "2008-06-07", "dead": "176"}}, {"type": "Feature", "geometry": {"type": "Point", "coordinates": [110.224, 22.1496]}, "properties": {"country": "China", "cause": "Heavy Rain", "date": "2008-06-11", "dead": "65"}}, {"type": "Feature", "geometry": {"type": "Point", "coordinates": [123.27, 11.6336]}, "properties": {"country": "Philippines", "cause": "Typhoon Fenshen", "date": "2008-06-21", "dead": "1000"}}, {"type": "Feature", "geometry": {"type": "Point", "coordinates": [90.1165, 25.2159]}, "properties": {"country": "Bangladesh", "cause": "Levee failure, early monsoonal rain", "date": "2008-06-20", "dead": "0"}}, {"type": "Feature", "geometry": {"type": "Point", "coordinates": [112.304, 23.5424]}, "properties": {"country": "China", "cause": "Tropical  Storm Fenshen", "date": "2008-06-24", "dead": "0"}}, {"type": "Feature", "geometry": {"type": "Point", "coordinates": [137.194, 35.4621]}, "properties": {"country": "Japan", "cause": "Heavy Rain", "date": "2008-06-27", "dead": "0"}}, {"type": "Feature", "geometry": {"type": "Point", "coordinates": [90.1201, 25.2411]}, "properties": {"country": "India", "cause": "Monsoon Rain", "date": "2008-07-05", "dead": "350"}}, {"type": "Feature", "geometry": {"type": "Point", "coordinates": [116.237, -1.67523]}, "properties": {"country": "Indonesia", "cause": "Heavy Rain", "date": "2008-07-09", "dead": "1"}}, {"type": "Feature", "geometry": {"type": "Point", "coordinates": [120.785, 22.9396]}, "properties": {"country": "Taiwan", "cause": "Tropical Storm Kalmaegi", "date": "2008-07-18", "dead": "19"}}, {"type": "Feature", "geometry": {"type": "Point", "coordinates": [89.7871, 27.4995]}, "properties": {"country": "India", "cause": "monsoonal rainfall", "date": "2008-07-20", "dead": "142"}}, {"type": "Feature", "geometry": {"type": "Point", "coordinates": [120.975, 23.3463]}, "properties": {"country": "Philippines", "cause": "Tropical Storm \"Fung-wong\"", "date": "2008-07-28", "dead": "4"}}, {"type": "Feature", "geometry": {"type": "Point", "coordinates": [136.382, 35.8813]}, "properties": {"country": "Japan", "cause": "Torrential rain", "date": "2008-07-28", "dead": "5"}}, {"type": "Feature", "geometry": {"type": "Point", "coordinates": [114.415, 32.5559]}, "properties": {"country": "China", "cause": "Tropical Storm Fung-Wong", "date": "2008-07-28", "dead": "0"}}, {"type": "Feature", "geometry": {"type": "Point", "coordinates": [71.7026, 33.9163]}, "properties": {"country": "Pakistan", "cause": "Torrential rain", "date": "2008-08-02", "dead": "35"}}, {"type": "Feature", "geometry": {"type": "Point", "coordinates": [44.6926, 39.2463]}, "properties": {"country": "Iran", "cause": "Torrential rain", "date": "2008-08-07", "dead": "3"}}, {"type": "Feature", "geometry": {"type": "Point", "coordinates": [101.548, 22.6193]}, "properties": {"country": "China", "cause": "Torrential rain", "date": "2008-08-07", "dead": "20"}}, {"type": "Feature", "geometry": {"type": "Point", "coordinates": [113.151, 22.5473]}, "properties": {"country": "China", "cause": "Tropical Storm Kammuri", "date": "2008-08-08", "dead": "0"}}, {"type": "Feature", "geometry": {"type": "Point", "coordinates": [81.3801, 16.6523]}, "properties": {"country": "India", "cause": "Heavy monsoon rains", "date": "2008-08-05", "dead": "74"}}, {"type": "Feature", "geometry": {"type": "Point", "coordinates": [72.6347, 30.7385]}, "properties": {"country": "Pakistan", "cause": "Heavy monsoon rains", "date": "2008-08-09", "dead": "37"}}, {"type": "Feature", "geometry": {"type": "Point", "coordinates": [103.661, 17.3109]}, "properties": {"country": "Thailand", "cause": "Tropical Storm Kammuri; Heavy monso", "date": "2008-08-11", "dead": "130"}}, {"type": "Feature", "geometry": {"type": "Point", "coordinates": [84.9232, 26.9506]}, "properties": {"country": "Nepal", "cause": "Heavy monsoon rains", "date": "2008-08-18", "dead": "400"}}, {"type": "Feature", "geometry": {"type": "Point", "coordinates": [90.21, 25.0288]}, "properties": {"country": "Bangladesh", "cause": "Monsoon Rains", "date": "2008-08-30", "dead": "0"}}, {"type": "Feature", "geometry": {"type": "Point", "coordinates": [94.5503, 27.0442]}, "properties": {"country": "India", "cause": "Monsoon Rains", "date": "2008-08-30", "dead": "900"}}, {"type": "Feature", "geometry": {"type": "Point", "coordinates": [122.521, 0.682066]}, "properties": {"country": "Indonesia", "cause": "Monsoon Rains", "date": "2008-09-06", "dead": "0"}}, {"type": "Feature", "geometry": {"type": "Point", "coordinates": [102.124, 4.07765]}, "properties": {"country": "Malaysia", "cause": "Torrential Rain", "date": "2008-09-05", "dead": "0"}}, {"type": "Feature", "geometry": {"type": "Point", "coordinates": [50.6564, 31.9961]}, "properties": {"country": "Iran", "cause": "Torrential rain", "date": "2008-09-09", "dead": "19"}}, {"type": "Feature", "geometry": {"type": "Point", "coordinates": [45.1108, 36.1564]}, "properties": {"country": "Iraq", "cause": "Torrential rain", "date": "2008-09-10", "dead": "3"}}, {"type": "Feature", "geometry": {"type": "Point", "coordinates": [121.569, 24.6669]}, "properties": {"country": "Taiwan", "cause": "Tropical Storm Sinlaku", "date": "2008-09-14", "dead": "0"}}, {"type": "Feature", "geometry": {"type": "Point", "coordinates": [84.4064, 20.9522]}, "properties": {"country": "India", "cause": "Dam release and Heavy  Rain", "date": "2008-09-22", "dead": "2400"}}, {"type": "Feature", "geometry": {"type": "Point", "coordinates": [78.9384, 30.5218]}, "properties": {"country": "Nepal", "cause": "Monsoonal Rain", "date": "2008-09-22", "dead": "49"}}, {"type": "Feature", "geometry": {"type": "Point", "coordinates": [103.177, 17.8213]}, "properties": {"country": "Thailand", "cause": "Monsoonal Rain", "date": "2008-09-11", "dead": "0"}}, {"type": "Feature", "geometry": {"type": "Point", "coordinates": [104.593, 21.8994]}, "properties": {"country": "Vietnam", "cause": "Tropical Storm Hagupit", "date": "2008-09-25", "dead": "41"}}, {"type": "Feature", "geometry": {"type": "Point", "coordinates": [108.721, 21.9351]}, "properties": {"country": "China", "cause": "Heavy Rain", "date": "2008-09-26", "dead": "0"}}, {"type": "Feature", "geometry": {"type": "Point", "coordinates": [109.819, 19.1585]}, "properties": {"country": "China", "cause": "Heavy Rain", "date": "2008-10-10", "dead": "2"}}, {"type": "Feature", "geometry": {"type": "Point", "coordinates": [107.456, 14.8977]}, "properties": {"country": "Vietnam", "cause": "Heavy Rain", "date": "2008-10-19", "dead": "22"}}, {"type": "Feature", "geometry": {"type": "Point", "coordinates": [49.7849, 15.5457]}, "properties": {"country": "Yemen", "cause": "Torrential Rain", "date": "2008-10-23", "dead": "69"}}, {"type": "Feature", "geometry": {"type": "Point", "coordinates": [107.711, 15.7039]}, "properties": {"country": "Vietnam", "cause": "Tropical Storm Noul", "date": "2008-11-17", "dead": "21"}}, {"type": "Feature", "geometry": {"type": "Point", "coordinates": [121.351, 17.9542]}, "properties": {"country": "Philippines", "cause": "Heavy Rain", "date": "2008-11-18", "dead": "6"}}, {"type": "Feature", "geometry": {"type": "Point", "coordinates": [80.7993, 8.57029]}, "properties": {"country": "Sri Lanka", "cause": "Tropical Cyclone", "date": "2008-11-22", "dead": "61"}}, {"type": "Feature", "geometry": {"type": "Point", "coordinates": [121.769, 17.2041]}, "properties": {"country": "Philippines", "cause": "High Tides", "date": "2008-12-01", "dead": "0"}}, {"type": "Feature", "geometry": {"type": "Point", "coordinates": [100.112, 7.55485]}, "properties": {"country": "Thailand", "cause": "Heavy Rain", "date": "2008-12-01", "dead": "18"}}, {"type": "Feature", "geometry": {"type": "Point", "coordinates": [101.823, 4.93715]}, "properties": {"country": "Malaysia", "cause": "Heavy Rain", "date": "2008-11-20", "dead": "21"}}, {"type": "Feature", "geometry": {"type": "Point", "coordinates": [103.139, -3.32927]}, "properties": {"country": "Indonesia", "cause": "Heavy Rain", "date": "2008-12-26", "dead": "0"}}, {"type": "Feature", "geometry": {"type": "Point", "coordinates": [125.04, 8.44783]}, "properties": {"country": "Philippines", "cause": "Heavy Rain", "date": "2008-12-28", "dead": "25"}}, {"type": "Feature", "geometry": {"type": "Point", "coordinates": [101.098, 6.64146]}, "properties": {"country": "Malaysia", "cause": "Tropical Storm Charlotte; Monsoon r", "date": "2008-12-28", "dead": "0"}}, {"type": "Feature", "geometry": {"type": "Point", "coordinates": [107.058, 16.8877]}, "properties": {"country": "Vietnam", "cause": "Heavy Rain", "date": "2008-12-29", "dead": "0"}}, {"type": "Feature", "geometry": {"type": "Point", "coordinates": [124.958, 7.12112]}, "properties": {"country": "Philippines", "cause": "Heavy Rain", "date": "2009-01-20", "dead": "11"}}, {"type": "Feature", "geometry": {"type": "Point", "coordinates": [120.264, -2.63531]}, "properties": {"country": "Indonesia", "cause": "Tropical Storm Fanele", "date": "2009-01-22", "dead": "3"}}, {"type": "Feature", "geometry": {"type": "Point", "coordinates": [113.773, 3.3451]}, "properties": {"country": "Malaysia", "cause": "Heavy Rain", "date": "2009-01-28", "dead": "18"}}, {"type": "Feature", "geometry": {"type": "Point", "coordinates": [122.968, 9.897]}, "properties": {"country": "Philippines", "cause": "Heavy Rain", "date": "2009-02-02", "dead": "0"}}, {"type": "Feature", "geometry": {"type": "Point", "coordinates": [121.978, 0.814144]}, "properties": {"country": "Indonesia", "cause": "Heavy Rain", "date": "2009-02-12", "dead": "0"}}, {"type": "Feature", "geometry": {"type": "Point", "coordinates": [114.671, 4.27379]}, "properties": {"country": "Malaysia", "cause": "Heavy Rain", "date": "2009-03-01", "dead": "90"}}, {"type": "Feature", "geometry": {"type": "Point", "coordinates": [100.731, -1.20654]}, "properties": {"country": "Indonesia", "cause": "Snowmelt and Heavy Rain", "date": "2009-03-24", "dead": "0"}}, {"type": "Feature", "geometry": {"type": "Point", "coordinates": [106.364, -6.5542]}, "properties": {"country": "Indonesia", "cause": "Torrential Rain", "date": "2009-03-30", "dead": "0"}}, {"type": "Feature", "geometry": {"type": "Point", "coordinates": [63.5929, 33.0736]}, "properties": {"country": "Afghanistan", "cause": "Ice jam/break-up", "date": "2009-04-01", "dead": "0"}}, {"type": "Feature", "geometry": {"type": "Point", "coordinates": [116.937, -0.298253]}, "properties": {"country": "Indonesia", "cause": "Heavy Rain", "date": "2009-04-12", "dead": "0"}}, {"type": "Feature", "geometry": {"type": "Point", "coordinates": [121.356, 18.0205]}, "properties": {"country": "Philippines", "cause": "snowmelt", "date": "2009-05-01", "dead": "0"}}, {"type": "Feature", "geometry": {"type": "Point", "coordinates": [64.3991, 34.88]}, "properties": {"country": "Afghanistan", "cause": "Heavy Rain", "date": "2009-05-03", "dead": "0"}}, {"type": "Feature", "geometry": {"type": "Point", "coordinates": [111.232, 25.7563]}, "properties": {"country": "China", "cause": "Heavy Rain", "date": "2009-05-19", "dead": "0"}}, {"type": "Feature", "geometry": {"type": "Point", "coordinates": [71.2878, 38.5131]}, "properties": {"country": "Tajikistan", "cause": "Heavy Rain", "date": "2009-05-19", "dead": "0"}}, {"type": "Feature", "geometry": {"type": "Point", "coordinates": [89.0861, 22.164]}, "properties": {"country": "Bangladesh", "cause": "Heavy Rain", "date": "2009-04-20", "dead": "21"}}, {"type": "Feature", "geometry": {"type": "Point", "coordinates": [110.283, 26.8483]}, "properties": {"country": "China", "cause": "Heavy Rain", "date": "2009-06-20", "dead": "0"}}, {"type": "Feature", "geometry": {"type": "Point", "coordinates": [84.7692, 20.2249]}, "properties": {"country": "India", "cause": "Heavy Rain", "date": "2009-07-01", "dead": "0"}}, {"type": "Feature", "geometry": {"type": "Point", "coordinates": [74.7271, 15.3059]}, "properties": {"country": "India", "cause": "Heavy Rain", "date": "2009-07-11", "dead": "0"}}, {"type": "Feature", "geometry": {"type": "Point", "coordinates": [67.1852, 24.8786]}, "properties": {"country": "Pakistan", "cause": "Torrential Rain", "date": "2009-07-17", "dead": "26"}}, {"type": "Feature", "geometry": {"type": "Point", "coordinates": [101.935, 47.8205]}, "properties": {"country": "Mongolia", "cause": "Torrential Rain", "date": "2009-07-16", "dead": "26"}}, {"type": "Feature", "geometry": {"type": "Point", "coordinates": [131.888, 34.5636]}, "properties": {"country": "Japan", "cause": "Torrential Rain", "date": "2009-07-20", "dead": "16"}}, {"type": "Feature", "geometry": {"type": "Point", "coordinates": [38.1609, 40.6869]}, "properties": {"country": "Turkey", "cause": "Torrential Rain", "date": "2009-07-20", "dead": "0"}}, {"type": "Feature", "geometry": {"type": "Point", "coordinates": [101.18, 30.859]}, "properties": {"country": "China", "cause": "Torrential Rain", "date": "2009-07-26", "dead": "22"}}, {"type": "Feature", "geometry": {"type": "Point", "coordinates": [130.571, 33.2981]}, "properties": {"country": "Japan", "cause": "Torrential Rain", "date": "2009-07-26", "dead": "28"}}, {"type": "Feature", "geometry": {"type": "Point", "coordinates": [104.302, 20.674]}, "properties": {"country": "Vietnam", "cause": "Heavy Rain", "date": "2009-05-10", "dead": "0"}}, {"type": "Feature", "geometry": {"type": "Point", "coordinates": [89.0861, 25.2562]}, "properties": {"country": "Bangladesh", "cause": "Torrential Rain", "date": "2009-07-03", "dead": "20"}}, {"type": "Feature", "geometry": {"type": "Point", "coordinates": [93.8215, 27.481]}, "properties": {"country": "India", "cause": "Torrential Rain", "date": "2009-07-03", "dead": "6"}}, {"type": "Feature", "geometry": {"type": "Point", "coordinates": [112.712, 25.3072]}, "properties": {"country": "China", "cause": "Heavy Rain", "date": "2009-07-01", "dead": "20"}}, {"type": "Feature", "geometry": {"type": "Point", "coordinates": [101.833, 4.54934]}, "properties": {"country": "Malaysia", "cause": "Heavy Rain", "date": "2009-07-12", "dead": "0"}}, {"type": "Feature", "geometry": {"type": "Point", "coordinates": [121.346, 17.1225]}, "properties": {"country": "Philippines", "cause": "Tropical Cyclone", "date": "2009-07-16", "dead": "5"}}, {"type": "Feature", "geometry": {"type": "Point", "coordinates": [85.7081, 28.0015]}, "properties": {"country": "Nepal", "cause": "Monsoon Rains", "date": "2009-07-26", "dead": "22"}}, {"type": "Feature", "geometry": {"type": "Point", "coordinates": [38.1099, 40.6971]}, "properties": {"country": "Turkey", "cause": "Torrential Rain", "date": "2009-07-28", "dead": "0"}}, {"type": "Feature", "geometry": {"type": "Point", "coordinates": [125.367, 7.6518]}, "properties": {"country": "Philippines", "cause": "Torrential Rain", "date": "2009-07-25", "dead": "10"}}, {"type": "Feature", "geometry": {"type": "Point", "coordinates": [85.5, 26.5]}, "properties": {"country": "India", "cause": "Levee failure", "date": "2009-08-01", "dead": "0"}}, {"type": "Feature", "geometry": {"type": "Point", "coordinates": [121.443, 17.8675]}, "properties": {"country": "Philippines", "cause": "Tropical Cyclone, Morakot", "date": "2009-08-07", "dead": "20"}}, {"type": "Feature", "geometry": {"type": "Point", "coordinates": [109.773, 19.1227]}, "properties": {"country": "China", "cause": "Heavy Rain", "date": "2009-08-07", "dead": "0"}}, {"type": "Feature", "geometry": {"type": "Point", "coordinates": [121.009, 24.2867]}, "properties": {"country": "Taiwan", "cause": "Tropical Cyclone, Morakot", "date": "2009-08-09", "dead": "500"}}, {"type": "Feature", "geometry": {"type": "Point", "coordinates": [136.225, 35.1555]}, "properties": {"country": "Japan", "cause": "Tropical Cyclone, Etau", "date": "2009-08-09", "dead": "12"}}, {"type": "Feature", "geometry": {"type": "Point", "coordinates": [72.2471, 33.9207]}, "properties": {"country": "Pakistan", "cause": "Torrential Rain", "date": "2009-08-15", "dead": "27"}}, {"type": "Feature", "geometry": {"type": "Point", "coordinates": [104.792, 17.8266]}, "properties": {"country": "Laos", "cause": "Heavy Rain", "date": "2009-08-10", "dead": "10"}}, {"type": "Feature", "geometry": {"type": "Point", "coordinates": [80.6335, 8.38404]}, "properties": {"country": "Sri Lanka", "cause": "Torrential Rain", "date": "2009-08-15", "dead": "0"}}, {"type": "Feature", "geometry": {"type": "Point", "coordinates": [80.7483, 27.629]}, "properties": {"country": "India", "cause": "Dam release and Heavy  Ra", "date": "2009-08-15", "dead": "14"}}, {"type": "Feature", "geometry": {"type": "Point", "coordinates": [94.143, 26.8177]}, "properties": {"country": "India", "cause": "Monsoon Rain", "date": "2009-08-18", "dead": "0"}}, {"type": "Feature", "geometry": {"type": "Point", "coordinates": [88.1319, 27.0167]}, "properties": {"country": "Nepal", "cause": "Heavy Rain", "date": "2009-08-16", "dead": "7"}}, {"type": "Feature", "geometry": {"type": "Point", "coordinates": [105.155, 26.6186]}, "properties": {"country": "China", "cause": "Heavy Rain", "date": "2009-08-28", "dead": "42"}}, {"type": "Feature", "geometry": {"type": "Point", "coordinates": [28.9505, 41.09]}, "properties": {"country": "Turkey", "cause": "Torrential Rain", "date": "2009-09-07", "dead": "31"}}, {"type": "Feature", "geometry": {"type": "Point", "coordinates": [121.371, 17.2296]}, "properties": {"country": "Philippines", "cause": "Tropical Storm", "date": "2009-09-01", "dead": "9"}}, {"type": "Feature", "geometry": {"type": "Point", "coordinates": [88.0605, 22.5263]}, "properties": {"country": "India", "cause": "Dam release", "date": "2009-09-06", "dead": "0"}}, {"type": "Feature", "geometry": {"type": "Point", "coordinates": [98.5925, 2.89095]}, "properties": {"country": "Indonesia", "cause": "Torrential Rain", "date": "2009-09-15", "dead": "38"}}, {"type": "Feature", "geometry": {"type": "Point", "coordinates": [120.749, 14.8722]}, "properties": {"country": "Philippines", "cause": "Tropical storm Ketsana/On", "date": "2009-09-25", "dead": "420"}}, {"type": "Feature", "geometry": {"type": "Point", "coordinates": [78.233, 15.7081]}, "properties": {"country": "India", "cause": "Heavy Rain", "date": "2009-09-25", "dead": "303"}}, {"type": "Feature", "geometry": {"type": "Point", "coordinates": [121.422, 17.5757]}, "properties": {"country": "Philippines", "cause": "Typhoon Parma", "date": "2009-10-02", "dead": "438"}}, {"type": "Feature", "geometry": {"type": "Point", "coordinates": [80.7639, 29.8119]}, "properties": {"country": "Nepal", "cause": "Heavy Rain", "date": "2009-10-04", "dead": "45"}}, {"type": "Feature", "geometry": {"type": "Point", "coordinates": [138.2, 36.425]}, "properties": {"country": "Japan", "cause": "Typhoon Melor", "date": "2009-10-07", "dead": "0"}}, {"type": "Feature", "geometry": {"type": "Point", "coordinates": [107.665, 14.9121]}, "properties": {"country": "Philippines", "cause": "Tropical Storm Mirinae", "date": "2009-10-30", "dead": "0"}}, {"type": "Feature", "geometry": {"type": "Point", "coordinates": [99.9172, 7.47238]}, "properties": {"country": "Thailand", "cause": "Monsoonal Rain", "date": "2009-11-07", "dead": "15"}}, {"type": "Feature", "geometry": {"type": "Point", "coordinates": [77.8452, 11.4729]}, "properties": {"country": "India", "cause": "Torrential Rain", "date": "2009-11-03", "dead": "70"}}, {"type": "Feature", "geometry": {"type": "Point", "coordinates": [100.96, 5.74257]}, "properties": {"country": "Malaysia", "cause": "Heavy Rain", "date": "2009-11-10", "dead": "0"}}, {"type": "Feature", "geometry": {"type": "Point", "coordinates": [103.833, 1.4308]}, "properties": {"country": "Singapore", "cause": "Torrential Rain", "date": "2009-11-19", "dead": "0"}}, {"type": "Feature", "geometry": {"type": "Point", "coordinates": [40.0139, 40.8337]}, "properties": {"country": "Turkey", "cause": "Torrential Rain", "date": "2009-11-21", "dead": "4"}}, {"type": "Feature", "geometry": {"type": "Point", "coordinates": [79.9424, 7.07182]}, "properties": {"country": "Sri Lanka", "cause": "Torrential Rain", "date": "2009-11-21", "dead": "0"}}, {"type": "Feature", "geometry": {"type": "Point", "coordinates": [102.358, 4.99247]}, "properties": {"country": "Malaysia", "cause": "Heavy Rain", "date": "2009-11-21", "dead": "0"}}, {"type": "Feature", "geometry": {"type": "Point", "coordinates": [40.2282, 21.2394]}, "properties": {"country": "Saudi Arabia", "cause": "Torrential Rain", "date": "2009-11-24", "dead": "116"}}, {"type": "Feature", "geometry": {"type": "Point", "coordinates": [81.2742, 8.02347]}, "properties": {"country": "Sri Lanka", "cause": "Torrential Rain", "date": "2009-12-14", "dead": "0"}}, {"type": "Feature", "geometry": {"type": "Point", "coordinates": [65.1089, 32.547]}, "properties": {"country": "Afghanistan", "cause": "Heavy Rain", "date": "2010-02-05", "dead": "20"}}, {"type": "Feature", "geometry": {"type": "Point", "coordinates": [79.2127, 45.0791]}, "properties": {"country": "Kazakhstan", "cause": "Heavy Rain Snowmelt Dam B", "date": "2010-03-11", "dead": "43"}}, {"type": "Feature", "geometry": {"type": "Point", "coordinates": [94.6126, 27.2504]}, "properties": {"country": "India", "cause": "Monsoon Rain", "date": "2010-03-24", "dead": "0"}}, {"type": "Feature", "geometry": {"type": "Point", "coordinates": [104.787, -4.44749]}, "properties": {"country": "Indonesia", "cause": "Torrential Rain", "date": "2010-03-24", "dead": "0"}}, {"type": "Feature", "geometry": {"type": "Point", "coordinates": [36.9829, 53.2843]}, "properties": {"country": "Russia", "cause": "Snowmelt", "date": "2010-03-26", "dead": "0"}}, {"type": "Feature", "geometry": {"type": "Point", "coordinates": [89.5099, 22.1528]}, "properties": {"country": "Bangladesh", "cause": "Heavy Rain", "date": "2010-03-27", "dead": "104"}}, {"type": "Feature", "geometry": {"type": "Point", "coordinates": [91.8623, 26.3166]}, "properties": {"country": "India", "cause": "Heavy Rain", "date": "2010-04-18", "dead": "0"}}, {"type": "Feature", "geometry": {"type": "Point", "coordinates": [111.13, 25.1481]}, "properties": {"country": "China", "cause": "Heavy Rain", "date": "2010-04-20", "dead": "0"}}, {"type": "Feature", "geometry": {"type": "Point", "coordinates": [113.972, -2.68196]}, "properties": {"country": "Indonesia", "cause": "Heavy Rain", "date": "2010-04-16", "dead": "0"}}, {"type": "Feature", "geometry": {"type": "Point", "coordinates": [62.2514, 34.3839]}, "properties": {"country": "Afghanistan", "cause": "Torrential Rain", "date": "2010-05-04", "dead": "70"}}, {"type": "Feature", "geometry": {"type": "Point", "coordinates": [44.3104, 14.0344]}, "properties": {"country": "Yemen", "cause": "Torrential Rain", "date": "2010-05-05", "dead": "7"}}, {"type": "Feature", "geometry": {"type": "Point", "coordinates": [69.4972, 38.2211]}, "properties": {"country": "Tajikistan", "cause": "Torrential Rain", "date": "2010-05-06", "dead": "24"}}, {"type": "Feature", "geometry": {"type": "Point", "coordinates": [121.994, -3.87599]}, "properties": {"country": "Indonesia", "cause": "Heavy Rain", "date": "2010-05-08", "dead": "0"}}, {"type": "Feature", "geometry": {"type": "Point", "coordinates": [73.3855, 35.5882]}, "properties": {"country": "Pakistan", "cause": "Heavy Rain", "date": "2010-05-08", "dead": "0"}}, {"type": "Feature", "geometry": {"type": "Point", "coordinates": [80.5904, 6.83965]}, "properties": {"country": "Sri Lanka", "cause": "Heavy Rain", "date": "2010-05-08", "dead": "20"}}, {"type": "Feature", "geometry": {"type": "Point", "coordinates": [93.1226, 26.6381]}, "properties": {"country": "India", "cause": "Monsoonal Rain", "date": "2010-05-15", "dead": "0"}}, {"type": "Feature", "geometry": {"type": "Point", "coordinates": [115.483, 26.4442]}, "properties": {"country": "China", "cause": "Monsoonal Rain", "date": "2010-05-15", "dead": "379"}}, {"type": "Feature", "geometry": {"type": "Point", "coordinates": [79.4844, 15.2182]}, "properties": {"country": "India", "cause": "Heavy rain", "date": "2010-05-18", "dead": "27"}}, {"type": "Feature", "geometry": {"type": "Point", "coordinates": [125.3, 6.77841]}, "properties": {"country": "Philippines", "cause": "Torrential Rain", "date": "2010-05-29", "dead": "27"}}, {"type": "Feature", "geometry": {"type": "Point", "coordinates": [67.9052, 25.1175]}, "properties": {"country": "Pakistan", "cause": "Tropical Cyclone Phet", "date": "2010-06-06", "dead": "23"}}, {"type": "Feature", "geometry": {"type": "Point", "coordinates": [94.0105, 22.2804]}, "properties": {"country": "Myanmar", "cause": "Monsoonal Rain", "date": "2010-06-15", "dead": "60"}}, {"type": "Feature", "geometry": {"type": "Point", "coordinates": [72.0792, 36.027]}, "properties": {"country": "Pakistan", "cause": "Torrential Rain", "date": "2010-06-22", "dead": "46"}}, {"type": "Feature", "geometry": {"type": "Point", "coordinates": [121.606, 24.9491]}, "properties": {"country": "Taiwan", "cause": "Torrential Rain", "date": "2010-06-25", "dead": "0"}}, {"type": "Feature", "geometry": {"type": "Point", "coordinates": [74.7785, 30.1895]}, "properties": {"country": "India", "cause": "Monsoonal Rain", "date": "2010-07-05", "dead": "98"}}, {"type": "Feature", "geometry": {"type": "Point", "coordinates": [97.1282, 39.4866]}, "properties": {"country": "China", "cause": "Torrential Rain", "date": "2010-07-06", "dead": "15"}}, {"type": "Feature", "geometry": {"type": "Point", "coordinates": [41.1722, 20.6067]}, "properties": {"country": "Saudi Arabia", "cause": "Torrential Rain", "date": "2010-07-10", "dead": "7"}}, {"type": "Feature", "geometry": {"type": "Point", "coordinates": [113.171, 28.0056]}, "properties": {"country": "China", "cause": "Torrential Rain", "date": "2010-07-01", "dead": "600"}}, {"type": "Feature", "geometry": {"type": "Point", "coordinates": [90.0355, 23.9949]}, "properties": {"country": "Bangladesh", "cause": "Monsoonal Rain", "date": "2010-07-01", "dead": "0"}}, {"type": "Feature", "geometry": {"type": "Point", "coordinates": [133.643, 34.6901]}, "properties": {"country": "Japan", "cause": "Torrential Rain", "date": "2010-07-12", "dead": "0"}}, {"type": "Feature", "geometry": {"type": "Point", "coordinates": [115.886, 29.1384]}, "properties": {"country": "China", "cause": "Torrential Rain", "date": "2010-07-07", "dead": "0"}}, {"type": "Feature", "geometry": {"type": "Point", "coordinates": [86.1983, 25.5869]}, "properties": {"country": "India", "cause": "Monsoonal Rain", "date": "2010-07-12", "dead": "0"}}, {"type": "Feature", "geometry": {"type": "Point", "coordinates": [47.918, 16.7388]}, "properties": {"country": "Yemen", "cause": "Torrential Rain", "date": "2010-07-10", "dead": "15"}}, {"type": "Feature", "geometry": {"type": "Point", "coordinates": [121.468, 17.096]}, "properties": {"country": "Philippines", "cause": "Tropical Storm \"Basyang\"", "date": "2010-07-12", "dead": "23"}}, {"type": "Feature", "geometry": {"type": "Point", "coordinates": [66.9459, 30.5059]}, "properties": {"country": "Pakistan", "cause": "Torrential Rain", "date": "2010-07-21", "dead": "60"}}, {"type": "Feature", "geometry": {"type": "Point", "coordinates": [114.01, 22.6733]}, "properties": {"country": "China", "cause": "Tropical Storm Chanthu", "date": "2010-07-21", "dead": "1"}}, {"type": "Feature", "geometry": {"type": "Point", "coordinates": [84.7848, 28.3526]}, "properties": {"country": "Nepal", "cause": "Heavy Rain", "date": "2010-07-25", "dead": "12"}}, {"type": "Feature", "geometry": {"type": "Point", "coordinates": [114.972, -2.14107]}, "properties": {"country": "Indonesia", "cause": "Heavy Rain", "date": "2010-07-23", "dead": "21"}}, {"type": "Feature", "geometry": {"type": "Point", "coordinates": [111.074, 31.5774]}, "properties": {"country": "China", "cause": "Monsoonal Rain", "date": "2010-07-23", "dead": "1100"}}, {"type": "Feature", "geometry": {"type": "Point", "coordinates": [41.9223, 21.515]}, "properties": {"country": "Saudi Arabia", "cause": "Torrential Rain", "date": "2010-07-23", "dead": "14"}}, {"type": "Feature", "geometry": {"type": "Point", "coordinates": [73.2579, 33.3634]}, "properties": {"country": "Pakistan", "cause": "Monsoonal Rain", "date": "2010-07-27", "dead": "1750"}}, {"type": "Feature", "geometry": {"type": "Point", "coordinates": [68.8594, 35.2106]}, "properties": {"country": "Afghanistan", "cause": "Torrential Rain", "date": "2010-07-27", "dead": "65"}}, {"type": "Feature", "geometry": {"type": "Point", "coordinates": [99.9857, 37.8435]}, "properties": {"country": "China", "cause": "Torrential Rain", "date": "2010-07-27", "dead": "65"}}, {"type": "Feature", "geometry": {"type": "Point", "coordinates": [76.1256, 33.5267]}, "properties": {"country": "India", "cause": "Torrential Rain", "date": "2010-08-06", "dead": "150"}}, {"type": "Feature", "geometry": {"type": "Point", "coordinates": [125.713, 39.5887]}, "properties": {"country": "North Korea", "cause": "Torrential Rain", "date": "2010-07-27", "dead": "0"}}, {"type": "Feature", "geometry": {"type": "Point", "coordinates": [124.965, 40.365]}, "properties": {"country": "North Korea", "cause": "Heavy Rain", "date": "2010-08-26", "dead": "0"}}, {"type": "Feature", "geometry": {"type": "Point", "coordinates": [76.05, 25.965]}, "properties": {"country": "India", "cause": "Torrential Rain", "date": "2010-09-05", "dead": "0"}}, {"type": "Feature", "geometry": {"type": "Point", "coordinates": [80.055, 16.29]}, "properties": {"country": "India", "cause": "Monsoon Rains", "date": "2010-09-01", "dead": "0"}}, {"type": "Feature", "geometry": {"type": "Point", "coordinates": [92.25, 26.235]}, "properties": {"country": "India", "cause": "Torrential Rains", "date": "2010-09-05", "dead": "1"}}, {"type": "Feature", "geometry": {"type": "Point", "coordinates": [89.64, 25.425]}, "properties": {"country": "Bangladesh", "cause": "Monsoon Rains", "date": "2010-09-09", "dead": "0"}}, {"type": "Feature", "geometry": {"type": "Point", "coordinates": [82.845, 26.73]}, "properties": {"country": "India", "cause": "Monsoon Rains", "date": "2010-09-18", "dead": "88"}}, {"type": "Feature", "geometry": {"type": "Point", "coordinates": [87.75, 25.695]}, "properties": {"country": "India", "cause": "Monsoon Rains", "date": "2010-09-18", "dead": "0"}}, {"type": "Feature", "geometry": {"type": "Point", "coordinates": [120.701, 22.4293]}, "properties": {"country": "Taiwan", "cause": "Tropical Storm Fanapi", "date": "2010-09-18", "dead": "0"}}, {"type": "Feature", "geometry": {"type": "Point", "coordinates": [100.35, 14.445]}, "properties": {"country": "Thailand", "cause": "Torrential Rain", "date": "2010-09-20", "dead": "2"}}, {"type": "Feature", "geometry": {"type": "Point", "coordinates": [132.811, -1.22352]}, "properties": {"country": "Indonesia", "cause": "Torrential Rain", "date": "2010-10-02", "dead": "84"}}, {"type": "Feature", "geometry": {"type": "Point", "coordinates": [110.025, 18.9]}, "properties": {"country": "China", "cause": "Torrential Rain", "date": "2010-10-04", "dead": "0"}}, {"type": "Feature", "geometry": {"type": "Point", "coordinates": [91.035, 24.21]}, "properties": {"country": "Bangladesh", "cause": "Heavy Rain and Storm Surge", "date": "2010-10-01", "dead": "15"}}, {"type": "Feature", "geometry": {"type": "Point", "coordinates": [43.425, 45.09]}, "properties": {"country": "Russia", "cause": "Torrential Rain", "date": "2010-10-16", "dead": "13"}}, {"type": "Feature", "geometry": {"type": "Point", "coordinates": [109.833, 19.2123]}, "properties": {"country": "China", "cause": "Torrential Rain", "date": "2010-10-16", "dead": "0"}}, {"type": "Feature", "geometry": {"type": "Point", "coordinates": [102.195, 15.03]}, "properties": {"country": "Thailand", "cause": "Heavy Rain", "date": "2010-10-10", "dead": "206"}}, {"type": "Feature", "geometry": {"type": "Point", "coordinates": [121.76, 17.7145]}, "properties": {"country": "Philippines", "cause": "Torrential Rain and Mudslides", "date": "2010-11-02", "dead": "9"}}, {"type": "Feature", "geometry": {"type": "Point", "coordinates": [101.922, 5.61628]}, "properties": {"country": "Malaysia", "cause": "Heavy Rain", "date": "2010-11-01", "dead": "0"}}, {"type": "Feature", "geometry": {"type": "Point", "coordinates": [121.614, -8.67221]}, "properties": {"country": "Indonesia", "cause": "Heavy Rain", "date": "2010-11-02", "dead": "15"}}, {"type": "Feature", "geometry": {"type": "Point", "coordinates": [80.3046, 7.27459]}, "properties": {"country": "Sri Lanka", "cause": "Monsoon Rain", "date": "2010-11-11", "dead": "2"}}, {"type": "Feature", "geometry": {"type": "Point", "coordinates": [78.4773, 9.88679]}, "properties": {"country": "India", "cause": "Monsoon Rain", "date": "2010-11-15", "dead": "170"}}, {"type": "Feature", "geometry": {"type": "Point", "coordinates": [125.566, 8.13264]}, "properties": {"country": "Philippines", "cause": "Heavy Rain", "date": "2011-01-01", "dead": "53"}}, {"type": "Feature", "geometry": {"type": "Point", "coordinates": [81.2522, 7.60326]}, "properties": {"country": "Sri Lanka", "cause": "Monsoon Rain", "date": "2011-01-05", "dead": "23"}}, {"type": "Feature", "geometry": {"type": "Point", "coordinates": [108.26, -6.8436]}, "properties": {"country": "Indonesia", "cause": "Heavy Rain", "date": "2011-01-16", "dead": "0"}}, {"type": "Feature", "geometry": {"type": "Point", "coordinates": [39.9448, 21.3521]}, "properties": {"country": "Saudi Arabia", "cause": "Torrential Rain", "date": "2011-01-26", "dead": "10"}}, {"type": "Feature", "geometry": {"type": "Point", "coordinates": [125.779, 9.40044]}, "properties": {"country": "Philippines", "cause": "Torrential Rain", "date": "2011-01-25", "dead": "0"}}, {"type": "Feature", "geometry": {"type": "Point", "coordinates": [104.669, -4.05208]}, "properties": {"country": "Malaysia", "cause": "Heavy Rain", "date": "2011-01-28", "dead": "2"}}, {"type": "Feature", "geometry": {"type": "Point", "coordinates": [80.5342, 8.51316]}, "properties": {"country": "Sri Lanka", "cause": "Heavy Rain", "date": "2011-02-01", "dead": "14"}}, {"type": "Feature", "geometry": {"type": "Point", "coordinates": [124.865, 7.09527]}, "properties": {"country": "Philippines", "cause": "Torrential Rain", "date": "2011-02-01", "dead": "11"}}, {"type": "Feature", "geometry": {"type": "Point", "coordinates": [63.9941, 35.0754]}, "properties": {"country": "Afghanistan", "cause": "Snowmelt", "date": "2011-02-10", "dead": "25"}}, {"type": "Feature", "geometry": {"type": "Point", "coordinates": [102.77, 2.65259]}, "properties": {"country": "Malaysia", "cause": "Heavy Rain", "date": "2011-02-01", "dead": "0"}}, {"type": "Feature", "geometry": {"type": "Point", "coordinates": [115.087, -8.41426]}, "properties": {"country": "Indonesia", "cause": "Torrential Rain", "date": "2011-02-24", "dead": "0"}}, {"type": "Feature", "geometry": {"type": "Point", "coordinates": [97.0985, 4.211]}, "properties": {"country": "Indonesia", "cause": "Torrential Rain", "date": "2011-03-10", "dead": "12"}}, {"type": "Feature", "geometry": {"type": "Point", "coordinates": [140.823, 37.8022]}, "properties": {"country": "Japan", "cause": "Tsunami", "date": "2011-03-11", "dead": "10000"}}, {"type": "Feature", "geometry": {"type": "Point", "coordinates": [36.397, 34.5222]}, "properties": {"country": "Lebanon", "cause": "Heavy Rain and Snow", "date": "2011-03-10", "dead": "3"}}, {"type": "Feature", "geometry": {"type": "Point", "coordinates": [125.091, 8.10431]}, "properties": {"country": "Philippines", "cause": "Torrential Rain", "date": "2011-03-14", "dead": "9"}}, {"type": "Feature", "geometry": {"type": "Point", "coordinates": [101.212, 4.85749]}, "properties": {"country": "Malaysia", "cause": "Torrential Rain", "date": "2011-03-24", "dead": "0"}}, {"type": "Feature", "geometry": {"type": "Point", "coordinates": [99.277, 8.66649]}, "properties": {"country": "Thailand", "cause": "Heavy Rain", "date": "2011-03-23", "dead": "59"}}, {"type": "Feature", "geometry": {"type": "Point", "coordinates": [98.9728, 3.32971]}, "properties": {"country": "Indonesia", "cause": "Heavy Rain", "date": "2011-03-31", "dead": "0"}}, {"type": "Feature", "geometry": {"type": "Point", "coordinates": [100.482, 6.08029]}, "properties": {"country": "Malaysia", "cause": "Heavy Rain", "date": "2011-03-31", "dead": "0"}}, {"type": "Feature", "geometry": {"type": "Point", "coordinates": [137.834, -4.39091]}, "properties": {"country": "Indonesia", "cause": "Torrential Rain", "date": "2011-04-01", "dead": "18"}}, {"type": "Feature", "geometry": {"type": "Point", "coordinates": [53.6734, 51.448]}, "properties": {"country": "Kazakhstan", "cause": "Heavy Rain and Snowmelt", "date": "2011-04-01", "dead": "0"}}, {"type": "Feature", "geometry": {"type": "Point", "coordinates": [41.5757, 36.8808]}, "properties": {"country": "Syria", "cause": "Heavy Rain", "date": "2011-04-23", "dead": "5"}}, {"type": "Feature", "geometry": {"type": "Point", "coordinates": [124.355, -9.70872]}, "properties": {"country": "Indonesia", "cause": "Torrential Rain", "date": "2011-04-23", "dead": "0"}}, {"type": "Feature", "geometry": {"type": "Point", "coordinates": [124.192, 13.6588]}, "properties": {"country": "Philippines", "cause": "Tropical Storm Aere", "date": "2011-05-08", "dead": "10"}}, {"type": "Feature", "geometry": {"type": "Point", "coordinates": [76.7588, 10.8365]}, "properties": {"country": "India", "cause": "Monsoonal Rain", "date": "2011-06-01", "dead": "4"}}, {"type": "Feature", "geometry": {"type": "Point", "coordinates": [125.208, 8.30634]}, "properties": {"country": "Philippines", "cause": "Heavy Rain", "date": "2011-06-05", "dead": "15"}}, {"type": "Feature", "geometry": {"type": "Point", "coordinates": [114.478, 27.8963]}, "properties": {"country": "China", "cause": "Monsoonal Rain", "date": "2011-06-01", "dead": "175"}}, {"type": "Feature", "geometry": {"type": "Point", "coordinates": [85.8723, 20.7933]}, "properties": {"country": "India", "cause": "Torrential Rain", "date": "2011-06-18", "dead": "5"}}, {"type": "Feature", "geometry": {"type": "Point", "coordinates": [43.4402, 42.0348]}, "properties": {"country": "Georgia", "cause": "Torrential Rain", "date": "2011-06-18", "dead": "4"}}, {"type": "Feature", "geometry": {"type": "Point", "coordinates": [69.7095, 27.9311]}, "properties": {"country": "Pakistan", "cause": "Monsoonal Rain", "date": "2011-06-16", "dead": "0"}}, {"type": "Feature", "geometry": {"type": "Point", "coordinates": [102.561, 36.9861]}, "properties": {"country": "China", "cause": "Heavy Rain", "date": "2011-06-15", "dead": "0"}}, {"type": "Feature", "geometry": {"type": "Point", "coordinates": [126.05, 7.39811]}, "properties": {"country": "Philippines", "cause": "Heavy Rain", "date": "2011-06-28", "dead": "25"}}, {"type": "Feature", "geometry": {"type": "Point", "coordinates": [134.953, 48.8518]}, "properties": {"country": "Russia", "cause": "Heavy Rain", "date": "2011-06-15", "dead": "0"}}, {"type": "Feature", "geometry": {"type": "Point", "coordinates": [101.556, 19.3801]}, "properties": {"country": "Laos", "cause": "Tropical Storm Haima", "date": "2011-06-23", "dead": "6"}}, {"type": "Feature", "geometry": {"type": "Point", "coordinates": [86.1969, 26.0844]}, "properties": {"country": "India", "cause": "Monsoonal Rain", "date": "2011-07-01", "dead": "0"}}, {"type": "Feature", "geometry": {"type": "Point", "coordinates": [94.0349, 27.3624]}, "properties": {"country": "India", "cause": "Monsoonal Rain", "date": "2011-07-01", "dead": "0"}}, {"type": "Feature", "geometry": {"type": "Point", "coordinates": [82.2779, 28.9081]}, "properties": {"country": "Nepal", "cause": "Monsoonal Rain", "date": "2011-07-02", "dead": "15"}}, {"type": "Feature", "geometry": {"type": "Point", "coordinates": [44.7839, 38.0461]}, "properties": {"country": "Iran", "cause": "Torrential Rain", "date": "2011-07-15", "dead": "3"}}, {"type": "Feature", "geometry": {"type": "Point", "coordinates": [108.111, 27.0633]}, "properties": {"country": "China", "cause": "Monsoonal Rain", "date": "2011-07-11", "dead": "6"}}, {"type": "Feature", "geometry": {"type": "Point", "coordinates": [89.0463, 22.5641]}, "properties": {"country": "Bangladesh", "cause": "Monsoonal Rain", "date": "2011-07-21", "dead": "6"}}, {"type": "Feature", "geometry": {"type": "Point", "coordinates": [80.9261, 28.5244]}, "properties": {"country": "India", "cause": "Dam releases, Monsoonal Rain", "date": "2011-07-23", "dead": "19"}}, {"type": "Feature", "geometry": {"type": "Point", "coordinates": [126.872, 37.8507]}, "properties": {"country": "South Korea", "cause": "Heavy Rain", "date": "2011-07-27", "dead": "53"}}, {"type": "Feature", "geometry": {"type": "Point", "coordinates": [102.822, 17.0382]}, "properties": {"country": "Thailand", "cause": "Tropical Storms, Monsoonal Rain", "date": "2011-08-05", "dead": "790"}}, {"type": "Feature", "geometry": {"type": "Point", "coordinates": [70.5453, 35.2213]}, "properties": {"country": "Afghanistan", "cause": "Monsoonal Rain", "date": "2011-08-05", "dead": "6"}}, {"type": "Feature", "geometry": {"type": "Point", "coordinates": [88.3453, 22.3056]}, "properties": {"country": "India", "cause": "Monsoonal Rain", "date": "2011-08-10", "dead": "47"}}, {"type": "Feature", "geometry": {"type": "Point", "coordinates": [105.501, 12.0043]}, "properties": {"country": "Cambodia", "cause": "Tropical Storm, Monsoonal Rain", "date": "2011-08-10", "dead": "264"}}, {"type": "Feature", "geometry": {"type": "Point", "coordinates": [86.2422, 26.3755]}, "properties": {"country": "India", "cause": "Monsoonal Rain", "date": "2011-08-15", "dead": "158"}}, {"type": "Feature", "geometry": {"type": "Point", "coordinates": [92.1815, 26.5897]}, "properties": {"country": "India", "cause": "Monsoonal Rain", "date": "2011-08-15", "dead": "7"}}, {"type": "Feature", "geometry": {"type": "Point", "coordinates": [69.0669, 25.0123]}, "properties": {"country": "Pakistan", "cause": "Monsoonal Rain", "date": "2011-08-12", "dead": "434"}}, {"type": "Feature", "geometry": {"type": "Point", "coordinates": [109.532, 37.4167]}, "properties": {"country": "China", "cause": "Monsoonal Rain", "date": "2011-08-01", "dead": "22"}}, {"type": "Feature", "geometry": {"type": "Point", "coordinates": [71.7428, 38.2779]}, "properties": {"country": "Pakistan", "cause": "Monsoonal Rain", "date": "2011-08-25", "dead": "71"}}, {"type": "Feature", "geometry": {"type": "Point", "coordinates": [73.9531, 22.3021]}, "properties": {"country": "India", "cause": "Monsoonal Rain", "date": "2011-08-25", "dead": "0"}}, {"type": "Feature", "geometry": {"type": "Point", "coordinates": [86.0022, 20.6511]}, "properties": {"country": "India", "cause": "Monsoonal Rain", "date": "2011-09-05", "dead": "40"}}, {"type": "Feature", "geometry": {"type": "Point", "coordinates": [121.548, 17.343]}, "properties": {"country": "Philippines", "cause": "Tropical stroms Pendring and Nalgae", "date": "2011-09-28", "dead": "1"}}, {"type": "Feature", "geometry": {"type": "Point", "coordinates": [109.005, 22.248]}, "properties": {"country": "China", "cause": "Tropical Storm Nesat", "date": "2011-10-01", "dead": "0"}}, {"type": "Feature", "geometry": {"type": "Point", "coordinates": [27.9719, 39.1045]}, "properties": {"country": "Turkey", "cause": "Torrential Rain", "date": "2011-10-08", "dead": "3"}}, {"type": "Feature", "geometry": {"type": "Point", "coordinates": [125.927, 8.08596]}, "properties": {"country": "Philippines", "cause": "Torrential Rain", "date": "2011-11-10", "dead": "0"}}, {"type": "Feature", "geometry": {"type": "Point", "coordinates": [100.378, 1.69854]}, "properties": {"country": "Indonesia", "cause": "Heavy Rain", "date": "2011-11-27", "dead": "0"}}, {"type": "Feature", "geometry": {"type": "Point", "coordinates": [120.008, -0.914218]}, "properties": {"country": "Indonesia", "cause": "Torrential Rain", "date": "2011-12-12", "dead": "0"}}, {"type": "Feature", "geometry": {"type": "Point", "coordinates": [124.875, 8.52649]}, "properties": {"country": "Philippines", "cause": "Tropical Storm Washi", "date": "2011-12-16", "dead": "957"}}, {"type": "Feature", "geometry": {"type": "Point", "coordinates": [103.007, 2.5574]}, "properties": {"country": "Malaysia", "cause": "Torrential Rain", "date": "2011-12-17", "dead": "0"}}, {"type": "Feature", "geometry": {"type": "Point", "coordinates": [80.4521, 9.30406]}, "properties": {"country": "Sri Lanka", "cause": "Heavy Rain", "date": "2011-12-17", "dead": "0"}}, {"type": "Feature", "geometry": {"type": "Point", "coordinates": [110.236, -7.37953]}, "properties": {"country": "Indonesia", "cause": "Torrential Rain", "date": "2011-12-18", "dead": "10"}}, {"type": "Feature", "geometry": {"type": "Point", "coordinates": [99.4238, 8.77228]}, "properties": {"country": "Thailand", "cause": "Torrential Rain", "date": "2012-01-01", "dead": "0"}}, {"type": "Feature", "geometry": {"type": "Point", "coordinates": [112.51, -7.48277]}, "properties": {"country": "Indonesia", "cause": "Torrential Rain", "date": "2012-01-27", "dead": "6"}}, {"type": "Feature", "geometry": {"type": "Point", "coordinates": [122.12, 7.15665]}, "properties": {"country": "Philippines", "cause": "Heavy Rain", "date": "2012-02-12", "dead": "0"}}, {"type": "Feature", "geometry": {"type": "Point", "coordinates": [106.658, -6.31874]}, "properties": {"country": "Indonesia", "cause": "Torrential Rain", "date": "2012-02-12", "dead": "0"}}, {"type": "Feature", "geometry": {"type": "Point", "coordinates": [125.265, 8.22392]}, "properties": {"country": "Philippines", "cause": "Torrential Rain", "date": "2012-02-20", "dead": "0"}}, {"type": "Feature", "geometry": {"type": "Point", "coordinates": [103.416, -2.58568]}, "properties": {"country": "Indonesia", "cause": "Torrential Rain", "date": "2012-02-20", "dead": "0"}}, {"type": "Feature", "geometry": {"type": "Point", "coordinates": [116.093, -3.18435]}, "properties": {"country": "Indonesia", "cause": "Torrential Rain", "date": "2012-03-04", "dead": "5"}}, {"type": "Feature", "geometry": {"type": "Point", "coordinates": [123.278, 13.6288]}, "properties": {"country": "Philippines", "cause": "Torrential Rain", "date": "2012-03-26", "dead": "4"}}, {"type": "Feature", "geometry": {"type": "Point", "coordinates": [40.2645, 55.6236]}, "properties": {"country": "Russia", "cause": "Snowmelt", "date": "2012-04-08", "dead": "0"}}, {"type": "Feature", "geometry": {"type": "Point", "coordinates": [51.0064, 20.5946]}, "properties": {"country": "Saudi Arabia", "cause": "Torrential Rain", "date": "2012-04-14", "dead": "19"}}, {"type": "Feature", "geometry": {"type": "Point", "coordinates": [83.8307, 28.524]}, "properties": {"country": "Nepal", "cause": "Avalance Breach", "date": "2012-05-05", "dead": "17"}}, {"type": "Feature", "geometry": {"type": "Point", "coordinates": [64.1872, 34.2696]}, "properties": {"country": "Afghanistan", "cause": "Torrential Rain", "date": "2012-05-01", "dead": "26"}}, {"type": "Feature", "geometry": {"type": "Point", "coordinates": [106.493, 32.4515]}, "properties": {"country": "China", "cause": "Heavy Rain", "date": "2012-05-08", "dead": "53"}}, {"type": "Feature", "geometry": {"type": "Point", "coordinates": [44.5194, 42.0681]}, "properties": {"country": "Georgia", "cause": "Torrential Rain", "date": "2012-05-12", "dead": "5"}}, {"type": "Feature", "geometry": {"type": "Point", "coordinates": [70.0048, 37.0528]}, "properties": {"country": "Afghanistan", "cause": "Torrential Rain", "date": "2012-05-12", "dead": "20"}}, {"type": "Feature", "geometry": {"type": "Point", "coordinates": [157.95, 68.0009]}, "properties": {"country": "Russia", "cause": "Heavy Rain", "date": "2012-05-20", "dead": "0"}}, {"type": "Feature", "geometry": {"type": "Point", "coordinates": [92.4354, 26.5659]}, "properties": {"country": "India", "cause": "Monsoonal Rain", "date": "2012-06-06", "dead": "109"}}, {"type": "Feature", "geometry": {"type": "Point", "coordinates": [124.785, 6.87373]}, "properties": {"country": "Philippines", "cause": "Heavy Rain", "date": "2012-06-08", "dead": "1"}}, {"type": "Feature", "geometry": {"type": "Point", "coordinates": [120.939, 24.0587]}, "properties": {"country": "Taiwan", "cause": "Torrential Rain", "date": "2012-06-09", "dead": "4"}}, {"type": "Feature", "geometry": {"type": "Point", "coordinates": [92.0988, 22.1723]}, "properties": {"country": "Bangladesh", "cause": "Monsoonal Rain", "date": "2012-06-24", "dead": "106"}}, {"type": "Feature", "geometry": {"type": "Point", "coordinates": [65.0555, 33.6249]}, "properties": {"country": "Afghanistan", "cause": "Torrential Rain", "date": "2012-06-23", "dead": "0"}}, {"type": "Feature", "geometry": {"type": "Point", "coordinates": [106.943, 33.4553]}, "properties": {"country": "China", "cause": "Monsoonal Rain", "date": "2012-06-22", "dead": "50"}}, {"type": "Feature", "geometry": {"type": "Point", "coordinates": [38.5436, 44.8644]}, "properties": {"country": "Russia", "cause": "Torrential Rain", "date": "2012-07-06", "dead": "171"}}, {"type": "Feature", "geometry": {"type": "Point", "coordinates": [36.7667, 41.0185]}, "properties": {"country": "Turkey", "cause": "Torrential Rain", "date": "2012-07-03", "dead": "10"}}, {"type": "Feature", "geometry": {"type": "Point", "coordinates": [86.557, 26.1094]}, "properties": {"country": "India", "cause": "Monsoonal Rain", "date": "2012-07-04", "dead": "9"}}, {"type": "Feature", "geometry": {"type": "Point", "coordinates": [130.566, 33.424]}, "properties": {"country": "Japan", "cause": "Heavy Rain", "date": "2012-07-04", "dead": "28"}}, {"type": "Feature", "geometry": {"type": "Point", "coordinates": [113.04, 31.4158]}, "properties": {"country": "China", "cause": "Monsoonal Rain", "date": "2012-07-09", "dead": "58"}}, {"type": "Feature", "geometry": {"type": "Point", "coordinates": [117.702, 42.3329]}, "properties": {"country": "China", "cause": "Torrential Rain", "date": "2012-07-21", "dead": "77"}}, {"type": "Feature", "geometry": {"type": "Point", "coordinates": [44.8967, 41.7]}, "properties": {"country": "Georgia", "cause": "Torrential Rain", "date": "2012-07-19", "dead": "0"}}, {"type": "Feature", "geometry": {"type": "Point", "coordinates": [122.436, 0.782182]}, "properties": {"country": "Indonesia", "cause": "Torrential Rain", "date": "2012-07-20", "dead": "0"}}, {"type": "Feature", "geometry": {"type": "Point", "coordinates": [121.195, 15.2044]}, "properties": {"country": "Philippines", "cause": "Monoonal Rain", "date": "2012-07-21", "dead": "8"}}, {"type": "Feature", "geometry": {"type": "Point", "coordinates": [126.027, 38.7791]}, "properties": {"country": "North Korea", "cause": "Heavy Rain", "date": "2012-07-20", "dead": "169"}}, {"type": "Feature", "geometry": {"type": "Point", "coordinates": [121.037, 15.9469]}, "properties": {"country": "Philippines", "cause": "Tropical Storm Saola", "date": "2012-07-28", "dead": "3"}}, {"type": "Feature", "geometry": {"type": "Point", "coordinates": [110.85, 34.7959]}, "properties": {"country": "China", "cause": "Heavy Rain", "date": "2012-07-25", "dead": "0"}}, {"type": "Feature", "geometry": {"type": "Point", "coordinates": [78.8529, 30.1135]}, "properties": {"country": "India", "cause": "Torrential Rain", "date": "2012-08-04", "dead": "30"}}, {"type": "Feature", "geometry": {"type": "Point", "coordinates": [82.3216, 19.4398]}, "properties": {"country": "India", "cause": "Monsoonal Rain", "date": "2012-08-03", "dead": "0"}}, {"type": "Feature", "geometry": {"type": "Point", "coordinates": [122.594, 40.5195]}, "properties": {"country": "China", "cause": "Typhoons  Damrey and Saola", "date": "2012-08-03", "dead": "2"}}, {"type": "Feature", "geometry": {"type": "Point", "coordinates": [103.73, 31.1602]}, "properties": {"country": "China", "cause": "Monsoonal Rain", "date": "2012-08-14", "dead": "13"}}, {"type": "Feature", "geometry": {"type": "Point", "coordinates": [82.7962, 20.9855]}, "properties": {"country": "India", "cause": "Monsoonal Rain", "date": "2012-08-16", "dead": "1"}}, {"type": "Feature", "geometry": {"type": "Point", "coordinates": [135.556, 34.6167]}, "properties": {"country": "Japan", "cause": "Torrential Rain", "date": "2012-08-12", "dead": "3"}}, {"type": "Feature", "geometry": {"type": "Point", "coordinates": [97.8535, 16.5919]}, "properties": {"country": "Myanmar", "cause": "Monsoonal Rain", "date": "2012-07-15", "dead": "0"}}, {"type": "Feature", "geometry": {"type": "Point", "coordinates": [73.5222, 35.0305]}, "properties": {"country": "Pakistan", "cause": "Monsoonal Rain", "date": "2012-08-23", "dead": "26"}}, {"type": "Feature", "geometry": {"type": "Point", "coordinates": [106.115, 37.3916]}, "properties": {"country": "China", "cause": "Torrential Rain", "date": "2012-08-25", "dead": "6"}}, {"type": "Feature", "geometry": {"type": "Point", "coordinates": [105.458, 19.0626]}, "properties": {"country": "Vietnam", "cause": "Torrential Rain", "date": "2012-09-02", "dead": "6"}}, {"type": "Feature", "geometry": {"type": "Point", "coordinates": [126.246, 38.1949]}, "properties": {"country": "North Korea", "cause": "Tropical Storms", "date": "2012-08-17", "dead": "59"}}, {"type": "Feature", "geometry": {"type": "Point", "coordinates": [76.8569, 31.3063]}, "properties": {"country": "India", "cause": "Torrential Rain", "date": "2012-09-16", "dead": "45"}}, {"type": "Feature", "geometry": {"type": "Point", "coordinates": [68.7756, 28.0445]}, "properties": {"country": "Pakistan", "cause": "Monsoonal Rain", "date": "2012-09-10", "dead": "400"}}, {"type": "Feature", "geometry": {"type": "Point", "coordinates": [99.6405, 17.0909]}, "properties": {"country": "Thailand", "cause": "Monsoonal Rain", "date": "2012-09-12", "dead": "0"}}, {"type": "Feature", "geometry": {"type": "Point", "coordinates": [107.186, 30.3813]}, "properties": {"country": "China", "cause": "Heavy Rain", "date": "2012-09-09", "dead": "7"}}, {"type": "Feature", "geometry": {"type": "Point", "coordinates": [93.6379, 26.8031]}, "properties": {"country": "India", "cause": "Monsoonal Rain", "date": "2012-09-19", "dead": "21"}}, {"type": "Feature", "geometry": {"type": "Point", "coordinates": [54.2681, 36.5397]}, "properties": {"country": "Iran", "cause": "Torrential Rain", "date": "2012-10-12", "dead": "7"}}, {"type": "Feature", "geometry": {"type": "Point", "coordinates": [47.5986, 42.3329]}, "properties": {"country": "Russia", "cause": "Torrential Rain", "date": "2012-10-09", "dead": "7"}}, {"type": "Feature", "geometry": {"type": "Point", "coordinates": [78.8042, 11.8283]}, "properties": {"country": "India", "cause": "Tropical Storm Nilam", "date": "2012-11-04", "dead": "40"}}, {"type": "Feature", "geometry": {"type": "Point", "coordinates": [102.61, 2.87071]}, "properties": {"country": "Malaysia", "cause": "Heavy Rain", "date": "2012-11-04", "dead": "0"}}, {"type": "Feature", "geometry": {"type": "Point", "coordinates": [124.469, 7.98723]}, "properties": {"country": "Philippines", "cause": "Tropical Storm Bopha", "date": "2012-12-04", "dead": "74"}}, {"type": "Feature", "geometry": {"type": "Point", "coordinates": [28.7097, 39.5093]}, "properties": {"country": "Turkey", "cause": "Torrential Rain", "date": "2012-12-02", "dead": "1"}}, {"type": "Feature", "geometry": {"type": "Point", "coordinates": [103.073, 2.61996]}, "properties": {"country": "Malaysia", "cause": "Torrential Rain", "date": "2012-12-01", "dead": "0"}}, {"type": "Feature", "geometry": {"type": "Point", "coordinates": [80.7759, 7.97653]}, "properties": {"country": "Sri Lanka", "cause": "Heavy Rain", "date": "2012-12-16", "dead": "9"}}, {"type": "Feature", "geometry": {"type": "Point", "coordinates": [39.1034, 44.2559]}, "properties": {"country": "Russia", "cause": "Torrential Rain", "date": "2013-01-06", "dead": "4"}}, {"type": "Feature", "geometry": {"type": "Point", "coordinates": [121.883, -3.86702]}, "properties": {"country": "Indonesia", "cause": "Heavy Rain", "date": "2013-01-03", "dead": "8"}}, {"type": "Feature", "geometry": {"type": "Point", "coordinates": [101.661, 5.48006]}, "properties": {"country": "Malaysia", "cause": "Torrential Rain", "date": "2013-01-03", "dead": "0"}}, {"type": "Feature", "geometry": {"type": "Point", "coordinates": [118.626, 9.88586]}, "properties": {"country": "Philippines", "cause": "Tropical Storm Auring", "date": "2013-01-03", "dead": "0"}}, {"type": "Feature", "geometry": {"type": "Point", "coordinates": [125.308, 7.25699]}, "properties": {"country": "Philippines", "cause": "Heavy Rain", "date": "2013-01-04", "dead": "0"}}, {"type": "Feature", "geometry": {"type": "Point", "coordinates": [80.9219, 7.59777]}, "properties": {"country": "Sri Lanka", "cause": "Heavy Rain", "date": "2013-01-08", "dead": "52"}}, {"type": "Feature", "geometry": {"type": "Point", "coordinates": [36.4502, 32.8398]}, "properties": {"country": "Palestine", "cause": "Heavy Rain", "date": "2013-01-08", "dead": "2"}}, {"type": "Feature", "geometry": {"type": "Point", "coordinates": [106.73, -6.17945]}, "properties": {"country": "Indonesia", "cause": "Monsoonal Rain", "date": "2013-01-13", "dead": "32"}}, {"type": "Feature", "geometry": {"type": "Point", "coordinates": [100.565, 0.733498]}, "properties": {"country": "Indonesia", "cause": "Heavy Rain", "date": "2013-02-16", "dead": "0"}}, {"type": "Feature", "geometry": {"type": "Point", "coordinates": [124.508, 1.0256]}, "properties": {"country": "Indonesia", "cause": "Heavy Rain", "date": "2013-02-16", "dead": "17"}}, {"type": "Feature", "geometry": {"type": "Point", "coordinates": [39.2468, 44.3289]}, "properties": {"country": "Russia", "cause": "Torrential Rain", "date": "2013-02-20", "dead": "4"}}, {"type": "Feature", "geometry": {"type": "Point", "coordinates": [104.265, -2.41871]}, "properties": {"country": "Indonesia", "cause": "Heavy rain", "date": "2013-02-20", "dead": "0"}}, {"type": "Feature", "geometry": {"type": "Point", "coordinates": [102.026, 4.29951]}, "properties": {"country": "Malaysia", "cause": "HeavyRain", "date": "2013-02-10", "dead": "0"}}, {"type": "Feature", "geometry": {"type": "Point", "coordinates": [101.308, 6.46589]}, "properties": {"country": "Thailand", "cause": "Heavy Rain", "date": "2013-02-25", "dead": "0"}}, {"type": "Feature", "geometry": {"type": "Point", "coordinates": [122.984, 8.18196]}, "properties": {"country": "Philippines", "cause": "Heavy Rain", "date": "2002-06-26", "dead": "6"}}, {"type": "Feature", "geometry": {"type": "Point", "coordinates": [52.3938, 22.7624]}, "properties": {"country": "Saudi Arabia", "cause": "Heavy Rain", "date": "2013-04-25", "dead": "0"}}, {"type": "Feature", "geometry": {"type": "Point", "coordinates": [68.8486, 36.9291]}, "properties": {"country": "Afghanistan", "cause": "Torrential Rain", "date": "2013-04-23", "dead": "13"}}, {"type": "Feature", "geometry": {"type": "Point", "coordinates": [133.329, 68.1591]}, "properties": {"country": "Russia", "cause": "Ice Jam and Ice Melt", "date": "2013-05-06", "dead": "0"}}, {"type": "Feature", "geometry": {"type": "Point", "coordinates": [98.6181, 3.84919]}, "properties": {"country": "Indonesia", "cause": "Torrential Rain", "date": "2013-05-06", "dead": "0"}}, {"type": "Feature", "geometry": {"type": "Point", "coordinates": [91.194, 23.6387]}, "properties": {"country": "Bangladesh", "cause": "Tropical Storm Mahasen", "date": "2013-05-14", "dead": "19"}}, {"type": "Feature", "geometry": {"type": "Point", "coordinates": [114.464, 23.6387]}, "properties": {"country": "China", "cause": "Monsoonal Rain", "date": "2013-05-12", "dead": "55"}}, {"type": "Feature", "geometry": {"type": "Point", "coordinates": [80.5325, 7.13528]}, "properties": {"country": "Sri Lanka", "cause": "Tropical Storm Mahasen", "date": "2013-05-13", "dead": "7"}}, {"type": "Feature", "geometry": {"type": "Point", "coordinates": [76.6135, 32.7135]}, "properties": {"country": "India", "cause": "Monsoonal Rain", "date": "2013-06-12", "dead": "5748"}}, {"type": "Feature", "geometry": {"type": "Point", "coordinates": [82.5285, 21.9781]}, "properties": {"country": "India", "cause": "Monsoonal Rain", "date": "2013-06-11", "dead": "0"}}, {"type": "Feature", "geometry": {"type": "Point", "coordinates": [94.9182, 27.387]}, "properties": {"country": "India", "cause": "Monsoonal Rain", "date": "2013-06-23", "dead": "80"}}, {"type": "Feature", "geometry": {"type": "Point", "coordinates": [104.85, 17.6991]}, "properties": {"country": "Laos", "cause": "Monsoonal Rain", "date": "2013-06-23", "dead": "0"}}, {"type": "Feature", "geometry": {"type": "Point", "coordinates": [104.022, 30.4563]}, "properties": {"country": "China", "cause": "Heavy Rain", "date": "2013-07-05", "dead": "200"}}, {"type": "Feature", "geometry": {"type": "Point", "coordinates": [118.14, 25.8633]}, "properties": {"country": "China", "cause": "Tropical Storm Sulik", "date": "2013-07-13", "dead": "1"}}, {"type": "Feature", "geometry": {"type": "Point", "coordinates": [108.355, 23.0867]}, "properties": {"country": "China", "cause": "Torrential Rain", "date": "2013-07-11", "dead": "0"}}, {"type": "Feature", "geometry": {"type": "Point", "coordinates": [126.319, 39.6151]}, "properties": {"country": "North Korea", "cause": "Heavy Rain", "date": "2013-07-10", "dead": "2"}}, {"type": "Feature", "geometry": {"type": "Point", "coordinates": [70.6377, 32.8144]}, "properties": {"country": "Pakistan", "cause": "Heavy Rain", "date": "2013-08-01", "dead": "135"}}, {"type": "Feature", "geometry": {"type": "Point", "coordinates": [128.424, 50.0043]}, "properties": {"country": "Russia", "cause": "Heavy Rain", "date": "2013-08-01", "dead": "0"}}, {"type": "Feature", "geometry": {"type": "Point", "coordinates": [69.1065, 28.7404]}, "properties": {"country": "Pakistan", "cause": "Monsoon Rain, began with #4078", "date": "2013-08-07", "dead": "70"}}, {"type": "Feature", "geometry": {"type": "Point", "coordinates": [130.272, 50.5323]}, "properties": {"country": "China", "cause": "Heavy Rain, began with #4079", "date": "2013-08-07", "dead": "100"}}, {"type": "Feature", "geometry": {"type": "Point", "coordinates": [121.142, 16.3191]}, "properties": {"country": "Philippines", "cause": "Monsoonal Rain and Offshore Tropica", "date": "2013-08-13", "dead": "8"}}, {"type": "Feature", "geometry": {"type": "Point", "coordinates": [100.184, 35.9161]}, "properties": {"country": "China", "cause": "Monsoonal Rain", "date": "2013-08-18", "dead": "80"}}, {"type": "Feature", "geometry": {"type": "Point", "coordinates": [113.694, 22.7696]}, "properties": {"country": "China", "cause": "Tropical Storm Utor", "date": "2013-08-15", "dead": "40"}}, {"type": "Feature", "geometry": {"type": "Point", "coordinates": [105.084, 12.658]}, "properties": {"country": "Cambodia", "cause": "Monsoonal Rain", "date": "2013-09-27", "dead": "122"}}, {"type": "Feature", "geometry": {"type": "Point", "coordinates": [84.2495, 21.2719]}, "properties": {"country": "India", "cause": "Tropical Storm Phailin", "date": "2013-10-12", "dead": "27"}}, {"type": "Feature", "geometry": {"type": "Point", "coordinates": [101.694, 13.0819]}, "properties": {"country": "Thailand", "cause": "Monsoonal Rain", "date": "2013-09-30", "dead": "42"}}, {"type": "Feature", "geometry": {"type": "Point", "coordinates": [121.192, 16.6413]}, "properties": {"country": "Philippines", "cause": "Tropical Storm Nari", "date": "2013-10-12", "dead": "13"}}, {"type": "Feature", "geometry": {"type": "Point", "coordinates": [120.573, 29.15]}, "properties": {"country": "China", "cause": "Tropical Storm Fitow", "date": "2013-10-08", "dead": "6"}}, {"type": "Feature", "geometry": {"type": "Point", "coordinates": [99.6771, 2.95415]}, "properties": {"country": "Indonesia", "cause": "Torrential Rain", "date": "2013-10-07", "dead": "0"}}, {"type": "Feature", "geometry": {"type": "Point", "coordinates": [85.9321, 24.7174]}, "properties": {"country": "India", "cause": "Heavy Rain", "date": "2013-10-12", "dead": "7"}}, {"type": "Feature", "geometry": {"type": "Point", "coordinates": [125.052, 11.4452]}, "properties": {"country": "Philippines", "cause": "Tropical Storm Haiyan/Yolanda", "date": "2013-11-08", "dead": "2000"}}, {"type": "Feature", "geometry": {"type": "Point", "coordinates": [107.706, 15.5821]}, "properties": {"country": "Vietnam", "cause": "Heavy Rain", "date": "2013-11-14", "dead": "41"}}, {"type": "Feature", "geometry": {"type": "Point", "coordinates": [44.8084, 27.4145]}, "properties": {"country": "Saudi Arabia", "cause": "Torrential Rain", "date": "2013-11-18", "dead": "15"}}, {"type": "Feature", "geometry": {"type": "Point", "coordinates": [57.4276, 21.6819]}, "properties": {"country": "Oman", "cause": "Tropical Storm", "date": "2013-11-08", "dead": "100"}}, {"type": "Feature", "geometry": {"type": "Point", "coordinates": [102.362, 3.58444]}, "properties": {"country": "Malaysia", "cause": "Monsoonal Rain", "date": "2013-12-01", "dead": "1"}}, {"type": "Feature", "geometry": {"type": "Point", "coordinates": [100.395, 7.2182]}, "properties": {"country": "Thailand", "cause": "Monsoonal Rain", "date": "2013-11-20", "dead": "23"}}, {"type": "Feature", "geometry": {"type": "Point", "coordinates": [97.2893, 4.48013]}, "properties": {"country": "Indonesia", "cause": "Heavy Rain", "date": "2013-12-29", "dead": "0"}}, {"type": "Feature", "geometry": {"type": "Point", "coordinates": [107.706, -6.6324]}, "properties": {"country": "Indonesia", "cause": "Heavy Rain", "date": "2014-01-08", "dead": "23"}}, {"type": "Feature", "geometry": {"type": "Point", "coordinates": [66.4342, 35.834]}, "properties": {"country": "Afghanistan", "cause": "Torrential Rain", "date": "2014-04-20", "dead": "123"}}, {"type": "Feature", "geometry": {"type": "Point", "coordinates": [69.3787, 38.4853]}, "properties": {"country": "Tajikistan", "cause": "Heavy Rain", "date": "2014-05-10", "dead": "0"}}, {"type": "Feature", "geometry": {"type": "Point", "coordinates": [111.467, 27.3821]}, "properties": {"country": "China", "cause": "Heavy Rain", "date": "2014-05-12", "dead": "1"}}, {"type": "Feature", "geometry": {"type": "Point", "coordinates": [68.0178, 35.6352]}, "properties": {"country": "Afghanistan", "cause": "Heavy Rain", "date": "2014-06-03", "dead": "0"}}, {"type": "Feature", "geometry": {"type": "Point", "coordinates": [80.1668, 7.66215]}, "properties": {"country": "Sri Lanka", "cause": "Tropical Storm Boris", "date": "2014-06-04", "dead": "5"}}, {"type": "Feature", "geometry": {"type": "Point", "coordinates": [113.342, 23.2652]}, "properties": {"country": "China", "cause": "Heavy Rain", "date": "2014-05-30", "dead": "6"}}, {"type": "Feature", "geometry": {"type": "Point", "coordinates": [57.2544, 34.3756]}, "properties": {"country": "Iran", "cause": "Monsoonal Rain", "date": "2014-06-01", "dead": "37"}}, {"type": "Feature", "geometry": {"type": "Point", "coordinates": [94.3696, 55.0332]}, "properties": {"country": "Russia", "cause": "Torrential Rain", "date": "2014-06-04", "dead": "70"}}, {"type": "Feature", "geometry": {"type": "Point", "coordinates": [124.73, 6.7719]}, "properties": {"country": "Philippines", "cause": "Heavy Rain", "date": "2014-06-17", "dead": "0"}}, {"type": "Feature", "geometry": {"type": "Point", "coordinates": [94.716, 27.8115]}, "properties": {"country": "India", "cause": "Monsoonal Ran", "date": "2014-06-23", "dead": "0"}}, {"type": "Feature", "geometry": {"type": "Point", "coordinates": [112.358, 26.4396]}, "properties": {"country": "China", "cause": "Monsoonal Rain", "date": "2014-06-05", "dead": "14"}}, {"type": "Feature", "geometry": {"type": "Point", "coordinates": [99.739, 19.8258]}, "properties": {"country": "Thailand", "cause": "Heavy Rain", "date": "2014-07-11", "dead": "0"}}, {"type": "Feature", "geometry": {"type": "Point", "coordinates": [90.5498, 22.3313]}, "properties": {"country": "Bangladesh", "cause": "Heavy Rain and High Tide", "date": "2014-07-13", "dead": "0"}}, {"type": "Feature", "geometry": {"type": "Point", "coordinates": [84.6207, 28.4737]}, "properties": {"country": "Nepal", "cause": "Torrential Rain", "date": "2014-07-01", "dead": "16"}}, {"type": "Feature", "geometry": {"type": "Point", "coordinates": [84.1258, 20.7752]}, "properties": {"country": "India", "cause": "Monsoonal Rain", "date": "2014-07-20", "dead": "6"}}, {"type": "Feature", "geometry": {"type": "Point", "coordinates": [156.129, 62.7394]}, "properties": {"country": "Russia", "cause": "Heavy Rain", "date": "2014-07-22", "dead": "0"}}, {"type": "Feature", "geometry": {"type": "Point", "coordinates": [107.508, 21.4955]}, "properties": {"country": "China", "cause": "Typhoon Rammasun", "date": "2014-07-18", "dead": "46"}}, {"type": "Feature", "geometry": {"type": "Point", "coordinates": [136.31, 35.7986]}, "properties": {"country": "Japan", "cause": "Torrential Rain", "date": "2014-08-16", "dead": "3"}}, {"type": "Feature", "geometry": {"type": "Point", "coordinates": [81.9731, 28.9832]}, "properties": {"country": "Nepal", "cause": "Monsoonal Rain", "date": "2014-08-12", "dead": "180"}}, {"type": "Feature", "geometry": {"type": "Point", "coordinates": [79.7586, 27.3852]}, "properties": {"country": "India", "cause": "Monsoonal Rain", "date": "2014-08-11", "dead": "31"}}, {"type": "Feature", "geometry": {"type": "Point", "coordinates": [114.164, 25.4709]}, "properties": {"country": "China", "cause": "Monsoonal Rain", "date": "2014-08-11", "dead": "27"}}, {"type": "Feature", "geometry": {"type": "Point", "coordinates": [107.83, -7.0044]}, "properties": {"country": "Indonesia", "cause": "Torrential Rain", "date": "2014-08-11", "dead": "2"}}, {"type": "Feature", "geometry": {"type": "Point", "coordinates": [86.2537, 26.1795]}, "properties": {"country": "India", "cause": "Monsoonal Rain", "date": "2014-08-14", "dead": "0"}}, {"type": "Feature", "geometry": {"type": "Point", "coordinates": [94.6542, 27.6132]}, "properties": {"country": "India", "cause": "Monsoonal Rain", "date": "2014-08-15", "dead": "1"}}, {"type": "Feature", "geometry": {"type": "Point", "coordinates": [90.6333, 24.5661]}, "properties": {"country": "Bangladesh", "cause": "Monsoonal Rain", "date": "2014-08-20", "dead": "17"}}, {"type": "Feature", "geometry": {"type": "Point", "coordinates": [75.3419, 33.9449]}, "properties": {"country": "Pakistan", "cause": "Monoonal Rain", "date": "2014-09-01", "dead": "300"}}, {"type": "Feature", "geometry": {"type": "Point", "coordinates": [128.392, 36.051]}, "properties": {"country": "South Korea", "cause": "Torrential Rain", "date": "2014-08-24", "dead": "5"}}, {"type": "Feature", "geometry": {"type": "Point", "coordinates": [100.457, 16.4039]}, "properties": {"country": "Thailand", "cause": "Monsoonal Rain", "date": "2014-09-01", "dead": "0"}}, {"type": "Feature", "geometry": {"type": "Point", "coordinates": [108.35, 30.7799]}, "properties": {"country": "China", "cause": "Monsoonal Rain", "date": "2014-09-01", "dead": "44"}}, {"type": "Feature", "geometry": {"type": "Point", "coordinates": [92.4891, 26.7465]}, "properties": {"country": "India", "cause": "Monsoonal rain", "date": "2014-09-24", "dead": "59"}}, {"type": "Feature", "geometry": {"type": "Point", "coordinates": [121.612, 14.6575]}, "properties": {"country": "Philippines", "cause": "Tropical Storm Fung-Wong", "date": "2014-09-19", "dead": "5"}}, {"type": "Feature", "geometry": {"type": "Point", "coordinates": [117.183, 6.0074]}, "properties": {"country": "Malaysia", "cause": "Torrential Rain", "date": "2014-10-04", "dead": "0"}}, {"type": "Feature", "geometry": {"type": "Point", "coordinates": [79.6967, 18.4473]}, "properties": {"country": "India", "cause": "Tropical Storm Hudhug", "date": "2014-10-12", "dead": "42"}}, {"type": "Feature", "geometry": {"type": "Point", "coordinates": [78.2616, 10.2916]}, "properties": {"country": "India", "cause": "Monsoonal Rain", "date": "2014-10-22", "dead": "5"}}, {"type": "Feature", "geometry": {"type": "Point", "coordinates": [100.753, -1.02615]}, "properties": {"country": "Indonesia", "cause": "Heavy Rain", "date": "2014-11-14", "dead": "0"}}, {"type": "Feature", "geometry": {"type": "Point", "coordinates": [99.5163, 8.02409]}, "properties": {"country": "Thailand", "cause": "Monsoonal Rain", "date": "2014-11-07", "dead": "0"}}, {"type": "Feature", "geometry": {"type": "Point", "coordinates": [34.4532, 31.3378]}, "properties": {"country": "Palestine", "cause": "Torrential Rain", "date": "2014-11-26", "dead": "0"}}, {"type": "Feature", "geometry": {"type": "Point", "coordinates": [80.9834, 7.90972]}, "properties": {"country": "Sri Lanka", "cause": "Monsoonal Rain", "date": "2014-12-20", "dead": "39"}}, {"type": "Feature", "geometry": {"type": "Point", "coordinates": [102.164, 4.72508]}, "properties": {"country": "Malaysia", "cause": "Monsoonal Rain", "date": "2014-12-20", "dead": "34"}}, {"type": "Feature", "geometry": {"type": "Point", "coordinates": [124.903, 8.65608]}, "properties": {"country": "Philippines", "cause": "Tropical Storm Jangmai", "date": "2014-12-10", "dead": "53"}}, {"type": "Feature", "geometry": {"type": "Point", "coordinates": [122.862, 0.686073]}, "properties": {"country": "Indonesia", "cause": "Heavy Rain", "date": "2015-02-05", "dead": "0"}}, {"type": "Feature", "geometry": {"type": "Point", "coordinates": [108.399, -6.55868]}, "properties": {"country": "Indonesia", "cause": "Torrential Rain", "date": "2015-03-15", "dead": "0"}}, {"type": "Feature", "geometry": {"type": "Point", "coordinates": [76.4058, 33.1767]}, "properties": {"country": "India", "cause": "Heavy Rain", "date": "2015-03-20", "dead": "44"}}, {"type": "Feature", "geometry": {"type": "Point", "coordinates": [110.676, 27.9271]}, "properties": {"country": "China", "cause": "Tropical Storm Maysak", "date": "2015-04-04", "dead": "0"}}, {"type": "Feature", "geometry": {"type": "Point", "coordinates": [71.8901, 33.5131]}, "properties": {"country": "Pakistan", "cause": "Torrential Rain", "date": "2015-04-26", "dead": "44"}}, {"type": "Feature", "geometry": {"type": "Point", "coordinates": [114.981, 27.0326]}, "properties": {"country": "China", "cause": "Heavy Rain", "date": "2015-05-13", "dead": "57"}}, {"type": "Feature", "geometry": {"type": "Point", "coordinates": [79.1771, 10.7121]}, "properties": {"country": "India", "cause": "Torrential Rain", "date": "2015-05-17", "dead": "8"}}, {"type": "Feature", "geometry": {"type": "Point", "coordinates": [73.2634, 37.8142]}, "properties": {"country": "Tajikistan", "cause": "Torrential Rain", "date": "2015-05-11", "dead": "0"}}, {"type": "Feature", "geometry": {"type": "Point", "coordinates": [81.5277, 58.1901]}, "properties": {"country": "Russia", "cause": "Heavy Rain", "date": "2015-05-15", "dead": "0"}}, {"type": "Feature", "geometry": {"type": "Point", "coordinates": [93.8747, 26.9195]}, "properties": {"country": "India", "cause": "Monsoonal Rain", "date": "2015-06-02", "dead": "3"}}, {"type": "Feature", "geometry": {"type": "Point", "coordinates": [44.5362, 42.0683]}, "properties": {"country": "Georgia", "cause": "Torrential Rain", "date": "2015-06-13", "dead": "12"}}, {"type": "Feature", "geometry": {"type": "Point", "coordinates": [87.3919, 27.4682]}, "properties": {"country": "Nepal", "cause": "Monsoonal Rain", "date": "2015-06-10", "dead": "40"}}, {"type": "Feature", "geometry": {"type": "Point", "coordinates": [91.9942, 22.4079]}, "properties": {"country": "Bangladesh", "cause": "Torrential Rain", "date": "2015-06-24", "dead": "0"}}, {"type": "Feature", "geometry": {"type": "Point", "coordinates": [70.7643, 21.8734]}, "properties": {"country": "India", "cause": "Monsoonal Rain", "date": "2015-06-24", "dead": "81"}}, {"type": "Feature", "geometry": {"type": "Point", "coordinates": [39.3401, 44.1285]}, "properties": {"country": "Russia", "cause": "Torrential Rain", "date": "2015-06-25", "dead": "1"}}, {"type": "Feature", "geometry": {"type": "Point", "coordinates": [103.525, 21.3114]}, "properties": {"country": "Vietnam", "cause": "Tropical Storm Kujira", "date": "2015-06-24", "dead": "7"}}, {"type": "Feature", "geometry": {"type": "Point", "coordinates": [72.8428, 35.0129]}, "properties": {"country": "Pakistan", "cause": "Torrential Rain", "date": "2015-06-25", "dead": "10"}}, {"type": "Feature", "geometry": {"type": "Point", "coordinates": [72.2737, 34.3432]}, "properties": {"country": "Pakistan", "cause": "Monsoonal Rain", "date": "2015-07-15", "dead": "166"}}, {"type": "Feature", "geometry": {"type": "Point", "coordinates": [73.1149, 38.0626]}, "properties": {"country": "Tajikistan", "cause": "Snowmelt", "date": "2015-07-15", "dead": "0"}}, {"type": "Feature", "geometry": {"type": "Point", "coordinates": [54.0377, 33.3604]}, "properties": {"country": "Iran", "cause": "Torrential Rain", "date": "2015-07-14", "dead": "20"}}, {"type": "Feature", "geometry": {"type": "Point", "coordinates": [120.796, 15.5509]}, "properties": {"country": "Philippines", "cause": "Monsoonal Rain", "date": "2015-07-12", "dead": "4"}}, {"type": "Feature", "geometry": {"type": "Point", "coordinates": [106.865, 20.8137]}, "properties": {"country": "Vietnam", "cause": "Torrential Rain", "date": "2015-07-25", "dead": "20"}}, {"type": "Feature", "geometry": {"type": "Point", "coordinates": [82.6165, 26.2074]}, "properties": {"country": "India", "cause": "Monsoonal Rain and Tropical Storm K", "date": "2015-07-15", "dead": "206"}}, {"type": "Feature", "geometry": {"type": "Point", "coordinates": [95.5326, 20.1747]}, "properties": {"country": "Myanmar", "cause": "Monsoonal Rain", "date": "2015-07-15", "dead": "88"}}, {"type": "Feature", "geometry": {"type": "Point", "coordinates": [112.531, 35.0925]}, "properties": {"country": "China", "cause": "Torrential Rain", "date": "2015-08-02", "dead": "8"}}, {"type": "Feature", "geometry": {"type": "Point", "coordinates": [125.052, 7.39149]}, "properties": {"country": "Philippines", "cause": "Torrential Rain", "date": "2015-08-02", "dead": "7"}}, {"type": "Feature", "geometry": {"type": "Point", "coordinates": [93.751, 26.8946]}, "properties": {"country": "India", "cause": "Monsoonal Rain", "date": "2015-08-13", "dead": "5"}}, {"type": "Feature", "geometry": {"type": "Point", "coordinates": [140.046, 36.9375]}, "properties": {"country": "Japan", "cause": "Tropical Storm Etau", "date": "2015-09-09", "dead": "3"}}, {"type": "Feature", "geometry": {"type": "Point", "coordinates": [104.762, 20.5669]}, "properties": {"country": "Vietnam", "cause": "Torrential Rain", "date": "2015-09-07", "dead": "2"}}, {"type": "Feature", "geometry": {"type": "Point", "coordinates": [121.241, 16.691]}, "properties": {"country": "Philippines", "cause": "Tropical Storm Koppu", "date": "2015-10-22", "dead": "54"}}, {"type": "Feature", "geometry": {"type": "Point", "coordinates": [98.4028, 3.66137]}, "properties": {"country": "Indonesia", "cause": "Heavy Rain", "date": "2015-10-23", "dead": "0"}}, {"type": "Feature", "geometry": {"type": "Point", "coordinates": [78.8554, 11.8278]}, "properties": {"country": "India", "cause": "Tropical Storm Rovan", "date": "2015-11-10", "dead": "180"}}, {"type": "Feature", "geometry": {"type": "Point", "coordinates": [51.885, 21.6586]}, "properties": {"country": "Qatar", "cause": "Torrential Rain", "date": "2015-11-25", "dead": "1"}}, {"type": "Feature", "geometry": {"type": "Point", "coordinates": [73.1892, -0.144295]}, "properties": {"country": "Maldives", "cause": "Torrential Rain", "date": "2015-11-25", "dead": "0"}}, {"type": "Feature", "geometry": {"type": "Point", "coordinates": [121.229, 12.8357]}, "properties": {"country": "Philippines", "cause": "Tropical storms Melor, Onyok", "date": "2015-12-12", "dead": "40"}}, {"type": "Feature", "geometry": {"type": "Point", "coordinates": [103.352, -2.46543]}, "properties": {"country": "Indonesia", "cause": "Torrential Rain", "date": "2016-01-18", "dead": "1"}}, {"type": "Feature", "geometry": {"type": "Point", "coordinates": [113.991, 24.7041]}, "properties": {"country": "China", "cause": "Monsoonal Rain", "date": "2016-03-19", "dead": "5"}}, {"type": "Feature", "geometry": {"type": "Point", "coordinates": [71.7788, 33.0545]}, "properties": {"country": "Pakistan", "cause": "Heavy Rain", "date": "2016-03-12", "dead": "121"}}, {"type": "Feature", "geometry": {"type": "Point", "coordinates": [101.669, -1.64626]}, "properties": {"country": "Indonesia", "cause": "Heavy Rain", "date": "2016-03-21", "dead": "3"}}, {"type": "Feature", "geometry": {"type": "Point", "coordinates": [53.5676, 21.311]}, "properties": {"country": "Oman", "cause": "Torrential Rain", "date": "2016-04-08", "dead": "5"}}, {"type": "Feature", "geometry": {"type": "Point", "coordinates": [59.8029, 61.9672]}, "properties": {"country": "Russia", "cause": "Snowmelt and Ice Jams", "date": "2016-04-15", "dead": "0"}}, {"type": "Feature", "geometry": {"type": "Point", "coordinates": [95.6068, 27.464]}, "properties": {"country": "India", "cause": "Heavy Rain", "date": "2016-04-20", "dead": "18"}}, {"type": "Feature", "geometry": {"type": "Point", "coordinates": [112.952, 24.7532]}, "properties": {"country": "China", "cause": "Heavy Rain", "date": "2016-05-08", "dead": "60"}}, {"type": "Feature", "geometry": {"type": "Point", "coordinates": [47.0353, 51.3145]}, "properties": {"country": "Russia", "cause": "Snowmelt and Rain", "date": "2016-04-15", "dead": "0"}}, {"type": "Feature", "geometry": {"type": "Point", "coordinates": [130.99, 32.6031]}, "properties": {"country": "Japan", "cause": "Torrential Rain", "date": "2016-06-20", "dead": "5"}}, {"type": "Feature", "geometry": {"type": "Point", "coordinates": [110.032, -7.47687]}, "properties": {"country": "Indonesia", "cause": "Torrential Rain", "date": "2016-06-17", "dead": "43"}}, {"type": "Feature", "geometry": {"type": "Point", "coordinates": [95.2604, 18.3158]}, "properties": {"country": "Myanmar", "cause": "Monsoonal Rain", "date": "2016-06-01", "dead": "16"}}, {"type": "Feature", "geometry": {"type": "Point", "coordinates": [114.239, 27.9757]}, "properties": {"country": "China", "cause": "Monsoonal Rain", "date": "2016-06-28", "dead": "128"}}, {"type": "Feature", "geometry": {"type": "Point", "coordinates": [93.949, 27.068]}, "properties": {"country": "India", "cause": "Monsoonal Rain", "date": "2016-06-29", "dead": "30"}}, {"type": "Feature", "geometry": {"type": "Point", "coordinates": [72.7933, 36.1038]}, "properties": {"country": "Pakistan", "cause": "Heavy Rain", "date": "2016-07-03", "dead": "30"}}, {"type": "Feature", "geometry": {"type": "Point", "coordinates": [86.0311, 27.5804]}, "properties": {"country": "Nepal", "cause": "Torrential Rain", "date": "2016-07-04", "dead": "40"}}, {"type": "Feature", "geometry": {"type": "Point", "coordinates": [101.075, 5.1723]}, "properties": {"country": "Malaysia", "cause": "Torrential Rain", "date": "2016-07-18", "dead": "0"}}, {"type": "Feature", "geometry": {"type": "Point", "coordinates": [122.305, -3.91272]}, "properties": {"country": "Indonesia", "cause": "Heavy Rain", "date": "2016-07-11", "dead": "0"}}, {"type": "Feature", "geometry": {"type": "Point", "coordinates": [80.8349, 22.8107]}, "properties": {"country": "India", "cause": "Monsoonal Rain", "date": "2016-07-07", "dead": "20"}}, {"type": "Feature", "geometry": {"type": "Point", "coordinates": [73.4119, 21.7477]}, "properties": {"country": "India", "cause": "Monsoonal Rain", "date": "2016-08-01", "dead": "20"}}, {"type": "Feature", "geometry": {"type": "Point", "coordinates": [85.1898, 25.6099]}, "properties": {"country": "India", "cause": "Monsoonal Rain", "date": "2016-07-15", "dead": "127"}}, {"type": "Feature", "geometry": {"type": "Point", "coordinates": [123.517, 7.96266]}, "properties": {"country": "Philippines", "cause": "Monsoonal Rain", "date": "2016-07-29", "dead": "0"}}, {"type": "Feature", "geometry": {"type": "Point", "coordinates": [90.0395, 24.095]}, "properties": {"country": "Bangladesh", "cause": "Monsoonal Rain", "date": "2016-07-25", "dead": "42"}}, {"type": "Feature", "geometry": {"type": "Point", "coordinates": [90.5344, 27.1694]}, "properties": {"country": "Bhutan", "cause": "Monsoonal Rain", "date": "2016-07-21", "dead": "4"}}, {"type": "Feature", "geometry": {"type": "Point", "coordinates": [96.8687, 26.3474]}, "properties": {"country": "Thailand", "cause": "Monsoonal Rain", "date": "2016-08-15", "dead": "0"}}, {"type": "Feature", "geometry": {"type": "Point", "coordinates": [108.238, -7.04186]}, "properties": {"country": "Indonesia", "cause": "Torrential Rain", "date": "2016-09-20", "dead": "26"}}, {"type": "Feature", "geometry": {"type": "Point", "coordinates": [137.374, 36.2072]}, "properties": {"country": "Japan", "cause": "Tropical Storm Malakas", "date": "2016-09-20", "dead": "0"}}, {"type": "Feature", "geometry": {"type": "Point", "coordinates": [117.629, 26.0905]}, "properties": {"country": "China", "cause": "Tropical Storm Meranti", "date": "2016-09-17", "dead": "15"}}, {"type": "Feature", "geometry": {"type": "Point", "coordinates": [128.813, 41.0836]}, "properties": {"country": "North Korea", "cause": "Tropical Storm Lionrock", "date": "2016-09-05", "dead": "133"}}, {"type": "Feature", "geometry": {"type": "Point", "coordinates": [100.395, 14.8667]}, "properties": {"country": "Thailand", "cause": "Monsoonal Rain", "date": "2016-10-06", "dead": "3"}}, {"type": "Feature", "geometry": {"type": "Point", "coordinates": [128.528, 35.8029]}, "properties": {"country": "South Korea", "cause": "Tropial Storm Chyba", "date": "2016-10-05", "dead": "7"}}, {"type": "Feature", "geometry": {"type": "Point", "coordinates": [80.3401, 17.6536]}, "properties": {"country": "India", "cause": "Monsoonal Rain", "date": "2016-09-21", "dead": "17"}}, {"type": "Feature", "geometry": {"type": "Point", "coordinates": [107.68, 16.0038]}, "properties": {"country": "Vietnam", "cause": "Monsoonal Rain", "date": "2016-10-09", "dead": "21"}}, {"type": "Feature", "geometry": {"type": "Point", "coordinates": [123.245, 0.64869]}, "properties": {"country": "Indonesia", "cause": "Heavy Rain", "date": "2016-10-23", "dead": "2"}}, {"type": "Feature", "geometry": {"type": "Point", "coordinates": [108.572, 12.7304]}, "properties": {"country": "Vietnam", "cause": "Heavy Rain", "date": "2016-11-30", "dead": "14"}}, {"type": "Feature", "geometry": {"type": "Point", "coordinates": [100.753, 14.4448]}, "properties": {"country": "Thailand", "cause": "Monsoonal  Rain", "date": "2016-12-01", "dead": "11"}}, {"type": "Feature", "geometry": {"type": "Point", "coordinates": [102.56, 5.12197]}, "properties": {"country": "Malaysia", "cause": "Heavy Rain", "date": "2016-11-28", "dead": "0"}}, {"type": "Feature", "geometry": {"type": "Point", "coordinates": [107.805, 15.4331]}, "properties": {"country": "Vietnam", "cause": "Heavy Rain", "date": "2016-12-13", "dead": "19"}}, {"type": "Feature", "geometry": {"type": "Point", "coordinates": [34.2182, 38.4787]}, "properties": {"country": "Turkey", "cause": "Heavy Rain", "date": "2016-12-28", "dead": "2"}}, {"type": "Feature", "geometry": {"type": "Point", "coordinates": [102.411, 4.70029]}, "properties": {"country": "Malaysia", "cause": "Heavy Rain", "date": "2016-12-31", "dead": "0"}}, {"type": "Feature", "geometry": {"type": "Point", "coordinates": [100.061, 7.30494]}, "properties": {"country": "Thailand", "cause": "Heavy Rain", "date": "2016-12-31", "dead": "96"}}, {"type": "Feature", "geometry": {"type": "Point", "coordinates": [125.027, 8.08572]}, "properties": {"country": "Philippines", "cause": "Heavy Rain", "date": "2017-01-16", "dead": "4"}}, {"type": "Feature", "geometry": {"type": "Point", "coordinates": [124.062, 7.59046]}, "properties": {"country": "Philippines", "cause": "Heavy Rain", "date": "2017-02-01", "dead": "13"}}, {"type": "Feature", "geometry": {"type": "Point", "coordinates": [102.461, 3.93172]}, "properties": {"country": "Malaysia", "cause": "Heavy Rain", "date": "2017-01-23", "dead": "0"}}, {"type": "Feature", "geometry": {"type": "Point", "coordinates": [107.162, -7.0293]}, "properties": {"country": "Indonesia", "cause": "Heavy Rain", "date": "2017-02-21", "dead": "2"}}, {"type": "Feature", "geometry": {"type": "Point", "coordinates": [90.6828, 24.3178]}, "properties": {"country": "Bangladesh", "cause": "Heavy Rain", "date": "2017-03-30", "dead": "0"}}, {"type": "Feature", "geometry": {"type": "Point", "coordinates": [46.1693, 37.7043]}, "properties": {"country": "Iran", "cause": "Torrential Rain", "date": "2017-04-15", "dead": "42"}}, {"type": "Feature", "geometry": {"type": "Point", "coordinates": [70.0468, 51.2542]}, "properties": {"country": "Kazakhstan", "cause": "Snowmelt", "date": "2017-04-14", "dead": "0"}}, {"type": "Feature", "geometry": {"type": "Point", "coordinates": [89.5446, 25.3101]}, "properties": {"country": "Bangladesh", "cause": "Heavy Rain", "date": "2017-04-16", "dead": "20"}}, {"type": "Feature", "geometry": {"type": "Point", "coordinates": [112.952, 23.8607]}, "properties": {"country": "China", "cause": "Heavy Rain", "date": "2017-05-07", "dead": "0"}}, {"type": "Feature", "geometry": {"type": "Point", "coordinates": [80.8349, 7.6124]}, "properties": {"country": "Sri Lanka", "cause": "Tropical Storm", "date": "2017-05-23", "dead": "0"}}, {"type": "Feature", "geometry": {"type": "Point", "coordinates": [121.216, 24.3022]}, "properties": {"country": "Taiwan", "cause": "Torrential Rain", "date": "2017-06-02", "dead": "1"}}, {"type": "Feature", "geometry": {"type": "Point", "coordinates": [94.9387, 27.6131]}, "properties": {"country": "India", "cause": "Monsoonal Rain", "date": "2017-06-02", "dead": "6"}}, {"type": "Feature", "geometry": {"type": "Point", "coordinates": [92.1427, 22.2842]}, "properties": {"country": "Bangladesh", "cause": "Monsoonal Rain", "date": "2017-06-11", "dead": "60"}}, {"type": "Feature", "geometry": {"type": "Point", "coordinates": [125.249, 7.76344]}, "properties": {"country": "Philippines", "cause": "Heavy Rain", "date": "2017-06-12", "dead": "0"}}, {"type": "Feature", "geometry": {"type": "Point", "coordinates": [112.853, 25.9426]}, "properties": {"country": "China", "cause": "Monsoonal Rain", "date": "2017-06-22", "dead": "28"}}, {"type": "Feature", "geometry": {"type": "Point", "coordinates": [72.3232, 33.4014]}, "properties": {"country": "Pakistan", "cause": "Monsoonal Rain", "date": "2017-06-25", "dead": "11"}}, {"type": "Feature", "geometry": {"type": "Point", "coordinates": [86.427, 27.295]}, "properties": {"country": "Nepal", "cause": "Torrential Rain", "date": "2017-06-30", "dead": "11"}}, {"type": "Feature", "geometry": {"type": "Point", "coordinates": [98.9472, 22.6775]}, "properties": {"country": "Thailand", "cause": "Monsoonal Rain", "date": "2017-08-01", "dead": "15"}}, {"type": "Feature", "geometry": {"type": "Point", "coordinates": [140.417, 39.0201]}, "properties": {"country": "Japan", "cause": "Heavy Rain", "date": "2017-07-22", "dead": "0"}}, {"type": "Feature", "geometry": {"type": "Point", "coordinates": [70.9375, 21.898]}, "properties": {"country": "India", "cause": "Monsoonal Rain", "date": "2017-07-15", "dead": "94"}}, {"type": "Feature", "geometry": {"type": "Point", "coordinates": [88.0848, 22.9061]}, "properties": {"country": "India", "cause": "Monsoonal Rain", "date": "2017-07-27", "dead": "39"}}, {"type": "Feature", "geometry": {"type": "Point", "coordinates": [105.158, 21.6577]}, "properties": {"country": "Vietnam", "cause": "Heavy Rain", "date": "2017-08-02", "dead": "12"}}, {"type": "Feature", "geometry": {"type": "Point", "coordinates": [74.0057, 35.4339]}, "properties": {"country": "Pakistan", "cause": "Torrential Rain and Snowmelt", "date": "2017-08-03", "dead": "5"}}, {"type": "Feature", "geometry": {"type": "Point", "coordinates": [136.879, 47.8978]}, "properties": {"country": "Russia", "cause": "Heavy Rain", "date": "2017-08-07", "dead": "0"}}, {"type": "Feature", "geometry": {"type": "Point", "coordinates": [79.076, 28.1657]}, "properties": {"country": "India", "cause": "Monsoonal Rain", "date": "2017-08-10", "dead": "253"}}, {"type": "Feature", "geometry": {"type": "Point", "coordinates": [90.0148, 24.5912]}, "properties": {"country": "Bangladesh", "cause": "Monsoonal Rain", "date": "2017-08-10", "dead": "117"}}, {"type": "Feature", "geometry": {"type": "Point", "coordinates": [83.8784, 27.9409]}, "properties": {"country": "Nepal", "cause": "Monsoonal Rain", "date": "2017-08-11", "dead": "62"}}, {"type": "Feature", "geometry": {"type": "Point", "coordinates": [114.139, 22.3851]}, "properties": {"country": "China", "cause": "Tropical Storm Hato", "date": "2017-08-23", "dead": "16"}}, {"type": "Feature", "geometry": {"type": "Point", "coordinates": [108.139, 15.5076]}, "properties": {"country": "Vietnam", "cause": "Tropical Storm Doksuri", "date": "2017-09-15", "dead": "4"}}, {"type": "Feature", "geometry": {"type": "Point", "coordinates": [139.808, 37.0621]}, "properties": {"country": "Japan", "cause": "Tropical Storm Talim", "date": "2017-09-17", "dead": "2"}}, {"type": "Feature", "geometry": {"type": "Point", "coordinates": [113.645, 29.6123]}, "properties": {"country": "China", "cause": "Heavy Rain", "date": "2017-09-24", "dead": "8"}}, {"type": "Feature", "geometry": {"type": "Point", "coordinates": [123.171, 10.5659]}, "properties": {"country": "Philippines", "cause": "Torrential Rain", "date": "2017-09-22", "dead": "0"}}, {"type": "Feature", "geometry": {"type": "Point", "coordinates": [100.679, 14.5935]}, "properties": {"country": "Thailand", "cause": "Heavy Rain", "date": "2017-10-15", "dead": "10"}}, {"type": "Feature", "geometry": {"type": "Point", "coordinates": [79.0039, 10.489]}, "properties": {"country": "India", "cause": "Heavy Rain", "date": "2017-10-30", "dead": "4"}}, {"type": "Feature", "geometry": {"type": "Point", "coordinates": [108.572, 12.9288]}, "properties": {"country": "Vietnam", "cause": "Tropical Storm Damrey", "date": "2017-11-04", "dead": "89"}}, {"type": "Feature", "geometry": {"type": "Point", "coordinates": [101.026, 5.2466]}, "properties": {"country": "Malaysia", "cause": "Heavy Rain", "date": "2017-11-03", "dead": "7"}}, {"type": "Feature", "geometry": {"type": "Point", "coordinates": [109.117, -7.22858]}, "properties": {"country": "Indonesia", "cause": "Heavy Rain", "date": "2017-11-03", "dead": "9"}}, {"type": "Feature", "geometry": {"type": "Point", "coordinates": [80.637, 8.60428]}, "properties": {"country": "Sri Lanka", "cause": "Heavy Rain", "date": "2017-11-03", "dead": "0"}}, {"type": "Feature", "geometry": {"type": "Point", "coordinates": [108.399, 11.6644]}, "properties": {"country": "Vietnam", "cause": "Tropical Depression", "date": "2017-11-19", "dead": "4"}}, {"type": "Feature", "geometry": {"type": "Point", "coordinates": [39.3648, 22.7069]}, "properties": {"country": "Saudi Arabia", "cause": "Torrential Rain", "date": "2017-11-21", "dead": "3"}}, {"type": "Feature", "geometry": {"type": "Point", "coordinates": [111.517, -7.52729]}, "properties": {"country": "Indonesia", "cause": "Tropical Storm Cempaka", "date": "2017-11-27", "dead": "11"}}, {"type": "Feature", "geometry": {"type": "Point", "coordinates": [102.362, 5.22121]}, "properties": {"country": "Malaysia", "cause": "Heavy Rain", "date": "2017-11-25", "dead": "2"}}, {"type": "Feature", "geometry": {"type": "Point", "coordinates": [100.184, 8.34648]}, "properties": {"country": "Thailand", "cause": "Heavy Rain", "date": "2017-11-25", "dead": "5"}}, {"type": "Feature", "geometry": {"type": "Point", "coordinates": [80.7359, 7.76105]}, "properties": {"country": "Sri Lanka", "cause": "Tropical Storm Ockhi", "date": "2017-11-29", "dead": "13"}}, {"type": "Feature", "geometry": {"type": "Point", "coordinates": [125.559, 8.89113]}, "properties": {"country": "Philippines", "cause": "Tropical Storm Kai-Tak", "date": "2017-12-16", "dead": "27"}}, {"type": "Feature", "geometry": {"type": "Point", "coordinates": [55.9677, 24.3598]}, "properties": {"country": "Oman", "cause": "Torrential Rain", "date": "2017-12-16", "dead": "3"}}, {"type": "Feature", "geometry": {"type": "Point", "coordinates": [125.295, 8.44529]}, "properties": {"country": "Phillipines", "cause": "Tropical Storm Tembin", "date": "2017-12-22", "dead": "160"}}, {"type": "Feature", "geometry": {"type": "Point", "coordinates": [102.337, 3.65883]}, "properties": {"country": "Malaysia", "cause": "Monsoonal Rain", "date": "2018-01-01", "dead": "2"}}, {"type": "Feature", "geometry": {"type": "Point", "coordinates": [113.447, 3.13294]}, "properties": {"country": "Malaysia", "cause": "Heavy Rain", "date": "2018-02-03", "dead": "0"}}, {"type": "Feature", "geometry": {"type": "Point", "coordinates": [81.4783, 47.3808]}, "properties": {"country": "Kazakhstan", "cause": "Heavy Rain and Snowmelt", "date": "2018-03-09", "dead": "0"}}, {"type": "Feature", "geometry": {"type": "Point", "coordinates": [118.569, -8.49749]}, "properties": {"country": "Indonesia", "cause": "Torrential Rain", "date": "2018-03-05", "dead": "0"}}, {"type": "Feature", "geometry": {"type": "Point", "coordinates": [84.5959, 52.8826]}, "properties": {"country": "Russia", "cause": "Heavy Rain and Snowmelt", "date": "2018-03-26", "dead": "0"}}, {"type": "Feature", "geometry": {"type": "Point", "coordinates": [34.8615, 31.1639]}, "properties": {"country": "Israel", "cause": "Torrential Rain", "date": "2018-04-24", "dead": "12"}}, {"type": "Feature", "geometry": {"type": "Point", "coordinates": [80.5133, 6.86863]}, "properties": {"country": "Sri Lanka", "cause": "Torrential Rain", "date": "2018-05-12", "dead": "0"}}, {"type": "Feature", "geometry": {"type": "Point", "coordinates": [108.795, 23.8122]}, "properties": {"country": "China", "cause": "Heavy Rain", "date": "2018-05-12", "dead": "3"}}, {"type": "Feature", "geometry": {"type": "Point", "coordinates": [45.7239, 44.1504]}, "properties": {"country": "Russia", "cause": "Torrential Rain", "date": "2018-05-20", "dead": "0"}}, {"type": "Feature", "geometry": {"type": "Point", "coordinates": [35.1337, 40.1393]}, "properties": {"country": "Turkey", "cause": "Heavy Rain", "date": "2018-05-06", "dead": "0"}}, {"type": "Feature", "geometry": {"type": "Point", "coordinates": [92.1303, 23.2262]}, "properties": {"country": "Bangladesh", "cause": "Torrential Rain", "date": "2018-05-20", "dead": "21"}}, {"type": "Feature", "geometry": {"type": "Point", "coordinates": [80.8349, 7.73591]}, "properties": {"country": "Sri Lanka", "cause": "Monsoonal Rain", "date": "2018-05-20", "dead": "8"}}, {"type": "Feature", "geometry": {"type": "Point", "coordinates": [68.2157, 34.9404]}, "properties": {"country": "Afghanistan", "cause": "Torrential Rain", "date": "2018-05-09", "dead": "72"}}, {"type": "Feature", "geometry": {"type": "Point", "coordinates": [75.4408, 14.3584]}, "properties": {"country": "India", "cause": "Torrential Rain", "date": "2018-05-29", "dead": "3"}}, {"type": "Feature", "geometry": {"type": "Point", "coordinates": [52.4046, 34.9981]}, "properties": {"country": "Iran", "cause": "Torrential Rain", "date": "2018-05-23", "dead": "1"}}, {"type": "Feature", "geometry": {"type": "Point", "coordinates": [93.8747, 21.9855]}, "properties": {"country": "Myanmar", "cause": "Monsoonal Rain", "date": "2018-06-15", "dead": "1"}}, {"type": "Feature", "geometry": {"type": "Point", "coordinates": [93.3551, 26.8948]}, "properties": {"country": "India", "cause": "Monsoonal Rain", "date": "2018-06-12", "dead": "20"}}, {"type": "Feature", "geometry": {"type": "Point", "coordinates": [115.575, 24.0089]}, "properties": {"country": "China", "cause": "Tropical Storm Ewiniar", "date": "2018-06-02", "dead": "0"}}, {"type": "Feature", "geometry": {"type": "Point", "coordinates": [75.1439, 33.3752]}, "properties": {"country": "India", "cause": "Monsoonal Rain", "date": "2018-06-25", "dead": "3"}}, {"type": "Feature", "geometry": {"type": "Point", "coordinates": [73.783, 20.9795]}, "properties": {"country": "India", "cause": "Monsoonal Rain", "date": "2018-06-22", "dead": "20"}}, {"type": "Feature", "geometry": {"type": "Point", "coordinates": [137.895, 35.6504]}, "properties": {"country": "Japan", "cause": "Tropical Storm Praipiroon", "date": "2018-07-05", "dead": "80"}}, {"type": "Feature", "geometry": {"type": "Point", "coordinates": [74.5501, 19.5656]}, "properties": {"country": "India", "cause": "Monsoonal Rain", "date": "2018-07-06", "dead": "1"}}, {"type": "Feature", "geometry": {"type": "Point", "coordinates": [72.5706, 33.3024]}, "properties": {"country": "Pakistan", "cause": "Monsoonal Rain", "date": "2018-07-03", "dead": "6"}}, {"type": "Feature", "geometry": {"type": "Point", "coordinates": [84.398, 28.2382]}, "properties": {"country": "Nepal", "cause": "Monsoonal Rain", "date": "2018-07-01", "dead": "12"}}, {"type": "Feature", "geometry": {"type": "Point", "coordinates": [104.477, 11.9888]}, "properties": {"country": "Cambodia", "cause": "Tropical Storm  Son-Tinh", "date": "2018-07-17", "dead": "0"}}, {"type": "Feature", "geometry": {"type": "Point", "coordinates": [105.925, 21.1736]}, "properties": {"country": "Vietnam", "cause": "Tropical Storm Son-Tinh", "date": "2018-07-17", "dead": "5"}}, {"type": "Feature", "geometry": {"type": "Point", "coordinates": [91.4251, 47.6723]}, "properties": {"country": "Mongolia", "cause": "Heavy Rain", "date": "2018-07-11", "dead": "0"}}, {"type": "Feature", "geometry": {"type": "Point", "coordinates": [104.935, 33.4346]}, "properties": {"country": "China", "cause": "Monsoonal Rain", "date": "2018-07-12", "dead": "15"}}, {"type": "Feature", "geometry": {"type": "Point", "coordinates": [75.6883, 12.5238]}, "properties": {"country": "India", "cause": "Monsoonal Rain", "date": "2018-07-09", "dead": "12"}}, {"type": "Feature", "geometry": {"type": "Point", "coordinates": [107.137, 15.2848]}, "properties": {"country": "Laos", "cause": "Xe-Pian Xe-Namnoy Dam Break", "date": "2018-07-22", "dead": "20"}}, {"type": "Feature", "geometry": {"type": "Point", "coordinates": [76.7275, 9.39943]}, "properties": {"country": "India", "cause": "Monsoonal Rain", "date": "2018-08-07", "dead": "20"}}, {"type": "Feature", "geometry": {"type": "Point", "coordinates": [40.5211, 40.9307]}, "properties": {"country": "Turkey", "cause": "Heavy Rain", "date": "2018-08-07", "dead": "0"}}, {"type": "Feature", "geometry": {"type": "Point", "coordinates": [94.1222, 27.2914]}, "properties": {"country": "India", "cause": "Monsoonal Rain", "date": "2018-08-02", "dead": "0"}}, {"type": "Feature", "geometry": {"type": "Point", "coordinates": [95.4336, 18.1914]}, "properties": {"country": "Myanmar", "cause": "Monsoonal Rain", "date": "2018-07-15", "dead": "11"}}, {"type": "Feature", "geometry": {"type": "Point", "coordinates": [82.4309, 25.7354]}, "properties": {"country": "India", "cause": "Monsoonal Rain", "date": "2018-09-01", "dead": "20"}}, {"type": "Feature", "geometry": {"type": "Point", "coordinates": [126.573, 38.5309]}, "properties": {"country": "North Korea", "cause": " Heavy Rain and Tropical Storm Soul", "date": "2018-08-24", "dead": "76"}}, {"type": "Feature", "geometry": {"type": "Point", "coordinates": [94.7655, 26.0513]}, "properties": {"country": "India", "cause": "Monsoonal Rain", "date": "2018-08-15", "dead": "11"}}, {"type": "Feature", "geometry": {"type": "Point", "coordinates": [120.251, -1.01063]}, "properties": {"country": "Indonesia", "cause": "Tsunami", "date": "2018-09-28", "dead": "800"}}, {"type": "Feature", "geometry": {"type": "Point", "coordinates": [76.6285, 31.3414]}, "properties": {"country": "India", "cause": "Torrential Rain", "date": "2018-09-23", "dead": "28"}}, {"type": "Feature", "geometry": {"type": "Point", "coordinates": [83.3588, 17.9]}, "properties": {"country": "India", "cause": "Tropical Storm Titli", "date": "2018-10-11", "dead": "7"}}, {"type": "Feature", "geometry": {"type": "Point", "coordinates": [80.637, 6.80639]}, "properties": {"country": "Sri Lanka", "cause": "Torrential Rain", "date": "2018-10-02", "dead": "9"}}, {"type": "Feature", "geometry": {"type": "Point", "coordinates": [52.4294, 35.6064]}, "properties": {"country": "Iran", "cause": "Torrential Rain", "date": "2018-10-05", "dead": "9"}}, {"type": "Feature", "geometry": {"type": "Point", "coordinates": [54.5326, 18.3109]}, "properties": {"country": "Yemen", "cause": "Tropical Storm Luban", "date": "2018-10-14", "dead": "3"}}, {"type": "Feature", "geometry": {"type": "Point", "coordinates": [39.1174, 45.021]}, "properties": {"country": "Russia", "cause": "Heavy Rain", "date": "2018-10-23", "dead": "6"}}, {"type": "Feature", "geometry": {"type": "Point", "coordinates": [99.9864, -0.008989]}, "properties": {"country": "Indonesia", "cause": "Heavy Rain", "date": "2018-11-01", "dead": "4"}}, {"type": "Feature", "geometry": {"type": "Point", "coordinates": [107.137, 11.491]}, "properties": {"country": "Vietnam", "cause": "Tropical Storm Usagi", "date": "2018-11-24", "dead": "1"}}, {"type": "Feature", "geometry": {"type": "Point", "coordinates": [45.8229, 33.0427]}, "properties": {"country": "Iraq", "cause": "Heavy Rain", "date": "2018-11-22", "dead": "22"}}, {"type": "Feature", "geometry": {"type": "Point", "coordinates": [102.708, -1.57238]}, "properties": {"country": "Indonesia", "cause": "Heavy Rain", "date": "2018-12-05", "dead": "9"}}, {"type": "Feature", "geometry": {"type": "Point", "coordinates": [106.568, 17.3678]}, "properties": {"country": "Vietnam", "cause": "Heavy Rain", "date": "2018-12-06", "dead": "2"}}, {"type": "Feature", "geometry": {"type": "Point", "coordinates": [35.2079, 32.7134]}, "properties": {"country": "Cyprus", "cause": "Heavy Rain", "date": "2018-12-05", "dead": "4"}}, {"type": "Feature", "geometry": {"type": "Point", "coordinates": [100.609, 7.00712]}, "properties": {"country": "Thailand", "cause": "Tropical Storm Pabuk", "date": "2019-01-04", "dead": "3"}}, {"type": "Feature", "geometry": {"type": "Point", "coordinates": [124.99, 11.7922]}, "properties": {"country": "Philippines", "cause": "Tropical Storm  Usman", "date": "2018-12-29", "dead": "100"}}, {"type": "Feature", "geometry": {"type": "Point", "coordinates": [80.8597, 7.71145]}, "properties": {"country": "Sri Lanka", "cause": "Heavy Rain", "date": "2018-12-22", "dead": "2"}}, {"type": "Feature", "geometry": {"type": "Point", "coordinates": [105.704, -4.95813]}, "properties": {"country": "Indonesia", "cause": "Tsunami", "date": "2018-12-22", "dead": "373"}}, {"type": "Feature", "geometry": {"type": "Point", "coordinates": [41.2948, 26.6741]}, "properties": {"country": "Saudi Arabia", "cause": "Torrential Rain", "date": "2019-01-26", "dead": "1"}}, {"type": "Feature", "geometry": {"type": "Point", "coordinates": [125.447, 7.04402]}, "properties": {"country": "Philippines", "cause": "Heavy Rain", "date": "2019-01-26", "dead": "0"}}, {"type": "Feature", "geometry": {"type": "Point", "coordinates": [35.5791, 32.5519]}, "properties": {"country": "Israel", "cause": "Torrential Rain", "date": "2019-02-28", "dead": "0"}}, {"type": "Feature", "geometry": {"type": "Point", "coordinates": [67.0775, 31.9907]}, "properties": {"country": "Afghanistan", "cause": "Torrential Rain", "date": "2019-02-26", "dead": "50"}}, {"type": "Feature", "geometry": {"type": "Point", "coordinates": [61.5845, 30.1346]}, "properties": {"country": "Iran", "cause": "Heavy Rain and Torrential Rain", "date": "2019-03-17", "dead": "101"}}, {"type": "Feature", "geometry": {"type": "Point", "coordinates": [113.175, 22.8439]}, "properties": {"country": "China", "cause": "Heavy Rain", "date": "2019-04-11", "dead": "7"}}, {"type": "Feature", "geometry": {"type": "Point", "coordinates": [87.4662, 21.5427]}, "properties": {"country": "India", "cause": "Tropical Cyclone Fani", "date": "2019-05-03", "dead": "43"}}, {"type": "Feature", "geometry": {"type": "Point", "coordinates": [45.2538, 18.5395]}, "properties": {"country": "Saudi Arabia", "cause": "Torrential Rain", "date": "2019-05-22", "dead": "1"}}, {"type": "Feature", "geometry": {"type": "Point", "coordinates": [91.5736, 23.4991]}, "properties": {"country": "India", "cause": "Heavy Rain", "date": "2019-05-24", "dead": "0"}}, {"type": "Feature", "geometry": {"type": "Point", "coordinates": [67.8941, 34.6678]}, "properties": {"country": "Afghanistan", "cause": "Torrential Rain", "date": "2019-05-22", "dead": "24"}}, {"type": "Feature", "geometry": {"type": "Point", "coordinates": [69.3539, 37.4198]}, "properties": {"country": "Tajikistan", "cause": "Torrential Rain", "date": "2019-06-04", "dead": "5"}}, {"type": "Feature", "geometry": {"type": "Point", "coordinates": [111.319, 24.5554]}, "properties": {"country": "China", "cause": "Monsoonal Rain", "date": "2019-06-07", "dead": "13"}}, {"type": "Feature", "geometry": {"type": "Point", "coordinates": [41.0474, 40.7062]}, "properties": {"country": "Turkey", "cause": "Torrential Rain", "date": "2019-06-18", "dead": "3"}}, {"type": "Feature", "geometry": {"type": "Point", "coordinates": [123.493, 8.22284]}, "properties": {"country": "Philippines", "cause": "Heavy Rain", "date": "2019-06-03", "dead": "0"}}, {"type": "Feature", "geometry": {"type": "Point", "coordinates": [111.071, 47.2037]}, "properties": {"country": "Mongolia", "cause": "Heavy Rain", "date": "2019-06-15", "dead": "0"}}, {"type": "Feature", "geometry": {"type": "Point", "coordinates": [84.1505, 27.6926]}, "properties": {"country": "Nepal", "cause": "Monsoonal Rain", "date": "2019-07-11", "dead": "30"}}, {"type": "Feature", "geometry": {"type": "Point", "coordinates": [89.3518, 25.1859]}, "properties": {"country": "Bangladesh", "cause": "Monsoonal Rain", "date": "2019-07-10", "dead": "0"}}, {"type": "Feature", "geometry": {"type": "Point", "coordinates": [94.3944, 27.3531]}, "properties": {"country": "India", "cause": "Monsoonal Rain", "date": "2019-06-27", "dead": "3"}}, {"type": "Feature", "geometry": {"type": "Point", "coordinates": [73.3624, 36.1403]}, "properties": {"country": "Pakistan", "cause": "Glacial Lake Outburst", "date": "2019-07-07", "dead": "0"}}, {"type": "Feature", "geometry": {"type": "Point", "coordinates": [114.981, 29.0047]}, "properties": {"country": "China", "cause": "Monsoonal Rain", "date": "2019-07-01", "dead": "0"}}, {"type": "Feature", "geometry": {"type": "Point", "coordinates": [74.748, 20.2969]}, "properties": {"country": "India", "cause": "Torrential Rain", "date": "2019-07-01", "dead": "36"}}, {"type": "Feature", "geometry": {"type": "Point", "coordinates": [130.866, 32.591]}, "properties": {"country": "Japan", "cause": "Heavy Rain", "date": "2019-06-28", "dead": "0"}}, {"type": "Feature", "geometry": {"type": "Point", "coordinates": [102.485, 58.9111]}, "properties": {"country": "Russia", "cause": "Heavy Rain", "date": "2019-06-25", "dead": "18"}}, {"type": "Feature", "geometry": {"type": "Point", "coordinates": [43.5712, 15.1183]}, "properties": {"country": "Yemen", "cause": "Torrential Rain", "date": "2019-07-30", "dead": "12"}}, {"type": "Feature", "geometry": {"type": "Point", "coordinates": [96.4728, 17.3974]}, "properties": {"country": "Myanmar", "cause": "Monsoonal Rain", "date": "2019-07-15", "dead": "0"}}, {"type": "Feature", "geometry": {"type": "Point", "coordinates": [76.0842, 11.4575]}, "properties": {"country": "India", "cause": "Monsoonal Rain", "date": "2019-08-06", "dead": "0"}}, {"type": "Feature", "geometry": {"type": "Point", "coordinates": [83.4825, 19.1145]}, "properties": {"country": "India", "cause": "Monsoonal Rain", "date": "2019-08-05", "dead": "25"}}, {"type": "Feature", "geometry": {"type": "Point", "coordinates": [130.545, 32.9506]}, "properties": {"country": "Japan", "cause": "Heavy Rain", "date": "2019-08-28", "dead": "2"}}, {"type": "Feature", "geometry": {"type": "Point", "coordinates": [134.553, 44.7995]}, "properties": {"country": "Russia", "cause": "Heavy Rain", "date": "2019-08-25", "dead": "0"}}, {"type": "Feature", "geometry": {"type": "Point", "coordinates": [105.479, 14.5905]}, "properties": {"country": "Cambodia", "cause": "Heavy Rain", "date": "2019-09-05", "dead": "7"}}, {"type": "Feature", "geometry": {"type": "Point", "coordinates": [74.3521, 25.3928]}, "properties": {"country": "India", "cause": "Monsoonal Rain", "date": "2019-09-13", "dead": "0"}}, {"type": "Feature", "geometry": {"type": "Point", "coordinates": [77.3956, 24.1511]}, "properties": {"country": "India", "cause": "Monsoonal Rain", "date": "2019-09-15", "dead": "0"}}, {"type": "Feature", "geometry": {"type": "Point", "coordinates": [138.636, 36.3432]}, "properties": {"country": "Japan", "cause": "Tropical Storm Hagibis", "date": "2019-10-12", "dead": "73"}}, {"type": "Feature", "geometry": {"type": "Point", "coordinates": [57.2296, 19.8969]}, "properties": {"country": "Oman", "cause": "Tropical Storm Hikaa", "date": "2019-09-24", "dead": "0"}}, {"type": "Feature", "geometry": {"type": "Point", "coordinates": [128.565, 36.1376]}, "properties": {"country": "South Korea", "cause": "Tropical Storm Mitag", "date": "2019-10-02", "dead": "10"}}, {"type": "Feature", "geometry": {"type": "Point", "coordinates": [54.7553, 35.8903]}, "properties": {"country": "Iran", "cause": "Heavy Rain", "date": "2019-10-25", "dead": "2"}}, {"type": "Feature", "geometry": {"type": "Point", "coordinates": [94.2459, 27.0678]}, "properties": {"country": "India", "cause": "Heavy Rain", "date": "2019-10-25", "dead": "2"}}, {"type": "Feature", "geometry": {"type": "Point", "coordinates": [140.269, 36.7389]}, "properties": {"country": "Japan", "cause": "Typhoon 21", "date": "2019-10-25", "dead": "10"}}, {"type": "Feature", "geometry": {"type": "Point", "coordinates": [121.241, 14.5587]}, "properties": {"country": "Philippines", "cause": "Tropical Storm Ramon", "date": "2019-11-14", "dead": "0"}}, {"type": "Feature", "geometry": {"type": "Point", "coordinates": [121.142, 16.158]}, "properties": {"country": "Philippines", "cause": "Tropical Storm Kammuri/Tisoy", "date": "2019-12-02", "dead": "17"}}, {"type": "Feature", "geometry": {"type": "Point", "coordinates": [102.584, 4.41537]}, "properties": {"country": "Malaysia", "cause": "Heavy Rain", "date": "2019-11-30", "dead": "2"}}, {"type": "Feature", "geometry": {"type": "Point", "coordinates": [78.8554, 10.8488]}, "properties": {"country": "India", "cause": "Heavy Rain", "date": "2019-11-30", "dead": "30"}}, {"type": "Feature", "geometry": {"type": "Point", "coordinates": [35.3316, 32.8622]}, "properties": {"country": "Israel", "cause": "Torrential Rain", "date": "2020-01-04", "dead": "6"}}, {"type": "Feature", "geometry": {"type": "Point", "coordinates": [32.5109, 36.8055]}, "properties": {"country": "Turkey", "cause": "Torrential Rain", "date": "2020-01-04", "dead": "2"}}, {"type": "Feature", "geometry": {"type": "Point", "coordinates": [125.175, 1.88743]}, "properties": {"country": "Indonesia", "cause": "Heavy  Rain", "date": "2020-01-01", "dead": "2"}}, {"type": "Feature", "geometry": {"type": "Point", "coordinates": [107.508, -6.53346]}, "properties": {"country": "Indonesia", "cause": "Heavy Rain", "date": "2020-01-01", "dead": "53"}}, {"type": "Feature", "geometry": {"type": "Point", "coordinates": [100.184, 1.94961]}, "properties": {"country": "Indonesia", "cause": "Heavy Rain", "date": "2019-12-28", "dead": "5"}}, {"type": "Feature", "geometry": {"type": "Point", "coordinates": [80.8349, 7.92226]}, "properties": {"country": "Sri Lanka", "cause": "Heavy Rain", "date": "2019-12-20", "dead": "1"}}, {"type": "Feature", "geometry": {"type": "Point", "coordinates": [107.88, -6.85599]}, "properties": {"country": "Indonesia", "cause": "Heavy Rain", "date": "2020-01-23", "dead": "0"}}, {"type": "Feature", "geometry": {"type": "Point", "coordinates": [71.0365, 33.3026]}, "properties": {"country": "Pakistan", "cause": "Heavy Rain", "date": "2020-03-06", "dead": "33"}}, {"type": "Feature", "geometry": {"type": "Point", "coordinates": [47.8271, 33.9716]}, "properties": {"country": "Iran", "cause": "Heavy Rain", "date": "2020-02-24", "dead": "0"}}, {"type": "Feature", "geometry": {"type": "Point", "coordinates": [120.523, -1.3702]}, "properties": {"country": "Indonesia", "cause": "Heavy Rain", "date": "2020-03-05", "dead": "0"}}, {"type": "Feature", "geometry": {"type": "Point", "coordinates": [105.183, 20.691]}, "properties": {"country": "Vietnam", "cause": "Heavy Rain", "date": "2020-03-02", "dead": "2"}}, {"type": "Feature", "geometry": {"type": "Point", "coordinates": [107.063, -6.45856]}, "properties": {"country": "Indonesia", "cause": "Heavy Rain", "date": "2020-02-24", "dead": "0"}}, {"type": "Feature", "geometry": {"type": "Point", "coordinates": [107.286, -6.70697]}, "properties": {"country": "Indonesia", "cause": "Heavy Rain", "date": "2020-03-31", "dead": "1"}}, {"type": "Feature", "geometry": {"type": "Point", "coordinates": [65.6424, 33.826]}, "properties": {"country": "Afghanistan", "cause": "Heavy Rain", "date": "2020-03-21", "dead": "11"}}, {"type": "Feature", "geometry": {"type": "Point", "coordinates": [101.867, -2.11727]}, "properties": {"country": "Indonesia", "cause": "Heavy Rain", "date": "2020-04-22", "dead": "0"}}, {"type": "Feature", "geometry": {"type": "Point", "coordinates": [106.172, 17.8886]}, "properties": {"country": "Vietnam", "cause": "Torrential Rain", "date": "2020-04-22", "dead": "3"}}, {"type": "Feature", "geometry": {"type": "Point", "coordinates": [44.4372, 13.2586]}, "properties": {"country": "Yemen", "cause": "Torrential Rain", "date": "2020-04-20", "dead": "10"}}, {"type": "Feature", "geometry": {"type": "Point", "coordinates": [54.1614, 33.0386]}, "properties": {"country": "Iran", "cause": "Heavy Rain", "date": "2020-04-10", "dead": "7"}}, {"type": "Feature", "geometry": {"type": "Point", "coordinates": [55.844, 41.2451]}, "properties": {"country": "Uzbekistan", "cause": "Dam break", "date": "2020-05-01", "dead": "4"}}, {"type": "Feature", "geometry": {"type": "Point", "coordinates": [80.8597, 7.83549]}, "properties": {"country": "Sri Lanka", "cause": "Tropical Storm Amphan", "date": "2020-05-17", "dead": "2"}}, {"type": "Feature", "geometry": {"type": "Point", "coordinates": [85.4517, 21.3074]}, "properties": {"country": "India", "cause": "Tropical Storm Amphan", "date": "2020-05-19", "dead": "0"}}, {"type": "Feature", "geometry": {"type": "Point", "coordinates": [94.7779, 27.3406]}, "properties": {"country": "India", "cause": "Tropical Storm Amphan", "date": "2020-05-23", "dead": "30"}}, {"type": "Feature", "geometry": {"type": "Point", "coordinates": [54.5326, 18.3982]}, "properties": {"country": "Oman", "cause": "Torrential Rain", "date": "2020-05-27", "dead": "1"}}, {"type": "Feature", "geometry": {"type": "Point", "coordinates": [116.874, -0.352141]}, "properties": {"country": "Indonesia", "cause": "Heavy Rain", "date": "2020-05-22", "dead": "0"}}, {"type": "Feature", "geometry": {"type": "Point", "coordinates": [75.2676, 20.3337]}, "properties": {"country": "India", "cause": "Tropical Storm Nisarga", "date": "2020-06-02", "dead": "0"}}, {"type": "Feature", "geometry": {"type": "Point", "coordinates": [105.974, 28.5987]}, "properties": {"country": "China", "cause": "Monsoonal Rain", "date": "2020-06-15", "dead": "20"}}, {"type": "Feature", "geometry": {"type": "Point", "coordinates": [29.455, 40.9477]}, "properties": {"country": "Turkey", "cause": "Torrential Rain", "date": "2020-06-23", "dead": "1"}}, {"type": "Feature", "geometry": {"type": "Point", "coordinates": [106.222, 46.3877]}, "properties": {"country": "Mongolia", "cause": "Heavy Rain", "date": "2020-06-21", "dead": "2"}}, {"type": "Feature", "geometry": {"type": "Point", "coordinates": [103.055, 2.4561]}, "properties": {"country": "Malaysia", "cause": "Heavy Rain", "date": "2020-06-20", "dead": "0"}}, {"type": "Feature", "geometry": {"type": "Point", "coordinates": [95.3099, 27.9475]}, "properties": {"country": "India", "cause": "Monsoonal Rain", "date": "2020-06-20", "dead": "0"}}, {"type": "Feature", "geometry": {"type": "Point", "coordinates": [101.595, 24.3375]}, "properties": {"country": "China", "cause": "Torrential Rain", "date": "2020-06-29", "dead": "3"}}, {"type": "Feature", "geometry": {"type": "Point", "coordinates": [112.507, 31.0754]}, "properties": {"country": "China", "cause": "Monsoonal Rain and Dam release", "date": "2020-06-27", "dead": "0"}}, {"type": "Feature", "geometry": {"type": "Point", "coordinates": [89.8168, 24.7648]}, "properties": {"country": "Bangladesh", "cause": "Monsoonal Rain", "date": "2020-06-30", "dead": "0"}}, {"type": "Feature", "geometry": {"type": "Point", "coordinates": [131.039, 32.6655]}, "properties": {"country": "Japan", "cause": "Heavy Rain", "date": "2020-06-29", "dead": "34"}}, {"type": "Feature", "geometry": {"type": "Point", "coordinates": [80.538, 27.5459]}, "properties": {"country": "India", "cause": "Monsoonal Rain", "date": "2020-07-12", "dead": "2"}}, {"type": "Feature", "geometry": {"type": "Point", "coordinates": [121.835, -3.98697]}, "properties": {"country": "Indonesia", "cause": "Heavy Rain", "date": "2020-07-11", "dead": "17"}}, {"type": "Feature", "geometry": {"type": "Point", "coordinates": [127.056, 36.3489]}, "properties": {"country": "South Korea", "cause": "Torrential Rain", "date": "2020-07-29", "dead": "2"}}, {"type": "Feature", "geometry": {"type": "Point", "coordinates": [96.2625, 23.1743]}, "properties": {"country": "Myanmar", "cause": "Monsoonal Rain", "date": "2020-07-15", "dead": "0"}}, {"type": "Feature", "geometry": {"type": "Point", "coordinates": [140.467, 38.4991]}, "properties": {"country": "Japan", "cause": "Torrential Rain", "date": "2020-07-27", "dead": "0"}}, {"type": "Feature", "geometry": {"type": "Point", "coordinates": [67.7209, 34.916]}, "properties": {"country": "Afghanistan", "cause": "Torrential Rain", "date": "2020-08-25", "dead": "35"}}, {"type": "Feature", "geometry": {"type": "Point", "coordinates": [68.2157, 26.9573]}, "properties": {"country": "Pakistan", "cause": "Monsoonal Rain", "date": "2020-08-24", "dead": "0"}}, {"type": "Feature", "geometry": {"type": "Point", "coordinates": [77.4698, 24.7095]}, "properties": {"country": "India", "cause": "Monsoonal Rain", "date": "2020-08-21", "dead": "13"}}, {"type": "Feature", "geometry": {"type": "Point", "coordinates": [95.0377, 27.8486]}, "properties": {"country": "India", "cause": "Monsoonal Rain", "date": "2020-09-13", "dead": "1"}}, {"type": "Feature", "geometry": {"type": "Point", "coordinates": [107.833, 15.8548]}, "properties": {"country": "Vietnam", "cause": "Heavy Rain", "date": "2020-10-06", "dead": "75"}}, {"type": "Feature", "geometry": {"type": "Point", "coordinates": [79.2266, 17.3444]}, "properties": {"country": "India", "cause": "Monsoonal Rain", "date": "2020-10-16", "dead": "6"}}, {"type": "Feature", "geometry": {"type": "Point", "coordinates": [99.7884, 1.20606]}, "properties": {"country": "Indonesia", "cause": "Heavy Rain", "date": "2020-11-04", "dead": "0"}}, {"type": "Feature", "geometry": {"type": "Point", "coordinates": [121.216, 15.3273]}, "properties": {"country": "Philippines", "cause": "Tropical Storm Molave", "date": "2020-10-24", "dead": "61"}}, {"type": "Feature", "geometry": {"type": "Point", "coordinates": [106.717, 16.2272]}, "properties": {"country": "Philippines", "cause": "Tropical Storm Vamco", "date": "2020-11-11", "dead": "13"}}, {"type": "Feature", "geometry": {"type": "Point", "coordinates": [103.45, -2.56474]}, "properties": {"country": "Indonesia", "cause": "Torrential Rain", "date": "2020-11-19", "dead": "3"}}, {"type": "Feature", "geometry": {"type": "Point", "coordinates": [27.6117, 38.5808]}, "properties": {"country": "Turkey", "cause": "Torrential Rain", "date": "2020-12-13", "dead": "2"}}, {"type": "Feature", "geometry": {"type": "Point", "coordinates": [99.0434, 10.4787]}, "properties": {"country": "Thailand", "cause": "Heavy Rain", "date": "2020-11-15", "dead": "24"}}, {"type": "Feature", "geometry": {"type": "Point", "coordinates": [99.5905, 9.10881]}, "properties": {"country": "Thailand", "cause": "Monsoonal Rain", "date": "2020-12-17", "dead": "1"}}, {"type": "Feature", "geometry": {"type": "Point", "coordinates": [121.117, 16.9331]}, "properties": {"country": "Philippines", "cause": "Storm Vicky", "date": "2020-12-17", "dead": "8"}}, {"type": "Feature", "geometry": {"type": "Point", "coordinates": [101.867, 5.48748]}, "properties": {"country": "Malaysia", "cause": "Monsoonal Rain", "date": "2020-12-17", "dead": "0"}}, {"type": "Feature", "geometry": {"type": "Point", "coordinates": [109.933, -7.55119]}, "properties": {"country": "Indonesia", "cause": "Heavy Rain", "date": "2021-01-11", "dead": "0"}}, {"type": "Feature", "geometry": {"type": "Point", "coordinates": [117.282, 5.73427]}, "properties": {"country": "Malaysia", "cause": "Heavy Rain", "date": "2021-01-11", "dead": "0"}}, {"type": "Feature", "geometry": {"type": "Point", "coordinates": [102.164, 4.03109]}, "properties": {"country": "Malaysia", "cause": "Heavy Rain", "date": "2021-01-01", "dead": "20"}}, {"type": "Feature", "geometry": {"type": "Point", "coordinates": [77.3956, 9.3497]}, "properties": {"country": "India", "cause": "Monsoonal Rain", "date": "2021-01-13", "dead": "0"}}, {"type": "Feature", "geometry": {"type": "Point", "coordinates": [80.0555, 30.0132]}, "properties": {"country": "India", "cause": "Glacier collapse and dam breaks", "date": "2021-02-07", "dead": "9"}}, {"type": "Feature", "geometry": {"type": "Point", "coordinates": [124.94, 12.1765]}, "properties": {"country": "Philippines", "cause": "Heavy Rain", "date": "2021-02-08", "dead": "1"}}, {"type": "Feature", "geometry": {"type": "Point", "coordinates": [107.137, -6.43393]}, "properties": {"country": "Indonesia", "cause": "Heavy Rain", "date": "2021-02-19", "dead": "5"}}, {"type": "Feature", "geometry": {"type": "Point", "coordinates": [125.893, 9.0523]}, "properties": {"country": "Philippines", "cause": "Tropical Storm Dijuan (Auring)", "date": "2021-02-21", "dead": "0"}}, {"type": "Feature", "geometry": {"type": "Point", "coordinates": [110.391, -6.94421]}, "properties": {"country": "Indonesia", "cause": "Heavy Rain", "date": "2021-02-22", "dead": "1"}}, {"type": "Feature", "geometry": {"type": "Point", "coordinates": [107.137, -6.76914]}, "properties": {"country": "Indonesia", "cause": "Torrential Rain", "date": "2021-03-25", "dead": "0"}}, {"type": "Feature", "geometry": {"type": "Point", "coordinates": [124.8, -9.33179]}, "properties": {"country": "Indonesia", "cause": "Tropical Storm Saroja", "date": "2021-04-03", "dead": "150"}}, {"type": "Feature", "geometry": {"type": "Point", "coordinates": [109.513, -7.26584]}, "properties": {"country": "Indonesia", "cause": "Torrential Rain", "date": "2021-03-31", "dead": "0"}}, {"type": "Feature", "geometry": {"type": "Point", "coordinates": [125.485, 7.01944]}, "properties": {"country": "Philippines", "cause": "Torrential Rain", "date": "2021-04-26", "dead": "0"}}, {"type": "Feature", "geometry": {"type": "Point", "coordinates": [65.9888, 34.2478]}, "properties": {"country": "Afghanistan", "cause": "Heavy Rain", "date": "2021-05-02", "dead": "16"}}, {"type": "Feature", "geometry": {"type": "Point", "coordinates": [49.5591, 16.3552]}, "properties": {"country": "Yemen", "cause": "Heavy Rain", "date": "2021-05-01", "dead": "4"}}, {"type": "Feature", "geometry": {"type": "Point", "coordinates": [56.5863, 32.3928]}, "properties": {"country": "Iran", "cause": "Torrential Rain", "date": "2021-05-05", "dead": "10"}}, {"type": "Feature", "geometry": {"type": "Point", "coordinates": [135.716, 48.9893]}, "properties": {"country": "Russia", "cause": "Snow melt and Ice jams", "date": "2021-05-10", "dead": "0"}}, {"type": "Feature", "geometry": {"type": "Point", "coordinates": [85.4651, 56.1379]}, "properties": {"country": "Russia", "cause": "Snowmelt and ice jams", "date": "2021-05-10", "dead": "0"}}, {"type": "Feature", "geometry": {"type": "Point", "coordinates": [108.176, -7.0049]}, "properties": {"country": "Indonesia", "cause": "Heavy Rain", "date": "2021-05-24", "dead": "0"}}, {"type": "Feature", "geometry": {"type": "Point", "coordinates": [85.5114, 21.6184]}, "properties": {"country": "India", "cause": "Tropical Storm Yaas and Storm Surge", "date": "2021-05-25", "dead": "1"}}, {"type": "Feature", "geometry": {"type": "Point", "coordinates": [73.2139, 18.202]}, "properties": {"country": "India", "cause": "Tropical Storm Tauktae", "date": "2021-05-16", "dead": "23"}}, {"type": "Feature", "geometry": {"type": "Point", "coordinates": [124.73, 8.60607]}, "properties": {"country": "Philippines", "cause": "Tropical Storm Dante", "date": "2021-05-31", "dead": "0"}}, {"type": "Feature", "geometry": {"type": "Point", "coordinates": [80.6839, 27.6821]}, "properties": {"country": "India", "cause": "Monsoonal Rain", "date": "2021-06-15", "dead": "0"}}, {"type": "Feature", "geometry": {"type": "Point", "coordinates": [86.13, 28.2008]}, "properties": {"country": "Nepal", "cause": "Monsoonal Rain", "date": "2021-05-15", "dead": "15"}}, {"type": "Feature", "geometry": {"type": "Point", "coordinates": [116.193, 27.0073]}, "properties": {"country": "China", "cause": "Monsoonal Rain", "date": "2021-06-28", "dead": "0"}}, {"type": "Feature", "geometry": {"type": "Point", "coordinates": [84.0021, 28.3125]}, "properties": {"country": "Nepal", "cause": "Monoonal Rain", "date": "2021-07-01", "dead": "10"}}, {"type": "Feature", "geometry": {"type": "Point", "coordinates": [94.2212, 27.3659]}, "properties": {"country": "India", "cause": "Monsoonal Rain", "date": "2021-06-30", "dead": "1"}}, {"type": "Feature", "geometry": {"type": "Point", "coordinates": [127.229, 34.9359]}, "properties": {"country": "South Korea", "cause": "Torrential Rain", "date": "2021-07-05", "dead": "2"}}, {"type": "Feature", "geometry": {"type": "Point", "coordinates": [97.0172, 4.25715]}, "properties": {"country": "Indonesia", "cause": "Heavy Rain", "date": "2021-07-05", "dead": "0"}}, {"type": "Feature", "geometry": {"type": "Point", "coordinates": [37.4225, 44.9971]}, "properties": {"country": "Russia", "cause": "Torrential Rain", "date": "2021-07-04", "dead": "0"}}, {"type": "Feature", "geometry": {"type": "Point", "coordinates": [113.1, 34.0247]}, "properties": {"country": "China", "cause": "Torrential Rain", "date": "2021-07-20", "dead": "69"}}, {"type": "Feature", "geometry": {"type": "Point", "coordinates": [70.9375, 35.0881]}, "properties": {"country": "Afghanistan", "cause": "Torrential Rain", "date": "2021-07-28", "dead": "100"}}, {"type": "Feature", "geometry": {"type": "Point", "coordinates": [73.1273, 34.1447]}, "properties": {"country": "Pakistan", "cause": "Torrential Rain", "date": "2021-07-28", "dead": "2"}}, {"type": "Feature", "geometry": {"type": "Point", "coordinates": [97.5863, 23.1495]}, "properties": {"country": "Myanmar", "cause": "Monsoonal Rain", "date": "2021-07-25", "dead": "0"}}, {"type": "Feature", "geometry": {"type": "Point", "coordinates": [74.7233, 33.3259]}, "properties": {"country": "India", "cause": "Torrential Rain", "date": "2021-07-27", "dead": "7"}}, {"type": "Feature", "geometry": {"type": "Point", "coordinates": [76.0347, 14.5568]}, "properties": {"country": "India", "cause": "Monsoonal Rain", "date": "2021-07-22", "dead": "9"}}, {"type": "Feature", "geometry": {"type": "Point", "coordinates": [92.1303, 21.875]}, "properties": {"country": "Bangladesh", "cause": "Monsoonal Rain", "date": "2021-07-27", "dead": "8"}}, {"type": "Feature", "geometry": {"type": "Point", "coordinates": [86.229, 25.2127]}, "properties": {"country": "India", "cause": "Monsoonal Rain", "date": "2021-08-07", "dead": "12"}}, {"type": "Feature", "geometry": {"type": "Point", "coordinates": [130.248, 32.777]}, "properties": {"country": "Japan", "cause": "Heavy Rain", "date": "2021-08-12", "dead": "3"}}, {"type": "Feature", "geometry": {"type": "Point", "coordinates": [30.9768, 41.0954]}, "properties": {"country": "Turkey", "cause": "Torrential Rain", "date": "2021-08-11", "dead": "59"}}, {"type": "Feature", "geometry": {"type": "Point", "coordinates": [84.1258, 19.5361]}, "properties": {"country": "India", "cause": "Monsoonal Rain", "date": "2021-09-12", "dead": "15"}}, {"type": "Feature", "geometry": {"type": "Point", "coordinates": [87.9734, 22.3238]}, "properties": {"country": "India", "cause": "Monsoonal Rain", "date": "2021-09-14", "dead": "10"}}, {"type": "Feature", "geometry": {"type": "Point", "coordinates": [66.9909, 25.2097]}, "properties": {"country": "Pakistan", "cause": "Monsoonal Rain", "date": "2021-09-19", "dead": "0"}}, {"type": "Feature", "geometry": {"type": "Point", "coordinates": [82.9876, 27.1972]}, "properties": {"country": "India", "cause": "Monsoonal Rain", "date": "2021-09-15", "dead": "58"}}, {"type": "Feature", "geometry": {"type": "Point", "coordinates": [101.323, 17.3204]}, "properties": {"country": "Thailand", "cause": "Tropical Storm Dianmu", "date": "2021-09-23", "dead": "0"}}, {"type": "Feature", "geometry": {"type": "Point", "coordinates": [87.961, 23.7984]}, "properties": {"country": "India", "cause": "Monsoonal Rain", "date": "2021-10-01", "dead": "11"}}]}