{
  "type": "FeatureCollection",
  "features": [
    {
      "type": "Feature",
      "geometry": {
        "type": "LineString",
        "coordinates": [
          [
            88.4441016,
            27.3007935
          ],
          [
            88.4436108,
            27.2996951
          ],
          [
            88.44338,
            27.2989787
          ],
          [
            88.4434697,
            27.2981196
          ],
          [
            88.4438079,
            27.2972068
          ],
          [
            88.444104,
            27.2963857
          ],
          [
            88.4444119,
            27.2954735
          ],
          [
            88.4445488,
            27.2945753
          ],
          [
            88.4442424,
            27.2927472
          ],
          [
            88.4440418,
            27.2920881
          ],
          [
            88.4439113,
            27.2916591
          ],
          [
            88.4433191,
            27.2904853
          ],
          [
            88.442767,
            27.2894959
          ],
          [
            88.4427462,
            27.2887987
          ],
          [
            88.442944,
            27.2880724
          ],
          [
            88.4434943,
            27.2871156
          ],
          [
            88.4438356,
            27.2862893
          ],
          [
            88.4440995,
            27.2858297
          ],
          [
            88.4443054,
            27.2853983
          ],
          [
            88.444312,
            27.2850174
          ],
          [
            88.4440105,
            27.284425
          ],
          [
            88.4434597,
            27.2838961
          ],
          [
            88.4422155,
            27.283117
          ],
          [
            88.4417373,
            27.28277
          ],
          [
            88.4411016,
            27.2816545
          ],
          [
            88.4408491,
            27.2809052
          ],
          [
            88.4405225,
            27.2801914
          ],
          [
            88.439985,
            27.2794146
          ],
          [
            88.4390751,
            27.2783535
          ],
          [
            88.4385234,
            27.2778553
          ],
          [
            88.4381485,
            27.2772119
          ],
          [
            88.4379425,
            27.2765127
          ],
          [
            88.4378485,
            27.2760415
          ],
          [
            88.4379087,
            27.2750817
          ],
          [
            88.4383643,
            27.2741804
          ],
          [
            88.4395233,
            27.2726844
          ],
          [
            88.4405196,
            27.2717137
          ],
          [
            88.4400874,
            27.2699002
          ],
          [
            88.4390541,
            27.2683111
          ],
          [
            88.4382448,
            27.2658005
          ],
          [
            88.4389981,
            27.2643937
          ],
          [
            88.4397769,
            27.2638195
          ],
          [
            88.4424177,
            27.2606457
          ],
          [
            88.4428423,
            27.260149
          ],
          [
            88.4471606,
            27.2573497
          ],
          [
            88.4486942,
            27.255865
          ],
          [
            88.4509471,
            27.2566706
          ],
          [
            88.4517955,
            27.2564341
          ],
          [
            88.4549868,
            27.256085
          ],
          [
            88.4565002,
            27.2553852
          ],
          [
            88.4579753,
            27.2539925
          ],
          [
            88.4582001,
            27.2511241
          ],
          [
            88.4582788,
            27.2509372
          ],
          [
            88.4591769,
            27.2488038
          ],
          [
            88.4612368,
            27.2469724
          ],
          [
            88.4617364,
            27.2468455
          ],
          [
            88.4636401,
            27.246362
          ],
          [
            88.4665583,
            27.2469724
          ],
          [
            88.4685094,
            27.2482259
          ],
          [
            88.4694087,
            27.2483115
          ],
          [
            88.4703098,
            27.2482044
          ],
          [
            88.4708371,
            27.2478843
          ],
          [
            88.4711766,
            27.2473451
          ],
          [
            88.4715695,
            27.2464722
          ],
          [
            88.4733896,
            27.2441806
          ],
          [
            88.4735965,
            27.2439201
          ],
          [
            88.4770297,
            27.2416308
          ],
          [
            88.4786819,
            27.241386
          ],
          [
            88.4801196,
            27.2411729
          ],
          [
            88.4837245,
            27.2402572
          ],
          [
            88.4864711,
            27.238731
          ],
          [
            88.4888743,
            27.2364416
          ],
          [
            88.4908484,
            27.2330837
          ],
          [
            88.4918475,
            27.2300577
          ],
          [
            88.4919762,
            27.22918
          ],
          [
            88.4920835,
            27.2269286
          ],
          [
            88.4920192,
            27.2256121
          ],
          [
            88.491236,
            27.2242764
          ],
          [
            88.490839,
            27.2230839
          ],
          [
            88.4897017,
            27.2212712
          ],
          [
            88.4887361,
            27.2186761
          ],
          [
            88.4887361,
            27.2176171
          ],
          [
            88.489455,
            27.2166344
          ],
          [
            88.4893262,
            27.2155848
          ],
          [
            88.4882319,
            27.2125412
          ],
          [
            88.4883606,
            27.211339
          ],
          [
            88.4891546,
            27.2102035
          ],
          [
            88.489176,
            27.2087055
          ],
          [
            88.4885859,
            27.2076368
          ],
          [
            88.4877062,
            27.2070357
          ],
          [
            88.4863758,
            27.2066016
          ],
          [
            88.4854571,
            27.2061025
          ],
          [
            88.4850937,
            27.2053468
          ],
          [
            88.4850173,
            27.20428
          ],
          [
            88.4855067,
            27.2024651
          ],
          [
            88.4862994,
            27.2014841
          ],
          [
            88.4883593,
            27.1990413
          ],
          [
            88.4889293,
            27.1970622
          ],
          [
            88.4893566,
            27.1952884
          ],
          [
            88.4898319,
            27.1937598
          ],
          [
            88.4904206,
            27.1926309
          ],
          [
            88.4924636,
            27.1908278
          ],
          [
            88.4937831,
            27.1898515
          ],
          [
            88.4951917,
            27.1889198
          ],
          [
            88.4966273,
            27.1881851
          ],
          [
            88.4968289,
            27.187756
          ],
          [
            88.4969338,
            27.1863368
          ],
          [
            88.4965762,
            27.1851552
          ],
          [
            88.4968827,
            27.1846098
          ],
          [
            88.4972487,
            27.1844975
          ],
          [
            88.4976625,
            27.1843144
          ],
          [
            88.4981413,
            27.1839147
          ],
          [
            88.499635,
            27.1821526
          ],
          [
            88.5010563,
            27.1807786
          ],
          [
            88.5018086,
            27.180444
          ],
          [
            88.5022116,
            27.1801532
          ],
          [
            88.5026884,
            27.1800608
          ],
          [
            88.5032288,
            27.1801562
          ],
          [
            88.5040883,
            27.1803366
          ],
          [
            88.5059409,
            27.1808295
          ],
          [
            88.505959,
            27.1808355
          ],
          [
            88.5060914,
            27.1808709
          ],
          [
            88.5063246,
            27.1809112
          ],
          [
            88.5066257,
            27.1809244
          ],
          [
            88.5067913,
            27.1809109
          ],
          [
            88.5069615,
            27.1808786
          ],
          [
            88.5071322,
            27.1808236
          ],
          [
            88.5072992,
            27.1807419
          ],
          [
            88.5074584,
            27.1806294
          ],
          [
            88.5076057,
            27.1804823
          ],
          [
            88.5077369,
            27.1802964
          ],
          [
            88.5080546,
            27.1797038
          ],
          [
            88.5085001,
            27.1787205
          ],
          [
            88.5086273,
            27.1784665
          ],
          [
            88.5087599,
            27.1782559
          ],
          [
            88.5089091,
            27.1780857
          ],
          [
            88.5090906,
            27.1779201
          ],
          [
            88.5093068,
            27.177757
          ],
          [
            88.5095581,
            27.1776013
          ],
          [
            88.5098449,
            27.177458
          ],
          [
            88.5101675,
            27.1773317
          ],
          [
            88.5103424,
            27.1772765
          ],
          [
            88.5107195,
            27.177185
          ],
          [
            88.5109247,
            27.1771492
          ],
          [
            88.5113746,
            27.1770981
          ],
          [
            88.5116161,
            27.1770843
          ],
          [
            88.5121237,
            27.177084
          ],
          [
            88.5123865,
            27.1770991
          ],
          [
            88.5129218,
            27.1771632
          ],
          [
            88.5131909,
            27.1772138
          ],
          [
            88.5134588,
            27.1772777
          ],
          [
            88.5137239,
            27.1773558
          ],
          [
            88.5139843,
            27.1774487
          ],
          [
            88.5144947,
            27.177679
          ],
          [
            88.5150306,
            27.1779467
          ],
          [
            88.516358,
            27.1786354
          ],
          [
            88.5170174,
            27.1789595
          ],
          [
            88.5173463,
            27.1790956
          ],
          [
            88.5175811,
            27.1791577
          ],
          [
            88.5179922,
            27.1792313
          ],
          [
            88.5183052,
            27.1792567
          ],
          [
            88.5184671,
            27.1792561
          ],
          [
            88.5186298,
            27.1792437
          ],
          [
            88.5187913,
            27.1792176
          ],
          [
            88.5189494,
            27.1791757
          ],
          [
            88.519102,
            27.1791158
          ],
          [
            88.5192471,
            27.1790358
          ],
          [
            88.5193826,
            27.1789338
          ],
          [
            88.5195064,
            27.1788075
          ],
          [
            88.5196109,
            27.1786638
          ],
          [
            88.5196914,
            27.1785122
          ],
          [
            88.5197501,
            27.1783549
          ],
          [
            88.5197893,
            27.1781938
          ],
          [
            88.5198112,
            27.178031
          ],
          [
            88.5198181,
            27.1778686
          ],
          [
            88.5197958,
            27.1775533
          ],
          [
            88.5197406,
            27.1772644
          ],
          [
            88.5196351,
            27.1769167
          ],
          [
            88.519395,
            27.1762643
          ],
          [
            88.5193103,
            27.1759335
          ],
          [
            88.5192794,
            27.1757128
          ],
          [
            88.5192786,
            27.1755007
          ],
          [
            88.5192919,
            27.1754002
          ],
          [
            88.5194127,
            27.1747829
          ],
          [
            88.5194146,
            27.1746218
          ],
          [
            88.5193918,
            27.1744373
          ],
          [
            88.5194027,
            27.1742929
          ],
          [
            88.5194214,
            27.1742146
          ],
          [
            88.5194864,
            27.1740474
          ],
          [
            88.51959,
            27.1738675
          ],
          [
            88.5198215,
            27.1735783
          ],
          [
            88.5201502,
            27.1732717
          ],
          [
            88.5208755,
            27.1727077
          ],
          [
            88.5210383,
            27.1725515
          ],
          [
            88.5211587,
            27.1724127
          ]
        ]
      },
      "properties": {
        "name": "Teesta",
        "name:bn": "\u09a4\u09bf\u09b8\u09cd\u09a4\u09be \u09a8\u09a6\u09c0",
        "name:en": "Teesta River",
        "name:ne": "\u091f\u093f\u0938\u094d\u091f\u093e \u0916\u094b\u0932\u093e",
        "source": "landsat",
        "waterway": "river",
        "wikidata": "Q907883"
      }
    },
    {
      "type": "Feature",
      "geometry": {
        "type": "LineString",
        "coordinates": [
          [
            88.8966893,
            26.3120997
          ],
          [
            88.8985204,
            26.3066754
          ],
          [
            88.9027404,
            26.3022127
          ],
          [
            88.9062995,
            26.3032632
          ],
          [
            88.9097213,
            26.29993
          ],
          [
            88.9117526,
            26.2924404
          ],
          [
            88.9111121,
            26.2907791
          ],
          [
            88.9127057,
            26.2859311
          ],
          [
            88.9161136,
            26.2818295
          ],
          [
            88.9209795,
            26.278101
          ],
          [
            88.9293237,
            26.2774513
          ],
          [
            88.9312228,
            26.2743801
          ],
          [
            88.9345264,
            26.2708793
          ],
          [
            88.9359998,
            26.2630926
          ],
          [
            88.9393472,
            26.2562934
          ],
          [
            88.9435958,
            26.2512386
          ],
          [
            88.947358,
            26.2464145
          ],
          [
            88.9492749,
            26.2410385
          ],
          [
            88.9544104,
            26.236368
          ],
          [
            88.9640521,
            26.2244085
          ],
          [
            88.9687442,
            26.2197117
          ],
          [
            88.9778708,
            26.2132179
          ],
          [
            88.9859532,
            26.2105869
          ],
          [
            88.9889788,
            26.2069483
          ],
          [
            88.9923333,
            26.2037461
          ],
          [
            88.9953947,
            26.2010121
          ],
          [
            88.9988136,
            26.2009095
          ],
          [
            89.002633,
            26.1980856
          ],
          [
            89.0142488,
            26.199472
          ],
          [
            89.0202283,
            26.1928101
          ],
          [
            89.0250205,
            26.187881
          ],
          [
            89.0277099,
            26.1868668
          ],
          [
            89.0315187,
            26.1863373
          ],
          [
            89.0348445,
            26.1855864
          ],
          [
            89.0421938,
            26.1810709
          ],
          [
            89.0458683,
            26.1801313
          ],
          [
            89.0487987,
            26.1788434
          ],
          [
            89.0494818,
            26.1783202
          ]
        ]
      },
      "properties": {
        "alt_name": "Tista",
        "name": "Teesta River",
        "name:bn": "\u09a4\u09bf\u09b8\u09cd\u09a4\u09be \u09a8\u09a6\u09c0",
        "name:en": "Teesta River",
        "name:ne": "\u091f\u093f\u0938\u094d\u091f\u093e \u0916\u094b\u0932\u093e",
        "source": "landsat",
        "waterway": "river",
        "wikidata": "Q907883",
        "wikipedia": "fr:Teesta"
      }
    },
    {
      "type": "Feature",
      "geometry": {
        "type": "LineString",
        "coordinates": [
          [
            88.6252035,
            27.5454191
          ],
          [
            88.6243175,
            27.5451409
          ],
          [
            88.6227428,
            27.5447753
          ],
          [
            88.6218371,
            27.5446435
          ],
          [
            88.6212693,
            27.5448592
          ],
          [
            88.6208053,
            27.5449576
          ],
          [
            88.6198568,
            27.5446315
          ],
          [
            88.6193363,
            27.5443259
          ],
          [
            88.6186946,
            27.5440956
          ],
          [
            88.6180521,
            27.5442212
          ],
          [
            88.6172006,
            27.5440562
          ],
          [
            88.6168153,
            27.5438465
          ],
          [
            88.6159097,
            27.5433131
          ],
          [
            88.6157542,
            27.5429775
          ],
          [
            88.6154095,
            27.5426419
          ],
          [
            88.6147674,
            27.5422943
          ],
          [
            88.6143484,
            27.542448
          ],
          [
            88.6139293,
            27.5424502
          ],
          [
            88.6133008,
            27.5420307
          ],
          [
            88.6128817,
            27.5420606
          ],
          [
            88.6123343,
            27.541785
          ],
          [
            88.6118402,
            27.5411118
          ],
          [
            88.6110974,
            27.5404066
          ],
          [
            88.6107257,
            27.5402328
          ],
          [
            88.6103607,
            27.5398493
          ],
          [
            88.6099011,
            27.5394537
          ],
          [
            88.6091644,
            27.539214
          ],
          [
            88.6085243,
            27.5390606
          ],
          [
            88.6078262,
            27.53925
          ],
          [
            88.6071909,
            27.5393039
          ],
          [
            88.6066548,
            27.5391699
          ],
          [
            88.6058391,
            27.5386267
          ],
          [
            88.6052173,
            27.5381952
          ],
          [
            88.6043725,
            27.5379435
          ],
          [
            88.60347,
            27.5378195
          ],
          [
            88.6027774,
            27.5380514
          ],
          [
            88.6023246,
            27.5380933
          ],
          [
            88.6017433,
            27.5379495
          ],
          [
            88.6010945,
            27.53756
          ],
          [
            88.6009678,
            27.5370505
          ],
          [
            88.6007025,
            27.5365112
          ],
          [
            88.6004254,
            27.5361576
          ],
          [
            88.5999293,
            27.5359114
          ],
          [
            88.5994828,
            27.5360203
          ],
          [
            88.5979179,
            27.5363434
          ],
          [
            88.5960917,
            27.5365728
          ],
          [
            88.595113,
            27.5365591
          ],
          [
            88.5942989,
            27.5365836
          ],
          [
            88.5933017,
            27.5363913
          ],
          [
            88.5926596,
            27.5360857
          ],
          [
            88.5920851,
            27.5356482
          ],
          [
            88.591348,
            27.5352767
          ],
          [
            88.5906725,
            27.5349889
          ],
          [
            88.5900913,
            27.5344196
          ],
          [
            88.5890775,
            27.5334487
          ],
          [
            88.587608,
            27.532547
          ],
          [
            88.586624,
            27.5321601
          ],
          [
            88.585516,
            27.531595
          ],
          [
            88.5852094,
            27.5310245
          ],
          [
            88.584887,
            27.5299485
          ],
          [
            88.5847181,
            27.5291334
          ],
          [
            88.5844759,
            27.5288438
          ],
          [
            88.5840016,
            27.5285041
          ],
          [
            88.5834088,
            27.5284243
          ],
          [
            88.5833753,
            27.5283998
          ],
          [
            88.5826904,
            27.5285221
          ],
          [
            88.581008,
            27.5285043
          ],
          [
            88.580433,
            27.5283663
          ],
          [
            88.5800207,
            27.5281565
          ],
          [
            88.5797098,
            27.5278688
          ],
          [
            88.5791624,
            27.5271256
          ],
          [
            88.5785473,
            27.5268918
          ],
          [
            88.5779864,
            27.526748
          ],
          [
            88.5774319,
            27.5267263
          ],
          [
            88.5770314,
            27.5264462
          ],
          [
            88.5765738,
            27.5261606
          ],
          [
            88.5760331,
            27.5260527
          ],
          [
            88.5755059,
            27.5261366
          ],
          [
            88.574972,
            27.5264004
          ],
          [
            88.5744921,
            27.5266041
          ],
          [
            88.5737633,
            27.5266908
          ],
          [
            88.5732403,
            27.5266261
          ],
          [
            88.5722955,
            27.5261606
          ],
          [
            88.5714111,
            27.5258974
          ],
          [
            88.570403,
            27.5258909
          ],
          [
            88.5690716,
            27.5260288
          ],
          [
            88.5680428,
            27.5264568
          ],
          [
            88.567267,
            27.5268439
          ],
          [
            88.5666458,
            27.5271457
          ],
          [
            88.5655773,
            27.527692
          ],
          [
            88.5652191,
            27.5279707
          ],
          [
            88.564815,
            27.5281029
          ],
          [
            88.5644414,
            27.5281927
          ],
          [
            88.5639214,
            27.5282404
          ],
          [
            88.5633834,
            27.5279868
          ],
          [
            88.5626677,
            27.527695
          ],
          [
            88.5621946,
            27.5276231
          ],
          [
            88.5616741,
            27.527695
          ],
          [
            88.5611098,
            27.5278928
          ],
          [
            88.5601869,
            27.5287196
          ],
          [
            88.5594775,
            27.5292713
          ],
          [
            88.5589605,
            27.529541
          ],
          [
            88.5585595,
            27.52971
          ],
          [
            88.5578216,
            27.5297897
          ],
          [
            88.5572032,
            27.5298526
          ],
          [
            88.5562671,
            27.5296638
          ],
          [
            88.5553641,
            27.5293552
          ],
          [
            88.5536414,
            27.5291514
          ],
          [
            88.5529283,
            27.5291244
          ],
          [
            88.5519857,
            27.528866
          ],
          [
            88.5510561,
            27.5284112
          ],
          [
            88.5504745,
            27.5282017
          ],
          [
            88.5488181,
            27.5274686
          ],
          [
            88.5483256,
            27.5272994
          ],
          [
            88.5478203,
            27.5272228
          ],
          [
            88.5465008,
            27.5272125
          ],
          [
            88.5437756,
            27.5275334
          ],
          [
            88.5421555,
            27.5276661
          ],
          [
            88.5415736,
            27.5275481
          ],
          [
            88.540793,
            27.5272065
          ],
          [
            88.5404821,
            27.526943
          ],
          [
            88.5404179,
            27.5266041
          ],
          [
            88.5404922,
            27.5261396
          ],
          [
            88.5404465,
            27.5259458
          ],
          [
            88.539083,
            27.5254144
          ],
          [
            88.5380287,
            27.5249619
          ],
          [
            88.5372913,
            27.5246774
          ],
          [
            88.5368155,
            27.5244464
          ],
          [
            88.5364606,
            27.523874
          ],
          [
            88.5359301,
            27.5232417
          ],
          [
            88.5356563,
            27.522957
          ],
          [
            88.5353901,
            27.5227913
          ],
          [
            88.5342877,
            27.5227921
          ],
          [
            88.5337436,
            27.5227322
          ],
          [
            88.5334029,
            27.522589
          ],
          [
            88.5331117,
            27.5222407
          ],
          [
            88.5327527,
            27.5216397
          ],
          [
            88.5326622,
            27.5207662
          ],
          [
            88.5323513,
            27.5193906
          ],
          [
            88.5321812,
            27.5192688
          ]
        ]
      },
      "properties": {
        "name": "Teesta",
        "waterway": "river",
        "wikidata": "Q907883",
        "wikipedia": "fr:Teesta"
      }
    },
    {
      "type": "Feature",
      "geometry": {
        "type": "LineString",
        "coordinates": [
          [
            88.5193844,
            27.4021211
          ],
          [
            88.519132,
            27.4018466
          ],
          [
            88.5188293,
            27.4016338
          ],
          [
            88.5186187,
            27.4013094
          ],
          [
            88.5185167,
            27.4009633
          ],
          [
            88.5185121,
            27.4006168
          ],
          [
            88.5184614,
            27.4002527
          ],
          [
            88.5182204,
            27.3999276
          ],
          [
            88.5177828,
            27.3995663
          ],
          [
            88.5173556,
            27.3993102
          ],
          [
            88.5170252,
            27.3990251
          ],
          [
            88.5167233,
            27.3986286
          ],
          [
            88.5161057,
            27.3982425
          ],
          [
            88.5157662,
            27.3979196
          ],
          [
            88.5154087,
            27.3975675
          ],
          [
            88.5150343,
            27.3971121
          ],
          [
            88.5146128,
            27.3966694
          ],
          [
            88.5141597,
            27.3962997
          ],
          [
            88.5137401,
            27.3959267
          ],
          [
            88.5133533,
            27.3954249
          ],
          [
            88.5128726,
            27.3948176
          ],
          [
            88.5124742,
            27.3942812
          ],
          [
            88.512158,
            27.3936963
          ],
          [
            88.5120073,
            27.3932331
          ],
          [
            88.5117545,
            27.3927498
          ],
          [
            88.5114671,
            27.3923872
          ],
          [
            88.5110233,
            27.3920114
          ],
          [
            88.5105456,
            27.3916099
          ],
          [
            88.5101101,
            27.3910918
          ],
          [
            88.5094603,
            27.3905193
          ],
          [
            88.5089506,
            27.3899678
          ],
          [
            88.5085294,
            27.3896336
          ],
          [
            88.5082973,
            27.389552
          ],
          [
            88.507535,
            27.3892023
          ],
          [
            88.5066801,
            27.3887745
          ],
          [
            88.5061971,
            27.3885015
          ],
          [
            88.5056022,
            27.387974
          ],
          [
            88.5048593,
            27.3876626
          ],
          [
            88.5036916,
            27.3871935
          ],
          [
            88.5019732,
            27.3865126
          ],
          [
            88.5013376,
            27.3863007
          ],
          [
            88.5008462,
            27.3859987
          ],
          [
            88.5004092,
            27.3858604
          ],
          [
            88.5001288,
            27.3856966
          ],
          [
            88.4997586,
            27.3853938
          ],
          [
            88.4993133,
            27.3849395
          ],
          [
            88.4988651,
            27.3844821
          ],
          [
            88.4984419,
            27.3840116
          ],
          [
            88.4980963,
            27.3837423
          ],
          [
            88.4976276,
            27.3835608
          ],
          [
            88.4970531,
            27.383449
          ],
          [
            88.4961623,
            27.3834358
          ],
          [
            88.495395,
            27.383489
          ],
          [
            88.4945292,
            27.3836078
          ],
          [
            88.4938692,
            27.3836066
          ],
          [
            88.4934263,
            27.3834659
          ],
          [
            88.4929912,
            27.3831784
          ],
          [
            88.4927017,
            27.3828443
          ],
          [
            88.4925314,
            27.3824639
          ],
          [
            88.4924188,
            27.3821362
          ],
          [
            88.4922278,
            27.3818786
          ],
          [
            88.4917275,
            27.3813593
          ],
          [
            88.4913409,
            27.3810132
          ],
          [
            88.4907991,
            27.3804101
          ],
          [
            88.4902204,
            27.3800176
          ],
          [
            88.4895222,
            27.3798758
          ],
          [
            88.4890117,
            27.3799205
          ],
          [
            88.4886252,
            27.379924
          ],
          [
            88.4880184,
            27.379622
          ],
          [
            88.4868889,
            27.3791106
          ],
          [
            88.4859985,
            27.378553
          ],
          [
            88.4848663,
            27.3777978
          ],
          [
            88.4839304,
            27.3770636
          ],
          [
            88.483112,
            27.3763244
          ],
          [
            88.4822954,
            27.3754234
          ],
          [
            88.4819425,
            27.3751665
          ],
          [
            88.4816688,
            27.3748211
          ],
          [
            88.4811844,
            27.3744608
          ],
          [
            88.4807439,
            27.3740013
          ],
          [
            88.4804484,
            27.3733782
          ],
          [
            88.4803374,
            27.3725649
          ],
          [
            88.4803915,
            27.371853
          ],
          [
            88.4803616,
            27.3714684
          ],
          [
            88.4801198,
            27.3710242
          ],
          [
            88.4797012,
            27.3702272
          ],
          [
            88.4794272,
            27.3698526
          ],
          [
            88.4790437,
            27.3692718
          ],
          [
            88.4788568,
            27.3687651
          ],
          [
            88.4788133,
            27.368212
          ],
          [
            88.4788758,
            27.3676238
          ],
          [
            88.478934,
            27.3671026
          ],
          [
            88.478825,
            27.3661834
          ],
          [
            88.4787638,
            27.3653889
          ],
          [
            88.4786173,
            27.3641397
          ],
          [
            88.4783731,
            27.3635724
          ],
          [
            88.4780492,
            27.3628772
          ],
          [
            88.4776252,
            27.3619053
          ],
          [
            88.4775105,
            27.3615455
          ],
          [
            88.4770969,
            27.3602488
          ],
          [
            88.4765352,
            27.3585315
          ],
          [
            88.4763051,
            27.3573051
          ],
          [
            88.4760069,
            27.3551957
          ],
          [
            88.4759916,
            27.3537519
          ],
          [
            88.4760433,
            27.3528058
          ],
          [
            88.476111,
            27.3515678
          ],
          [
            88.4764243,
            27.3499269
          ],
          [
            88.4769324,
            27.3486882
          ],
          [
            88.477458,
            27.3478159
          ],
          [
            88.4782474,
            27.3469036
          ],
          [
            88.4793178,
            27.3459109
          ],
          [
            88.4796006,
            27.3452456
          ],
          [
            88.4798168,
            27.3446309
          ],
          [
            88.4799961,
            27.3434107
          ],
          [
            88.48007,
            27.3424762
          ],
          [
            88.4801974,
            27.3411426
          ],
          [
            88.4803569,
            27.3401256
          ],
          [
            88.4806179,
            27.3391596
          ],
          [
            88.4808581,
            27.3382526
          ],
          [
            88.4811625,
            27.3376446
          ],
          [
            88.4813357,
            27.3369589
          ],
          [
            88.4813949,
            27.3359546
          ],
          [
            88.4814616,
            27.3352355
          ],
          [
            88.4814856,
            27.3343426
          ],
          [
            88.4815862,
            27.3338318
          ],
          [
            88.4820107,
            27.3331254
          ],
          [
            88.4822514,
            27.3325383
          ],
          [
            88.4823464,
            27.3320319
          ],
          [
            88.4823499,
            27.3315011
          ],
          [
            88.4821463,
            27.3312731
          ],
          [
            88.4817656,
            27.3310974
          ],
          [
            88.4815124,
            27.3307342
          ],
          [
            88.4809678,
            27.330328
          ],
          [
            88.4805291,
            27.3298252
          ],
          [
            88.4802855,
            27.3293295
          ],
          [
            88.4799411,
            27.3287124
          ],
          [
            88.4795413,
            27.3280462
          ],
          [
            88.4793679,
            27.3277883
          ],
          [
            88.4790774,
            27.3276787
          ],
          [
            88.4788505,
            27.3274983
          ],
          [
            88.4785338,
            27.3270983
          ],
          [
            88.4778869,
            27.3264292
          ],
          [
            88.4769307,
            27.3258585
          ],
          [
            88.4762963,
            27.3255714
          ],
          [
            88.475424,
            27.325312
          ],
          [
            88.4744068,
            27.3251307
          ],
          [
            88.4735224,
            27.3250144
          ],
          [
            88.4734521,
            27.3249791
          ],
          [
            88.4729761,
            27.3249137
          ],
          [
            88.472653,
            27.3247682
          ],
          [
            88.4722541,
            27.3244539
          ],
          [
            88.4716506,
            27.3242965
          ],
          [
            88.4708689,
            27.3239697
          ],
          [
            88.469989,
            27.3236228
          ],
          [
            88.4692526,
            27.3232975
          ],
          [
            88.4683755,
            27.3228454
          ],
          [
            88.4678654,
            27.3226889
          ],
          [
            88.4673125,
            27.3225342
          ],
          [
            88.4666415,
            27.3222311
          ],
          [
            88.4661706,
            27.3220185
          ],
          [
            88.4657647,
            27.3218373
          ],
          [
            88.4652524,
            27.3216087
          ],
          [
            88.4644587,
            27.321197
          ],
          [
            88.4638502,
            27.3208144
          ],
          [
            88.463436,
            27.320393
          ],
          [
            88.4630027,
            27.3197847
          ],
          [
            88.4628435,
            27.3195347
          ],
          [
            88.4626551,
            27.3192388
          ],
          [
            88.4622654,
            27.3189011
          ],
          [
            88.4619651,
            27.3185323
          ],
          [
            88.4614398,
            27.3181429
          ],
          [
            88.4609373,
            27.317841
          ],
          [
            88.4604453,
            27.3177512
          ],
          [
            88.4600867,
            27.3179017
          ],
          [
            88.4596952,
            27.3181314
          ],
          [
            88.4593892,
            27.3185912
          ],
          [
            88.4592004,
            27.3188861
          ],
          [
            88.4588894,
            27.3191233
          ],
          [
            88.4583999,
            27.3191996
          ],
          [
            88.4579078,
            27.3191719
          ],
          [
            88.4572754,
            27.3189845
          ],
          [
            88.4570006,
            27.3188037
          ],
          [
            88.4568549,
            27.3186434
          ],
          [
            88.4567953,
            27.3185778
          ],
          [
            88.4565664,
            27.3183571
          ],
          [
            88.4560946,
            27.3181043
          ],
          [
            88.4558474,
            27.3179026
          ],
          [
            88.4556978,
            27.3176859
          ],
          [
            88.455405,
            27.317614
          ],
          [
            88.4548397,
            27.3175186
          ],
          [
            88.4542095,
            27.3175402
          ],
          [
            88.4539599,
            27.3175833
          ],
          [
            88.4534266,
            27.3174812
          ],
          [
            88.4530469,
            27.3172192
          ],
          [
            88.4525867,
            27.3167835
          ],
          [
            88.4522049,
            27.3163092
          ],
          [
            88.4518187,
            27.3158263
          ],
          [
            88.4511167,
            27.3150301
          ],
          [
            88.4504808,
            27.3146127
          ],
          [
            88.449845,
            27.3144192
          ],
          [
            88.4490605,
            27.3142532
          ],
          [
            88.4485467,
            27.3139155
          ],
          [
            88.4483951,
            27.313488
          ],
          [
            88.4484913,
            27.3130165
          ],
          [
            88.4486474,
            27.3126876
          ],
          [
            88.449003,
            27.3124572
          ],
          [
            88.4494858,
            27.3122627
          ],
          [
            88.4498384,
            27.3117838
          ],
          [
            88.4499515,
            27.3108713
          ],
          [
            88.4498822,
            27.3102626
          ],
          [
            88.4500509,
            27.3096664
          ],
          [
            88.4501029,
            27.3090698
          ],
          [
            88.4500292,
            27.3086542
          ],
          [
            88.4501459,
            27.3080855
          ],
          [
            88.4500033,
            27.3074855
          ],
          [
            88.4498016,
            27.3067457
          ],
          [
            88.4496516,
            27.306268
          ],
          [
            88.4493372,
            27.3059565
          ],
          [
            88.4487426,
            27.3055171
          ],
          [
            88.4481509,
            27.3052001
          ],
          [
            88.4478049,
            27.3048771
          ],
          [
            88.4475465,
            27.3043834
          ],
          [
            88.4473336,
            27.3039541
          ],
          [
            88.4471497,
            27.3034253
          ],
          [
            88.4469688,
            27.3032266
          ],
          [
            88.4467418,
            27.3029772
          ],
          [
            88.44611,
            27.30258
          ],
          [
            88.4453752,
            27.3021768
          ],
          [
            88.444636,
            27.301469
          ],
          [
            88.4441016,
            27.3007935
          ]
        ]
      },
      "properties": {
        "name": "Teesta",
        "waterway": "river",
        "wikidata": "Q907883",
        "wikipedia": "fr:Teesta"
      }
    },
    {
      "type": "Feature",
      "geometry": {
        "type": "LineString",
        "coordinates": [
          [
            88.5321812,
            27.5192688
          ],
          [
            88.5319559,
            27.517904
          ],
          [
            88.5318764,
            27.5167878
          ],
          [
            88.5313674,
            27.5160418
          ],
          [
            88.5302531,
            27.5141988
          ],
          [
            88.5293775,
            27.5131087
          ],
          [
            88.5288118,
            27.5122031
          ],
          [
            88.5283164,
            27.5110945
          ],
          [
            88.5278599,
            27.5100048
          ],
          [
            88.5271376,
            27.5091938
          ],
          [
            88.5263631,
            27.5090654
          ],
          [
            88.5260683,
            27.5087335
          ],
          [
            88.5260311,
            27.5081355
          ],
          [
            88.5259735,
            27.5077084
          ],
          [
            88.5263956,
            27.5056474
          ],
          [
            88.5265996,
            27.5048721
          ],
          [
            88.5266531,
            27.5041638
          ],
          [
            88.5265118,
            27.5032745
          ],
          [
            88.5261907,
            27.5026863
          ],
          [
            88.5256298,
            27.5021804
          ],
          [
            88.5251911,
            27.5017078
          ],
          [
            88.524937,
            27.5009784
          ],
          [
            88.5248863,
            27.4999143
          ],
          [
            88.5246975,
            27.4991362
          ],
          [
            88.523876,
            27.4975981
          ],
          [
            88.522612,
            27.4961343
          ],
          [
            88.5220044,
            27.4956796
          ],
          [
            88.5216292,
            27.4949722
          ],
          [
            88.5212839,
            27.4943177
          ],
          [
            88.521098,
            27.4936942
          ],
          [
            88.5210642,
            27.4932475
          ],
          [
            88.521113,
            27.4927117
          ],
          [
            88.5214123,
            27.4918476
          ],
          [
            88.5222888,
            27.4893502
          ],
          [
            88.5218095,
            27.4883946
          ],
          [
            88.5214409,
            27.4878635
          ],
          [
            88.5212292,
            27.4876485
          ],
          [
            88.5211777,
            27.4872308
          ],
          [
            88.5213143,
            27.4863136
          ],
          [
            88.5218971,
            27.4855016
          ],
          [
            88.5225038,
            27.4851984
          ],
          [
            88.5230706,
            27.4850448
          ],
          [
            88.523413,
            27.4848503
          ],
          [
            88.5238421,
            27.4844369
          ],
          [
            88.5238083,
            27.4840292
          ],
          [
            88.5238518,
            27.4835496
          ],
          [
            88.5239468,
            27.4831872
          ],
          [
            88.5238865,
            27.4827528
          ],
          [
            88.5240944,
            27.4821403
          ],
          [
            88.5239213,
            27.4810004
          ],
          [
            88.5239598,
            27.4796949
          ],
          [
            88.5238421,
            27.4791663
          ],
          [
            88.5240348,
            27.4787455
          ],
          [
            88.5244368,
            27.4774094
          ],
          [
            88.5245754,
            27.4769057
          ],
          [
            88.5245722,
            27.4764525
          ],
          [
            88.5236798,
            27.4752987
          ],
          [
            88.5234737,
            27.4745132
          ],
          [
            88.5232642,
            27.4739555
          ],
          [
            88.5230015,
            27.4734973
          ],
          [
            88.5223702,
            27.4730855
          ],
          [
            88.5208682,
            27.4721086
          ],
          [
            88.5205269,
            27.4715269
          ],
          [
            88.5203545,
            27.4709692
          ],
          [
            88.5202464,
            27.4702856
          ],
          [
            88.5200653,
            27.4696402
          ],
          [
            88.5196077,
            27.4686964
          ],
          [
            88.5190433,
            27.4678269
          ],
          [
            88.518942,
            27.4669454
          ],
          [
            88.5187734,
            27.4661735
          ],
          [
            88.5184532,
            27.4656494
          ],
          [
            88.5180874,
            27.4651227
          ],
          [
            88.5175055,
            27.4644153
          ],
          [
            88.5157824,
            27.4612591
          ],
          [
            88.5144298,
            27.4585517
          ],
          [
            88.5139988,
            27.457689
          ],
          [
            88.5137389,
            27.4562082
          ],
          [
            88.5137948,
            27.4551754
          ],
          [
            88.5147388,
            27.4538414
          ],
          [
            88.5149821,
            27.4524092
          ],
          [
            88.5142608,
            27.4510915
          ],
          [
            88.5135552,
            27.4501229
          ],
          [
            88.5135552,
            27.4491392
          ],
          [
            88.5144217,
            27.4474021
          ],
          [
            88.5133108,
            27.4449374
          ],
          [
            88.5132219,
            27.4447403
          ],
          [
            88.5129089,
            27.4433986
          ],
          [
            88.5112813,
            27.4421849
          ],
          [
            88.5109505,
            27.4418816
          ],
          [
            88.5108208,
            27.4416163
          ],
          [
            88.5107994,
            27.44091
          ],
          [
            88.5109673,
            27.4400734
          ],
          [
            88.5114772,
            27.4392925
          ],
          [
            88.5123809,
            27.4377759
          ],
          [
            88.512922,
            27.4363551
          ],
          [
            88.5128302,
            27.4343887
          ],
          [
            88.5123639,
            27.4330296
          ],
          [
            88.5126023,
            27.4320622
          ],
          [
            88.513072,
            27.4316963
          ],
          [
            88.5130621,
            27.4306262
          ],
          [
            88.5121721,
            27.4294335
          ],
          [
            88.5117508,
            27.4272704
          ],
          [
            88.5124721,
            27.4253069
          ],
          [
            88.5131473,
            27.4242923
          ],
          [
            88.5141042,
            27.4226504
          ],
          [
            88.5148163,
            27.4210573
          ],
          [
            88.5145717,
            27.4203815
          ],
          [
            88.5138191,
            27.4184208
          ],
          [
            88.513556,
            27.416794
          ],
          [
            88.513505,
            27.415509
          ],
          [
            88.5138597,
            27.414461
          ],
          [
            88.5150037,
            27.4131505
          ],
          [
            88.5155236,
            27.4122687
          ],
          [
            88.5156018,
            27.4121361
          ],
          [
            88.5162758,
            27.4104017
          ],
          [
            88.5168213,
            27.4078672
          ],
          [
            88.5182046,
            27.4063597
          ],
          [
            88.5191241,
            27.4047246
          ],
          [
            88.5196606,
            27.4031218
          ],
          [
            88.5193844,
            27.4021211
          ]
        ]
      },
      "properties": {
        "name": "Teesta",
        "name:zh": "\u63d0\u65af\u5854\u6cb3",
        "waterway": "river",
        "wikidata": "Q907883",
        "wikipedia": "fr:Teesta"
      }
    },
    {
      "type": "Feature",
      "geometry": {
        "type": "LineString",
        "coordinates": [
          [
            88.651974,
            27.596012
          ],
          [
            88.6525723,
            27.5956749
          ],
          [
            88.6533261,
            27.5952457
          ],
          [
            88.6536775,
            27.5947246
          ],
          [
            88.6545081,
            27.5941435
          ],
          [
            88.6550931,
            27.5938707
          ],
          [
            88.6557457,
            27.5934367
          ],
          [
            88.6561715,
            27.5931313
          ],
          [
            88.6564214,
            27.5927173
          ],
          [
            88.6565242,
            27.5925719
          ],
          [
            88.6567943,
            27.5920785
          ],
          [
            88.6568708,
            27.5916047
          ],
          [
            88.6565941,
            27.5908561
          ],
          [
            88.6559439,
            27.5896831
          ],
          [
            88.6561148,
            27.5888107
          ],
          [
            88.6558365,
            27.5881372
          ],
          [
            88.6550969,
            27.5879438
          ],
          [
            88.654855,
            27.5872213
          ],
          [
            88.6548131,
            27.5867524
          ],
          [
            88.6547386,
            27.5859191
          ],
          [
            88.6550698,
            27.585326
          ],
          [
            88.6554498,
            27.584935
          ],
          [
            88.6555564,
            27.584098
          ],
          [
            88.6560093,
            27.583457
          ],
          [
            88.6563606,
            27.5828622
          ],
          [
            88.6568406,
            27.5820672
          ],
          [
            88.656843,
            27.5814719
          ],
          [
            88.6557457,
            27.5798626
          ],
          [
            88.655597,
            27.5791078
          ],
          [
            88.6555294,
            27.5786585
          ],
          [
            88.6544217,
            27.5772328
          ],
          [
            88.6534259,
            27.5758329
          ],
          [
            88.6528867,
            27.574998
          ],
          [
            88.6528911,
            27.5740851
          ],
          [
            88.6529395,
            27.5736376
          ],
          [
            88.6532071,
            27.5733858
          ],
          [
            88.653373,
            27.5721178
          ],
          [
            88.6535194,
            27.5716774
          ],
          [
            88.6542415,
            27.5709675
          ],
          [
            88.6546435,
            27.5702653
          ],
          [
            88.6549551,
            27.5691811
          ],
          [
            88.6545009,
            27.5679374
          ],
          [
            88.6538099,
            27.565555
          ],
          [
            88.6533396,
            27.5642676
          ],
          [
            88.6532724,
            27.5631725
          ],
          [
            88.6535427,
            27.5611985
          ],
          [
            88.6539634,
            27.5594286
          ],
          [
            88.654166,
            27.5581374
          ],
          [
            88.654617,
            27.5575329
          ],
          [
            88.6553334,
            27.5569816
          ],
          [
            88.6555902,
            27.5563944
          ],
          [
            88.6554224,
            27.5559568
          ],
          [
            88.6556073,
            27.5542249
          ],
          [
            88.6555024,
            27.5532306
          ],
          [
            88.6551509,
            27.5527033
          ],
          [
            88.6546544,
            27.5524438
          ]
        ]
      },
      "properties": {
        "name": "Teesta",
        "waterway": "river",
        "wikidata": "Q907883",
        "wikipedia": "fr:Teesta"
      }
    },
    {
      "type": "Feature",
      "geometry": {
        "type": "LineString",
        "coordinates": [
          [
            89.38385,
            25.8444834
          ],
          [
            89.3897925,
            25.8451734
          ],
          [
            89.3974698,
            25.8413085
          ],
          [
            89.4046175,
            25.8382328
          ],
          [
            89.4066975,
            25.8309315
          ],
          [
            89.4062815,
            25.8232554
          ],
          [
            89.4091935,
            25.8159532
          ],
          [
            89.4175135,
            25.8110848
          ],
          [
            89.4245855,
            25.8080888
          ],
          [
            89.4297855,
            25.8030329
          ],
          [
            89.4319072,
            25.7985454
          ],
          [
            89.4320626,
            25.796567
          ],
          [
            89.4332086,
            25.7948683
          ],
          [
            89.4360255,
            25.7916094
          ],
          [
            89.4411011,
            25.788032
          ],
          [
            89.4450293,
            25.7846614
          ],
          [
            89.4484963,
            25.7808668
          ],
          [
            89.4505326,
            25.7762166
          ],
          [
            89.4508826,
            25.7753878
          ],
          [
            89.4513842,
            25.7743083
          ],
          [
            89.4520099,
            25.7731305
          ],
          [
            89.4533507,
            25.7706069
          ],
          [
            89.4535497,
            25.7703366
          ],
          [
            89.4537487,
            25.7700663
          ],
          [
            89.4562313,
            25.7673179
          ],
          [
            89.4566415,
            25.7670374
          ],
          [
            89.4574035,
            25.7667086
          ],
          [
            89.4588441,
            25.7664272
          ],
          [
            89.4600553,
            25.7672165
          ],
          [
            89.4608534,
            25.7673862
          ],
          [
            89.4615551,
            25.7674504
          ],
          [
            89.4617979,
            25.7674547
          ],
          [
            89.4627766,
            25.7674722
          ],
          [
            89.4638572,
            25.767438
          ],
          [
            89.4655262,
            25.767329
          ],
          [
            89.466369,
            25.7671807
          ],
          [
            89.4678552,
            25.7665174
          ],
          [
            89.4695596,
            25.7662546
          ],
          [
            89.4701848,
            25.7660399
          ],
          [
            89.4709646,
            25.7656027
          ],
          [
            89.4713676,
            25.7654177
          ],
          [
            89.4718669,
            25.7650952
          ],
          [
            89.4721963,
            25.764726
          ],
          [
            89.4725256,
            25.7643567
          ],
          [
            89.472726,
            25.7639525
          ],
          [
            89.4728278,
            25.7636883
          ],
          [
            89.4729566,
            25.7631507
          ],
          [
            89.4730439,
            25.7619502
          ],
          [
            89.4732996,
            25.7612817
          ],
          [
            89.4735026,
            25.760805
          ],
          [
            89.4738914,
            25.7604161
          ],
          [
            89.4741678,
            25.7601397
          ],
          [
            89.4756116,
            25.7592084
          ],
          [
            89.4762121,
            25.7588162
          ],
          [
            89.476794,
            25.7584362
          ],
          [
            89.4779337,
            25.7578475
          ],
          [
            89.4785564,
            25.7576352
          ],
          [
            89.4796889,
            25.7574471
          ],
          [
            89.480681,
            25.757227
          ],
          [
            89.4812903,
            25.7569913
          ],
          [
            89.4819353,
            25.7566895
          ],
          [
            89.4825052,
            25.7563729
          ],
          [
            89.4830872,
            25.7559752
          ],
          [
            89.4834689,
            25.7556694
          ],
          [
            89.483725,
            25.7554439
          ],
          [
            89.4838232,
            25.7553168
          ],
          [
            89.4839215,
            25.7551163
          ],
          [
            89.4840244,
            25.7548292
          ],
          [
            89.4840913,
            25.7544589
          ],
          [
            89.4841121,
            25.7541806
          ],
          [
            89.4840949,
            25.7539887
          ],
          [
            89.4839656,
            25.7535539
          ],
          [
            89.4839752,
            25.7534108
          ],
          [
            89.4840503,
            25.7525679
          ],
          [
            89.4840511,
            25.7521882
          ],
          [
            89.4840559,
            25.7519071
          ],
          [
            89.4840716,
            25.7517143
          ],
          [
            89.4841238,
            25.751519
          ],
          [
            89.4841859,
            25.7513592
          ],
          [
            89.4842531,
            25.7512174
          ],
          [
            89.4843106,
            25.7511065
          ],
          [
            89.484391,
            25.7509378
          ],
          [
            89.4844389,
            25.7508283
          ],
          [
            89.4845065,
            25.7507099
          ],
          [
            89.4846121,
            25.7505086
          ],
          [
            89.4846743,
            25.7504395
          ],
          [
            89.4847248,
            25.7503872
          ],
          [
            89.4848104,
            25.7503318
          ],
          [
            89.4849258,
            25.7502804
          ],
          [
            89.4851248,
            25.7502257
          ],
          [
            89.4853676,
            25.7501747
          ],
          [
            89.4858258,
            25.7501129
          ],
          [
            89.487113,
            25.7499301
          ],
          [
            89.4874639,
            25.7496499
          ],
          [
            89.4878266,
            25.749372
          ],
          [
            89.4879993,
            25.7492736
          ],
          [
            89.4882392,
            25.7491644
          ],
          [
            89.4884929,
            25.7490958
          ],
          [
            89.4886918,
            25.7490531
          ],
          [
            89.4888416,
            25.7489931
          ],
          [
            89.4889689,
            25.7488961
          ],
          [
            89.4890701,
            25.7487879
          ],
          [
            89.4891642,
            25.7486283
          ],
          [
            89.4892316,
            25.748453
          ],
          [
            89.4893691,
            25.7479619
          ]
        ]
      },
      "properties": {
        "name": "Teesta",
        "name:bn": "\u09a4\u09bf\u09b8\u09cd\u09a4\u09be \u09a8\u09a6\u09c0",
        "name:en": "Teesta River",
        "name:ne": "\u091f\u093f\u0938\u094d\u091f\u093e \u0916\u094b\u0932\u093e",
        "source": "landsat",
        "waterway": "river",
        "wikidata": "Q907883"
      }
    },
    {
      "type": "Feature",
      "geometry": {
        "type": "LineString",
        "coordinates": [
          [
            88.5211587,
            27.1724127
          ],
          [
            88.5213023,
            27.1722101
          ],
          [
            88.5216627,
            27.1716356
          ],
          [
            88.5218738,
            27.1713248
          ],
          [
            88.5221017,
            27.1710392
          ],
          [
            88.522221,
            27.1709154
          ],
          [
            88.5223435,
            27.1708094
          ],
          [
            88.5224687,
            27.170725
          ],
          [
            88.5225963,
            27.170666
          ],
          [
            88.522723,
            27.1706262
          ],
          [
            88.5229658,
            27.1705728
          ],
          [
            88.5235357,
            27.1705064
          ],
          [
            88.5237603,
            27.1704685
          ],
          [
            88.5239893,
            27.1704025
          ],
          [
            88.5242271,
            27.1702937
          ],
          [
            88.5245341,
            27.1700926
          ],
          [
            88.5249367,
            27.169787
          ],
          [
            88.5253889,
            27.1694184
          ],
          [
            88.5258445,
            27.1690285
          ],
          [
            88.5264332,
            27.1684944
          ],
          [
            88.5267699,
            27.1681461
          ],
          [
            88.5275072,
            27.1670866
          ],
          [
            88.5278109,
            27.1666698
          ],
          [
            88.5279733,
            27.1664719
          ],
          [
            88.5280359,
            27.1664089
          ],
          [
            88.5281637,
            27.1663096
          ],
          [
            88.528412,
            27.1661629
          ],
          [
            88.5286072,
            27.1660724
          ],
          [
            88.5289301,
            27.1659576
          ],
          [
            88.5291574,
            27.1659009
          ],
          [
            88.5293877,
            27.1658648
          ],
          [
            88.5295159,
            27.1658547
          ],
          [
            88.5302166,
            27.1658281
          ],
          [
            88.5306162,
            27.165798
          ],
          [
            88.5309999,
            27.1657374
          ],
          [
            88.5311745,
            27.1656913
          ],
          [
            88.5313315,
            27.1656321
          ],
          [
            88.5314664,
            27.1655582
          ],
          [
            88.5315746,
            27.1654677
          ],
          [
            88.5316515,
            27.1653589
          ],
          [
            88.5317067,
            27.1652444
          ],
          [
            88.5318185,
            27.1649437
          ],
          [
            88.5318383,
            27.1648551
          ],
          [
            88.5318527,
            27.1646907
          ],
          [
            88.5318474,
            27.1646133
          ],
          [
            88.5318129,
            27.164464
          ],
          [
            88.531703,
            27.1642423
          ],
          [
            88.5315752,
            27.1640657
          ],
          [
            88.5313148,
            27.1637522
          ],
          [
            88.5294983,
            27.1616502
          ],
          [
            88.5294199,
            27.1615502
          ],
          [
            88.5293475,
            27.1614332
          ],
          [
            88.5291304,
            27.1609935
          ],
          [
            88.528856,
            27.1603454
          ],
          [
            88.5287119,
            27.159968
          ],
          [
            88.5284391,
            27.1591561
          ],
          [
            88.5283221,
            27.1587415
          ],
          [
            88.5282258,
            27.1583343
          ],
          [
            88.5281561,
            27.1579444
          ],
          [
            88.5281187,
            27.1575817
          ],
          [
            88.5281196,
            27.1572562
          ],
          [
            88.5281646,
            27.1569777
          ],
          [
            88.528247,
            27.1567519
          ],
          [
            88.5283534,
            27.1565746
          ],
          [
            88.5284794,
            27.1564411
          ],
          [
            88.5286209,
            27.1563467
          ],
          [
            88.5287736,
            27.1562867
          ],
          [
            88.5289331,
            27.1562564
          ],
          [
            88.5290953,
            27.156251
          ],
          [
            88.5292559,
            27.156266
          ],
          [
            88.5294105,
            27.1562967
          ],
          [
            88.529555,
            27.1563382
          ],
          [
            88.529685,
            27.1563859
          ],
          [
            88.5298846,
            27.1564813
          ],
          [
            88.5299456,
            27.1565195
          ],
          [
            88.5299992,
            27.1565689
          ],
          [
            88.5302485,
            27.1568543
          ],
          [
            88.5304841,
            27.1570804
          ],
          [
            88.5306215,
            27.1571806
          ],
          [
            88.5307714,
            27.1572618
          ],
          [
            88.5309333,
            27.1573162
          ],
          [
            88.5311068,
            27.157336
          ],
          [
            88.5312916,
            27.1573131
          ],
          [
            88.5314872,
            27.1572399
          ],
          [
            88.5316931,
            27.1571085
          ],
          [
            88.5321345,
            27.1566926
          ],
          [
            88.5323672,
            27.1565014
          ],
          [
            88.5326033,
            27.1563328
          ],
          [
            88.5328392,
            27.1561826
          ],
          [
            88.5337072,
            27.1556808
          ],
          [
            88.5338868,
            27.1555586
          ],
          [
            88.5340441,
            27.1554292
          ],
          [
            88.5341754,
            27.1552882
          ],
          [
            88.5342771,
            27.1551315
          ],
          [
            88.5343454,
            27.1549547
          ],
          [
            88.5343766,
            27.1547535
          ],
          [
            88.5343867,
            27.1545356
          ],
          [
            88.5343979,
            27.1540857
          ],
          [
            88.5343949,
            27.1536273
          ],
          [
            88.5343585,
            27.1529501
          ],
          [
            88.5343094,
            27.1525235
          ],
          [
            88.5342375,
            27.1521309
          ],
          [
            88.5341406,
            27.1517846
          ],
          [
            88.5339596,
            27.1512499
          ],
          [
            88.5338834,
            27.151055
          ],
          [
            88.5337937,
            27.150857
          ],
          [
            88.5336871,
            27.1506588
          ],
          [
            88.5335602,
            27.1504637
          ],
          [
            88.5334097,
            27.1502746
          ],
          [
            88.5332322,
            27.1500946
          ],
          [
            88.5330244,
            27.1499269
          ],
          [
            88.5327828,
            27.1497746
          ],
          [
            88.5325041,
            27.1496406
          ],
          [
            88.532185,
            27.1495282
          ],
          [
            88.531822,
            27.1494403
          ],
          [
            88.5314259,
            27.1493683
          ],
          [
            88.5305866,
            27.149238
          ],
          [
            88.5280163,
            27.1489104
          ],
          [
            88.5272623,
            27.1488054
          ],
          [
            88.5266197,
            27.1486939
          ],
          [
            88.5257875,
            27.1485033
          ],
          [
            88.5251193,
            27.1483657
          ],
          [
            88.5243921,
            27.1482359
          ],
          [
            88.5236514,
            27.148128
          ],
          [
            88.5229426,
            27.1480566
          ],
          [
            88.5226144,
            27.1480391
          ],
          [
            88.5223111,
            27.148036
          ],
          [
            88.5220386,
            27.1480492
          ],
          [
            88.5215792,
            27.1481099
          ],
          [
            88.5213438,
            27.1481162
          ],
          [
            88.521099,
            27.1480991
          ],
          [
            88.5208476,
            27.1480582
          ],
          [
            88.5205926,
            27.1479931
          ],
          [
            88.5203368,
            27.1479036
          ],
          [
            88.5200831,
            27.1477893
          ],
          [
            88.5198343,
            27.1476498
          ],
          [
            88.5195933,
            27.1474849
          ],
          [
            88.5193629,
            27.1472942
          ],
          [
            88.5191461,
            27.1470773
          ],
          [
            88.5189456,
            27.146834
          ],
          [
            88.5187644,
            27.1465638
          ],
          [
            88.5186052,
            27.1462665
          ],
          [
            88.5184646,
            27.1459531
          ],
          [
            88.5183367,
            27.1456365
          ],
          [
            88.5181178,
            27.1450044
          ],
          [
            88.5180259,
            27.1446943
          ],
          [
            88.5178756,
            27.1440993
          ],
          [
            88.5177674,
            27.1435558
          ],
          [
            88.5176982,
            27.1430851
          ],
          [
            88.5176651,
            27.1427085
          ],
          [
            88.5176569,
            27.142276
          ],
          [
            88.517617,
            27.1419603
          ],
          [
            88.5175709,
            27.1418006
          ],
          [
            88.5175006,
            27.1416444
          ],
          [
            88.5174009,
            27.1414953
          ],
          [
            88.5172667,
            27.1413571
          ],
          [
            88.5170929,
            27.1412333
          ],
          [
            88.5168744,
            27.1411276
          ],
          [
            88.5166061,
            27.1410436
          ],
          [
            88.5162828,
            27.140985
          ],
          [
            88.5158994,
            27.1409553
          ],
          [
            88.5149878,
            27.1409704
          ],
          [
            88.5145629,
            27.1409667
          ],
          [
            88.5141742,
            27.1409483
          ],
          [
            88.5138198,
            27.1409161
          ],
          [
            88.5134977,
            27.1408713
          ],
          [
            88.5132061,
            27.140815
          ],
          [
            88.5129431,
            27.1407482
          ],
          [
            88.5127066,
            27.1406721
          ],
          [
            88.5124948,
            27.1405878
          ],
          [
            88.5123058,
            27.1404962
          ],
          [
            88.5121376,
            27.1403986
          ],
          [
            88.5119883,
            27.1402959
          ],
          [
            88.5117388,
            27.1400799
          ],
          [
            88.5115267,
            27.139863
          ],
          [
            88.5113354,
            27.1396467
          ],
          [
            88.5111695,
            27.13942
          ],
          [
            88.5110341,
            27.139172
          ],
          [
            88.5109339,
            27.1388916
          ],
          [
            88.5108739,
            27.1385678
          ],
          [
            88.510859,
            27.1381895
          ],
          [
            88.5108741,
            27.1375838
          ],
          [
            88.5108664,
            27.1373918
          ],
          [
            88.5108441,
            27.1372088
          ],
          [
            88.5108021,
            27.1370371
          ],
          [
            88.5107356,
            27.1368791
          ],
          [
            88.5106395,
            27.1367371
          ],
          [
            88.5105089,
            27.1366136
          ],
          [
            88.5103388,
            27.136511
          ],
          [
            88.5101242,
            27.1364315
          ],
          [
            88.5098602,
            27.1363777
          ],
          [
            88.5095417,
            27.1363518
          ],
          [
            88.5091638,
            27.1363563
          ],
          [
            88.5075378,
            27.136437
          ],
          [
            88.5072323,
            27.1364701
          ],
          [
            88.5069624,
            27.1365219
          ],
          [
            88.5066786,
            27.1366018
          ],
          [
            88.5061234,
            27.1367789
          ],
          [
            88.5058973,
            27.1368182
          ],
          [
            88.5056564,
            27.1368361
          ],
          [
            88.5054042,
            27.1368315
          ],
          [
            88.5051442,
            27.1368032
          ],
          [
            88.5048799,
            27.1367502
          ],
          [
            88.5046148,
            27.1366714
          ],
          [
            88.5043523,
            27.1365657
          ],
          [
            88.5040959,
            27.136432
          ],
          [
            88.5038491,
            27.1362693
          ],
          [
            88.5036153,
            27.1360764
          ],
          [
            88.503398,
            27.1358523
          ],
          [
            88.5032008,
            27.1355959
          ],
          [
            88.5030269,
            27.135306
          ],
          [
            88.5028672,
            27.1349925
          ],
          [
            88.5022752,
            27.133745
          ],
          [
            88.5020776,
            27.1333286
          ],
          [
            88.501749,
            27.1326821
          ],
          [
            88.5015784,
            27.1323767
          ],
          [
            88.5014023,
            27.1320878
          ],
          [
            88.5012198,
            27.1318188
          ],
          [
            88.5010301,
            27.131573
          ],
          [
            88.5008322,
            27.1313541
          ],
          [
            88.5006252,
            27.1311653
          ],
          [
            88.4998035,
            27.1305094
          ],
          [
            88.4991413,
            27.1299637
          ],
          [
            88.4984915,
            27.1293818
          ],
          [
            88.498199,
            27.1290908
          ],
          [
            88.497943,
            27.1288071
          ],
          [
            88.4977344,
            27.128536
          ],
          [
            88.4975846,
            27.128283
          ],
          [
            88.4975045,
            27.1280535
          ],
          [
            88.4975053,
            27.1278528
          ],
          [
            88.4975981,
            27.1276865
          ],
          [
            88.4979037,
            27.127398
          ],
          [
            88.4985581,
            27.1268417
          ],
          [
            88.4988536,
            27.1265632
          ],
          [
            88.4989817,
            27.1264215
          ],
          [
            88.4990924,
            27.1262773
          ],
          [
            88.4991822,
            27.12613
          ],
          [
            88.4992478,
            27.1259788
          ],
          [
            88.499286,
            27.1258231
          ],
          [
            88.4992933,
            27.1256622
          ],
          [
            88.4992644,
            27.125489
          ],
          [
            88.4991955,
            27.1253004
          ],
          [
            88.4990852,
            27.1251024
          ],
          [
            88.4989325,
            27.1249006
          ],
          [
            88.4987362,
            27.1247008
          ],
          [
            88.4984951,
            27.1245088
          ],
          [
            88.4982082,
            27.1243303
          ],
          [
            88.4978741,
            27.1241711
          ],
          [
            88.4974918,
            27.124037
          ],
          [
            88.4970601,
            27.1239336
          ],
          [
            88.4965779,
            27.1238669
          ],
          [
            88.4960439,
            27.1238424
          ],
          [
            88.495457,
            27.1238661
          ],
          [
            88.4948161,
            27.1239436
          ],
          [
            88.4941887,
            27.1240583
          ],
          [
            88.4936384,
            27.1241877
          ],
          [
            88.4931579,
            27.1243292
          ],
          [
            88.49274,
            27.12448
          ],
          [
            88.4923775,
            27.1246373
          ],
          [
            88.492063,
            27.1247983
          ],
          [
            88.4917894,
            27.1249604
          ],
          [
            88.4915494,
            27.1251207
          ],
          [
            88.4907808,
            27.1256893
          ],
          [
            88.4906002,
            27.1257995
          ],
          [
            88.4904098,
            27.1258914
          ],
          [
            88.4902055,
            27.1259641
          ],
          [
            88.4899892,
            27.1260193
          ],
          [
            88.4897626,
            27.1260584
          ],
          [
            88.4895276,
            27.1260825
          ],
          [
            88.489286,
            27.1260929
          ],
          [
            88.4890394,
            27.1260908
          ],
          [
            88.4885388,
            27.1260544
          ],
          [
            88.4880401,
            27.1259833
          ],
          [
            88.4875575,
            27.1258874
          ],
          [
            88.4871053,
            27.1257768
          ],
          [
            88.4867035,
            27.1256608
          ],
          [
            88.4863628,
            27.125536
          ],
          [
            88.4862156,
            27.1254677
          ],
          [
            88.486084,
            27.125394
          ],
          [
            88.4859681,
            27.1253137
          ],
          [
            88.4858679,
            27.1252258
          ],
          [
            88.4857836,
            27.1251293
          ],
          [
            88.4857153,
            27.1250229
          ],
          [
            88.485663,
            27.1249057
          ],
          [
            88.4856268,
            27.1247766
          ],
          [
            88.4856069,
            27.1246344
          ],
          [
            88.4856033,
            27.1244782
          ],
          [
            88.4856495,
            27.1230781
          ],
          [
            88.4856561,
            27.1225396
          ],
          [
            88.4856477,
            27.1220366
          ],
          [
            88.4856179,
            27.1216118
          ],
          [
            88.485593,
            27.1214421
          ],
          [
            88.4855604,
            27.1213079
          ],
          [
            88.4855134,
            27.1211963
          ],
          [
            88.4854475,
            27.1210911
          ],
          [
            88.4853645,
            27.1209927
          ],
          [
            88.4852666,
            27.1209017
          ],
          [
            88.485034,
            27.1207436
          ],
          [
            88.4849033,
            27.1206777
          ],
          [
            88.4846232,
            27.1205743
          ],
          [
            88.4843316,
            27.1205123
          ],
          [
            88.4841866,
            27.1204981
          ],
          [
            88.4840448,
            27.1204957
          ],
          [
            88.4837572,
            27.120525
          ],
          [
            88.4833637,
            27.1205846
          ],
          [
            88.4828794,
            27.1206812
          ],
          [
            88.4823417,
            27.1208257
          ],
          [
            88.4820647,
            27.1209191
          ],
          [
            88.4817883,
            27.1210286
          ],
          [
            88.4815175,
            27.1211553
          ],
          [
            88.4812567,
            27.1213006
          ],
          [
            88.4810108,
            27.1214659
          ],
          [
            88.4807844,
            27.1216525
          ],
          [
            88.4803782,
            27.1220877
          ],
          [
            88.4801457,
            27.122319
          ],
          [
            88.4798883,
            27.1225488
          ],
          [
            88.4796097,
            27.12277
          ],
          [
            88.4793135,
            27.1229758
          ],
          [
            88.4790035,
            27.1231591
          ],
          [
            88.4786832,
            27.1233132
          ],
          [
            88.4783564,
            27.123431
          ],
          [
            88.4780266,
            27.1235057
          ],
          [
            88.4776976,
            27.1235302
          ],
          [
            88.477373,
            27.1234977
          ],
          [
            88.4770565,
            27.1234012
          ],
          [
            88.4767517,
            27.1232338
          ],
          [
            88.4764623,
            27.1229885
          ],
          [
            88.4758963,
            27.1223751
          ],
          [
            88.4753314,
            27.1217055
          ],
          [
            88.4747845,
            27.1210171
          ],
          [
            88.4734209,
            27.1192141
          ],
          [
            88.4731149,
            27.1188251
          ],
          [
            88.4726287,
            27.118258
          ],
          [
            88.4723864,
            27.1180198
          ],
          [
            88.4722593,
            27.1179131
          ],
          [
            88.4719847,
            27.1177265
          ],
          [
            88.4718337,
            27.1176472
          ],
          [
            88.4716713,
            27.1175776
          ],
          [
            88.4714957,
            27.1175181
          ],
          [
            88.4713051,
            27.1174691
          ],
          [
            88.4710979,
            27.1174309
          ],
          [
            88.4701199,
            27.11732
          ],
          [
            88.4698571,
            27.1172808
          ],
          [
            88.4695952,
            27.1172284
          ],
          [
            88.4693384,
            27.1171587
          ],
          [
            88.4690908,
            27.1170674
          ],
          [
            88.4688565,
            27.1169502
          ],
          [
            88.4686397,
            27.1168028
          ],
          [
            88.4684444,
            27.116621
          ],
          [
            88.4682749,
            27.1164005
          ],
          [
            88.4681352,
            27.1161371
          ],
          [
            88.4680295,
            27.1158266
          ],
          [
            88.4679514,
            27.1155051
          ],
          [
            88.4678424,
            27.1149381
          ],
          [
            88.4677782,
            27.1144522
          ],
          [
            88.4676965,
            27.1136282
          ],
          [
            88.4676352,
            27.1132422
          ],
          [
            88.467531,
            27.1128415
          ],
          [
            88.467456,
            27.1126282
          ],
          [
            88.4674167,
            27.1124383
          ],
          [
            88.4659149,
            27.1088538
          ],
          [
            88.4660255,
            27.1079948
          ],
          [
            88.4664566,
            27.1064006
          ],
          [
            88.4665296,
            27.1052434
          ],
          [
            88.4660655,
            27.1042213
          ],
          [
            88.4659,
            27.1027613
          ],
          [
            88.4659212,
            27.1015554
          ],
          [
            88.4650589,
            27.1006756
          ],
          [
            88.4636457,
            27.0997795
          ],
          [
            88.4615314,
            27.0987459
          ],
          [
            88.4609808,
            27.0978526
          ],
          [
            88.4610045,
            27.0967447
          ],
          [
            88.4612678,
            27.0951906
          ],
          [
            88.4609977,
            27.0945578
          ],
          [
            88.4608648,
            27.0942115
          ],
          [
            88.4607311,
            27.0938631
          ],
          [
            88.4603652,
            27.0929097
          ],
          [
            88.459673,
            27.091057
          ],
          [
            88.458515,
            27.0894906
          ],
          [
            88.457271,
            27.0887498
          ],
          [
            88.4569696,
            27.0886824
          ],
          [
            88.4565806,
            27.0885954
          ],
          [
            88.4550595,
            27.0883729
          ],
          [
            88.4537429,
            27.087754
          ],
          [
            88.4524602,
            27.085713
          ],
          [
            88.4519797,
            27.0850445
          ],
          [
            88.451682,
            27.0846304
          ],
          [
            88.450184,
            27.0836828
          ],
          [
            88.448651,
            27.083254
          ],
          [
            88.4449893,
            27.0832991
          ],
          [
            88.4444278,
            27.0833352
          ],
          [
            88.4437869,
            27.0833765
          ],
          [
            88.4417548,
            27.0835072
          ],
          [
            88.4393953,
            27.0830418
          ],
          [
            88.4372645,
            27.0822419
          ],
          [
            88.4343463,
            27.0807135
          ],
          [
            88.433163,
            27.0795165
          ],
          [
            88.4324271,
            27.0786742
          ],
          [
            88.4316388,
            27.0779918
          ],
          [
            88.4310847,
            27.0765867
          ],
          [
            88.4299159,
            27.0728455
          ],
          [
            88.4290326,
            27.0709156
          ],
          [
            88.4289253,
            27.069284
          ],
          [
            88.4285856,
            27.0684038
          ],
          [
            88.4279347,
            27.0670408
          ],
          [
            88.4272239,
            27.0660859
          ],
          [
            88.4257514,
            27.0641133
          ],
          [
            88.4255306,
            27.0633894
          ],
          [
            88.4255604,
            27.0629477
          ],
          [
            88.4256136,
            27.0621572
          ],
          [
            88.425801,
            27.0599724
          ],
          [
            88.4261212,
            27.0579553
          ],
          [
            88.4261898,
            27.0561562
          ],
          [
            88.4262519,
            27.055251
          ],
          [
            88.426395,
            27.0544987
          ],
          [
            88.4266623,
            27.0542139
          ],
          [
            88.4267167,
            27.0538554
          ],
          [
            88.4267932,
            27.0533516
          ],
          [
            88.4271254,
            27.0512532
          ],
          [
            88.4275708,
            27.0498947
          ],
          [
            88.4277415,
            27.0492096
          ],
          [
            88.4280782,
            27.0478587
          ],
          [
            88.4289531,
            27.0447461
          ],
          [
            88.4294653,
            27.0433658
          ],
          [
            88.42934,
            27.042525
          ],
          [
            88.4288086,
            27.0417984
          ],
          [
            88.4280206,
            27.0409796
          ],
          [
            88.4274527,
            27.0397284
          ],
          [
            88.4272368,
            27.038452
          ],
          [
            88.427797,
            27.036939
          ],
          [
            88.4285982,
            27.0363193
          ],
          [
            88.4297847,
            27.0353134
          ],
          [
            88.4302847,
            27.034356
          ],
          [
            88.4303088,
            27.0331082
          ],
          [
            88.4297114,
            27.0318821
          ],
          [
            88.429224,
            27.0304606
          ],
          [
            88.4292668,
            27.0300492
          ],
          [
            88.4294507,
            27.0296797
          ],
          [
            88.4300041,
            27.0293883
          ],
          [
            88.4307031,
            27.0287137
          ],
          [
            88.4308983,
            27.028257
          ],
          [
            88.4311532,
            27.0276606
          ],
          [
            88.432717,
            27.0256007
          ],
          [
            88.4335849,
            27.0246087
          ],
          [
            88.4349958,
            27.0231222
          ],
          [
            88.4370906,
            27.0207357
          ],
          [
            88.4372645,
            27.0195603
          ],
          [
            88.4371958,
            27.0185214
          ],
          [
            88.4368639,
            27.0177136
          ],
          [
            88.4362168,
            27.016786
          ],
          [
            88.4363376,
            27.0161629
          ],
          [
            88.436872,
            27.0153839
          ],
          [
            88.4374233,
            27.0146003
          ],
          [
            88.4385803,
            27.0135806
          ],
          [
            88.4401828,
            27.0128314
          ],
          [
            88.4438977,
            27.0124194
          ],
          [
            88.4450874,
            27.0126779
          ],
          [
            88.4462482,
            27.0126521
          ],
          [
            88.4466037,
            27.0123544
          ],
          [
            88.4469912,
            27.0113169
          ],
          [
            88.4472929,
            27.0105321
          ],
          [
            88.4473394,
            27.0093849
          ],
          [
            88.4463933,
            27.0081535
          ],
          [
            88.4448843,
            27.0065505
          ],
          [
            88.4445757,
            27.0048826
          ],
          [
            88.4448176,
            27.003655
          ],
          [
            88.4432554,
            27.0019355
          ],
          [
            88.4428176,
            27.0014535
          ],
          [
            88.4426992,
            27.0013668
          ],
          [
            88.4407257,
            26.9999219
          ],
          [
            88.4384703,
            26.9987783
          ],
          [
            88.4364134,
            26.9978762
          ],
          [
            88.434829,
            26.9964871
          ],
          [
            88.4344675,
            26.9958025
          ],
          [
            88.4350182,
            26.9940722
          ],
          [
            88.435444,
            26.9926647
          ],
          [
            88.4360895,
            26.9918937
          ],
          [
            88.4375185,
            26.991547
          ],
          [
            88.4398941,
            26.9909513
          ],
          [
            88.4420505,
            26.9900176
          ],
          [
            88.4431356,
            26.9887238
          ],
          [
            88.4432523,
            26.9873377
          ],
          [
            88.442782,
            26.9867576
          ],
          [
            88.4419236,
            26.9865086
          ],
          [
            88.4414843,
            26.9848362
          ],
          [
            88.4411649,
            26.9835019
          ],
          [
            88.4414482,
            26.9817355
          ],
          [
            88.4414843,
            26.9799436
          ],
          [
            88.4412248,
            26.9785737
          ],
          [
            88.4405261,
            26.9771921
          ],
          [
            88.4386378,
            26.9748974
          ],
          [
            88.4352046,
            26.9729085
          ],
          [
            88.4314121,
            26.9723014
          ],
          [
            88.4288301,
            26.9708676
          ],
          [
            88.4280723,
            26.9694656
          ],
          [
            88.4285678,
            26.9691754
          ],
          [
            88.4300548,
            26.9684718
          ],
          [
            88.4331447,
            26.9657179
          ],
          [
            88.4394961,
            26.9609748
          ],
          [
            88.4406978,
            26.9569966
          ],
          [
            88.4419532,
            26.9516412
          ],
          [
            88.4419002,
            26.9500138
          ],
          [
            88.4424108,
            26.9486316
          ],
          [
            88.4455523,
            26.9468301
          ],
          [
            88.4454955,
            26.9458201
          ],
          [
            88.4449263,
            26.9435945
          ],
          [
            88.4439151,
            26.9421616
          ],
          [
            88.4428166,
            26.9411174
          ],
          [
            88.4423707,
            26.9403918
          ],
          [
            88.4421159,
            26.9392559
          ],
          [
            88.4422999,
            26.9380948
          ],
          [
            88.4432762,
            26.9370911
          ],
          [
            88.4440837,
            26.937123
          ],
          [
            88.4449472,
            26.9372997
          ],
          [
            88.4453326,
            26.9380218
          ],
          [
            88.4471784,
            26.9380313
          ],
          [
            88.4493641,
            26.9375395
          ],
          [
            88.4517283,
            26.9364415
          ],
          [
            88.4536797,
            26.9351332
          ],
          [
            88.4551334,
            26.9332043
          ],
          [
            88.4556323,
            26.9319002
          ],
          [
            88.4557864,
            26.9280895
          ],
          [
            88.4561187,
            26.9252093
          ],
          [
            88.4561688,
            26.9247834
          ],
          [
            88.458615,
            26.9222964
          ],
          [
            88.4608999,
            26.9214562
          ],
          [
            88.4618242,
            26.9215111
          ],
          [
            88.4636124,
            26.9201694
          ],
          [
            88.4642644,
            26.919621
          ],
          [
            88.4645824,
            26.9185846
          ],
          [
            88.464559,
            26.9181513
          ],
          [
            88.4644192,
            26.9174351
          ],
          [
            88.4639847,
            26.9167606
          ],
          [
            88.4638184,
            26.916354
          ],
          [
            88.4639955,
            26.9158853
          ],
          [
            88.464748,
            26.915351
          ],
          [
            88.4657067,
            26.9149573
          ],
          [
            88.4666616,
            26.9149717
          ],
          [
            88.4679383,
            26.9151072
          ],
          [
            88.4718899,
            26.9144758
          ],
          [
            88.473115,
            26.9142111
          ],
          [
            88.4737167,
            26.913967
          ],
          [
            88.4743719,
            26.9134272
          ],
          [
            88.474912,
            26.9130248
          ],
          [
            88.4749841,
            26.9126233
          ],
          [
            88.4747076,
            26.9116223
          ],
          [
            88.4743059,
            26.9112358
          ],
          [
            88.4737636,
            26.9111389
          ],
          [
            88.4731203,
            26.9112262
          ],
          [
            88.4721568,
            26.9111828
          ],
          [
            88.4715646,
            26.9109249
          ],
          [
            88.4711277,
            26.910491
          ],
          [
            88.4707922,
            26.9097721
          ],
          [
            88.4707278,
            26.9092698
          ],
          [
            88.4709449,
            26.9088281
          ],
          [
            88.4716268,
            26.9082082
          ],
          [
            88.4727932,
            26.9069282
          ],
          [
            88.4731257,
            26.906091
          ],
          [
            88.4730828,
            26.9033978
          ],
          [
            88.4738509,
            26.9009516
          ],
          [
            88.4744561,
            26.8983459
          ],
          [
            88.4749622,
            26.8936014
          ],
          [
            88.4752714,
            26.8881842
          ],
          [
            88.4755799,
            26.8860359
          ],
          [
            88.4766555,
            26.8809666
          ],
          [
            88.4771704,
            26.8788995
          ],
          [
            88.4779,
            26.8748419
          ],
          [
            88.4786349,
            26.8697473
          ],
          [
            88.4796381,
            26.8663434
          ],
          [
            88.4825563,
            26.8592225
          ],
          [
            88.4846592,
            26.8564659
          ],
          [
            88.4894228,
            26.8525989
          ],
          [
            88.4940147,
            26.8517565
          ],
          [
            88.5004091,
            26.8484254
          ],
          [
            88.5066747,
            26.8434477
          ],
          [
            88.5138845,
            26.8380485
          ],
          [
            88.5199356,
            26.8331087
          ],
          [
            88.5225963,
            26.8270963
          ],
          [
            88.5236263,
            26.8234772
          ],
          [
            88.523798,
            26.8225772
          ],
          [
            88.5248923,
            26.8215814
          ],
          [
            88.5282612,
            26.8202027
          ],
          [
            88.5310292,
            26.8191495
          ],
          [
            88.5327673,
            26.8182111
          ],
          [
            88.533926,
            26.8171004
          ],
          [
            88.5348701,
            26.8150705
          ],
          [
            88.5360717,
            26.8130406
          ],
          [
            88.5398483,
            26.8079464
          ],
          [
            88.5457706,
            26.8023924
          ],
          [
            88.5495901,
            26.7972211
          ],
          [
            88.5527658,
            26.792969
          ],
          [
            88.5533666,
            26.7885252
          ],
          [
            88.5563278,
            26.7857285
          ],
          [
            88.561306,
            26.7836598
          ],
          [
            88.5646534,
            26.7826254
          ],
          [
            88.5750388,
            26.7790241
          ],
          [
            88.5843944,
            26.7683726
          ],
          [
            88.5862826,
            26.7595595
          ],
          [
            88.5876959,
            26.7565954
          ],
          [
            88.5893547,
            26.7543357
          ],
          [
            88.591624,
            26.7515828
          ],
          [
            88.5949175,
            26.7473229
          ],
          [
            88.6012172,
            26.7412414
          ],
          [
            88.6090278,
            26.7349559
          ],
          [
            88.6151218,
            26.72821
          ],
          [
            88.6219882,
            26.7210038
          ],
          [
            88.6273097,
            26.7124171
          ],
          [
            88.6293696,
            26.7062833
          ],
          [
            88.6328973,
            26.7010507
          ],
          [
            88.6339187,
            26.6995357
          ],
          [
            88.6370944,
            26.6935546
          ],
          [
            88.6436175,
            26.6822049
          ],
          [
            88.6477374,
            26.6766831
          ],
          [
            88.6488672,
            26.6752012
          ],
          [
            88.657093,
            26.6644113
          ],
          [
            88.6643027,
            26.6552066
          ],
          [
            88.6715125,
            26.6496835
          ],
          [
            88.6779283,
            26.646941
          ]
        ]
      },
      "properties": {
        "alt_name": "Tista",
        "name": "Teesta River",
        "name:bn": "\u09a4\u09bf\u09b8\u09cd\u09a4\u09be \u09a8\u09a6\u09c0",
        "name:en": "Teesta River",
        "name:ne": "\u091f\u093f\u0938\u094d\u091f\u093e \u0916\u094b\u0932\u093e",
        "name:zh": "\u63d0\u65af\u5854\u6cb3",
        "waterway": "river",
        "wikidata": "Q907883",
        "wikipedia": "fr:Teesta"
      }
    },
    {
      "type": "Feature",
      "geometry": {
        "type": "LineString",
        "coordinates": [
          [
            88.6546544,
            27.5524438
          ],
          [
            88.654279,
            27.5521161
          ],
          [
            88.6537992,
            27.5514749
          ],
          [
            88.6535626,
            27.5509416
          ],
          [
            88.6532454,
            27.5506207
          ],
          [
            88.6523441,
            27.550026
          ],
          [
            88.6517097,
            27.5496311
          ],
          [
            88.651104,
            27.5493039
          ],
          [
            88.6505009,
            27.549018
          ],
          [
            88.6500481,
            27.5488622
          ],
          [
            88.6496499,
            27.5488229
          ],
          [
            88.6491897,
            27.5489821
          ],
          [
            88.6487234,
            27.5493236
          ],
          [
            88.6483059,
            27.5492951
          ],
          [
            88.6479461,
            27.5495693
          ],
          [
            88.6474491,
            27.5498714
          ],
          [
            88.6465065,
            27.5499588
          ],
          [
            88.6458206,
            27.5499138
          ],
          [
            88.6451145,
            27.5499068
          ],
          [
            88.6436543,
            27.549803
          ],
          [
            88.6431068,
            27.549815
          ],
          [
            88.6424858,
            27.5497364
          ],
          [
            88.6416807,
            27.5492937
          ],
          [
            88.6408399,
            27.5486383
          ],
          [
            88.6397864,
            27.5481396
          ],
          [
            88.6393152,
            27.5475379
          ],
          [
            88.6389399,
            27.547097
          ],
          [
            88.6385852,
            27.5468607
          ],
          [
            88.6382096,
            27.5467403
          ],
          [
            88.6377877,
            27.546693
          ],
          [
            88.6371997,
            27.5468428
          ],
          [
            88.6367795,
            27.5470671
          ],
          [
            88.6360102,
            27.5472143
          ],
          [
            88.6352194,
            27.5471064
          ],
          [
            88.634726,
            27.5467709
          ],
          [
            88.6343272,
            27.546645
          ],
          [
            88.6338157,
            27.5466466
          ],
          [
            88.6326984,
            27.5464832
          ],
          [
            88.6318742,
            27.5462134
          ],
          [
            88.6298687,
            27.5451353
          ],
          [
            88.6291761,
            27.5449659
          ],
          [
            88.6280892,
            27.544981
          ],
          [
            88.6274147,
            27.5448781
          ],
          [
            88.6265479,
            27.545021
          ],
          [
            88.625818,
            27.5453566
          ],
          [
            88.6252035,
            27.5454191
          ]
        ]
      },
      "properties": {
        "name": "Teesta",
        "waterway": "river",
        "wikidata": "Q907883",
        "wikipedia": "fr:Teesta"
      }
    },
    {
      "type": "Feature",
      "geometry": {
        "type": "LineString",
        "coordinates": [
          [
            89.5400037,
            25.6609615
          ],
          [
            89.5386085,
            25.656346
          ],
          [
            89.5371874,
            25.6500384
          ],
          [
            89.537158,
            25.6483548
          ],
          [
            89.5383382,
            25.6467686
          ],
          [
            89.5387888,
            25.6453759
          ],
          [
            89.5393252,
            25.6444087
          ],
          [
            89.540441,
            25.6444474
          ],
          [
            89.5413852,
            25.6450084
          ],
          [
            89.5420933,
            25.6452018
          ],
          [
            89.5434022,
            25.6452211
          ],
          [
            89.5446253,
            25.6458982
          ],
          [
            89.5453127,
            25.6455412
          ],
          [
            89.5444535,
            25.6444181
          ],
          [
            89.5440189,
            25.6429631
          ],
          [
            89.5435702,
            25.6417389
          ],
          [
            89.5428717,
            25.6408992
          ],
          [
            89.5448877,
            25.6376585
          ],
          [
            89.5443804,
            25.6349348
          ],
          [
            89.548351,
            25.6315838
          ],
          [
            89.5491833,
            25.6300865
          ],
          [
            89.5495552,
            25.6294173
          ],
          [
            89.5517111,
            25.6271342
          ],
          [
            89.5541959,
            25.6254604
          ],
          [
            89.5630038,
            25.6187171
          ],
          [
            89.5652676,
            25.6170144
          ],
          [
            89.5674843,
            25.6154036
          ],
          [
            89.5686793,
            25.6132801
          ],
          [
            89.5733785,
            25.6018249
          ],
          [
            89.5743615,
            25.5992531
          ],
          [
            89.5738292,
            25.5936779
          ],
          [
            89.5747947,
            25.5913169
          ],
          [
            89.574902,
            25.5891881
          ],
          [
            89.5742154,
            25.587156
          ],
          [
            89.5739043,
            25.5785725
          ],
          [
            89.5745695,
            25.5769563
          ],
          [
            89.575578,
            25.5756499
          ],
          [
            89.5762646,
            25.5751273
          ],
          [
            89.5768011,
            25.574566
          ],
          [
            89.576962,
            25.5738111
          ],
          [
            89.5768243,
            25.5732974
          ],
          [
            89.5767259,
            25.5729304
          ],
          [
            89.5766079,
            25.5720207
          ],
          [
            89.5763075,
            25.5711497
          ],
          [
            89.5756423,
            25.5703658
          ],
          [
            89.5726596,
            25.569704
          ],
          [
            89.5707452,
            25.5665796
          ],
          [
            89.5699197,
            25.5633374
          ],
          [
            89.5692438,
            25.5612257
          ],
          [
            89.5691126,
            25.5592466
          ],
          [
            89.5682876,
            25.5569609
          ],
          [
            89.5682629,
            25.5556179
          ],
          [
            89.5688543,
            25.5541542
          ],
          [
            89.5699239,
            25.5536846
          ],
          [
            89.5705354,
            25.5531425
          ],
          [
            89.5712113,
            25.5525085
          ],
          [
            89.5722842,
            25.5515019
          ],
          [
            89.5743012,
            25.5504371
          ],
          [
            89.5771551,
            25.5496047
          ],
          [
            89.5785713,
            25.5471847
          ],
          [
            89.5789575,
            25.5455004
          ],
          [
            89.580282,
            25.5439113
          ],
          [
            89.5815163,
            25.5437192
          ],
          [
            89.5821753,
            25.5434152
          ],
          [
            89.5836928,
            25.5431575
          ],
          [
            89.5849113,
            25.5427124
          ],
          [
            89.5861662,
            25.5421025
          ],
          [
            89.5872067,
            25.5416867
          ],
          [
            89.5880095,
            25.541446
          ],
          [
            89.5895362,
            25.5410064
          ],
          [
            89.5910062,
            25.5403418
          ],
          [
            89.5920492,
            25.5402693
          ],
          [
            89.5931131,
            25.5405174
          ],
          [
            89.5942537,
            25.5406996
          ],
          [
            89.5961182,
            25.5413944
          ],
          [
            89.5977386,
            25.5421679
          ],
          [
            89.6003094,
            25.5438201
          ],
          [
            89.6013249,
            25.5439534
          ],
          [
            89.6019957,
            25.5440414
          ],
          [
            89.6043078,
            25.5440245
          ],
          [
            89.607302,
            25.5435759
          ],
          [
            89.6156287,
            25.5462361
          ],
          [
            89.6173882,
            25.5467395
          ],
          [
            89.6189332,
            25.5471847
          ],
          [
            89.6199417,
            25.5474558
          ],
          [
            89.6218514,
            25.5473202
          ],
          [
            89.6233964,
            25.547146
          ],
          [
            89.6249199,
            25.546875
          ],
          [
            89.6262717,
            25.5460425
          ],
          [
            89.6273017,
            25.5442226
          ],
          [
            89.6282458,
            25.5425964
          ],
          [
            89.6284818,
            25.5414154
          ],
          [
            89.6291256,
            25.5405248
          ],
          [
            89.6303272,
            25.5399633
          ],
          [
            89.6315503,
            25.5394212
          ],
          [
            89.6319151,
            25.538821
          ],
          [
            89.6316361,
            25.5381047
          ],
          [
            89.6309066,
            25.5369623
          ],
          [
            89.6311211,
            25.5360717
          ],
          [
            89.6318722,
            25.5347938
          ],
          [
            89.6328163,
            25.5337483
          ],
          [
            89.6338248,
            25.5327802
          ],
          [
            89.635477,
            25.5311344
          ],
          [
            89.6378159,
            25.5302437
          ],
          [
            89.6393823,
            25.5298565
          ],
          [
            89.6410131,
            25.5296822
          ],
          [
            89.6418285,
            25.5293724
          ],
          [
            89.6424293,
            25.5288496
          ],
          [
            89.6425581,
            25.5281138
          ],
          [
            89.6424079,
            25.52732
          ],
          [
            89.6422577,
            25.5264293
          ],
          [
            89.6428585,
            25.5257516
          ],
          [
            89.6435666,
            25.5257128
          ],
          [
            89.644897,
            25.5257128
          ],
          [
            89.6460771,
            25.5256547
          ],
          [
            89.6467638,
            25.5251707
          ],
          [
            89.6473217,
            25.5243961
          ],
          [
            89.6479225,
            25.5235248
          ],
          [
            89.6482444,
            25.5225953
          ],
          [
            89.6485555,
            25.521767
          ],
          [
            89.648892,
            25.5208939
          ],
          [
            89.6492607,
            25.5198561
          ],
          [
            89.6513986,
            25.5150045
          ],
          [
            89.651742,
            25.5132616
          ],
          [
            89.6521926,
            25.5108216
          ],
          [
            89.653244,
            25.509311
          ],
          [
            89.6551752,
            25.5081685
          ],
          [
            89.6559477,
            25.5074132
          ],
          [
            89.6555439,
            25.5061492
          ],
          [
            89.6540078,
            25.5039546
          ],
          [
            89.6495663,
            25.4980696
          ],
          [
            89.6503514,
            25.4952381
          ],
          [
            89.6587229,
            25.4930325
          ],
          [
            89.6616462,
            25.4922023
          ],
          [
            89.6628303,
            25.492079
          ],
          [
            89.6638736,
            25.491924
          ],
          [
            89.6647534,
            25.4919579
          ],
          [
            89.6657779,
            25.4922605
          ],
          [
            89.6682242,
            25.4936115
          ],
          [
            89.668825,
            25.4935316
          ],
          [
            89.6691737,
            25.4934445
          ],
          [
            89.6691921,
            25.4934375
          ],
          [
            89.6694285,
            25.4933476
          ],
          [
            89.6696672,
            25.4931903
          ],
          [
            89.6699595,
            25.4929796
          ],
          [
            89.670614,
            25.4922727
          ],
          [
            89.671011,
            25.4918272
          ],
          [
            89.6712309,
            25.4914544
          ],
          [
            89.6713436,
            25.491067
          ],
          [
            89.6714777,
            25.490147
          ],
          [
            89.6711826,
            25.4887621
          ],
          [
            89.6669984,
            25.4783023
          ],
          [
            89.6644664,
            25.4715998
          ],
          [
            89.6629429,
            25.4676478
          ],
          [
            89.6619558,
            25.465788
          ],
          [
            89.6613335,
            25.4635408
          ],
          [
            89.6614194,
            25.4619521
          ],
          [
            89.662106,
            25.4608478
          ],
          [
            89.6634793,
            25.4598598
          ],
          [
            89.6656894,
            25.4590848
          ],
          [
            89.6690996,
            25.456196
          ],
          [
            89.6713468,
            25.4555662
          ],
          [
            89.672662,
            25.4558173
          ],
          [
            89.6739044,
            25.4558376
          ],
          [
            89.6757048,
            25.4568519
          ],
          [
            89.6762949,
            25.4570215
          ],
          [
            89.6769762,
            25.4573169
          ],
          [
            89.6775931,
            25.4576075
          ],
          [
            89.6779472,
            25.4577238
          ],
          [
            89.6782422,
            25.4577674
          ],
          [
            89.6784836,
            25.4577335
          ],
          [
            89.6787786,
            25.4576366
          ],
          [
            89.6794707,
            25.4572879
          ],
          [
            89.6807259,
            25.4563046
          ],
          [
            89.6814501,
            25.4554473
          ],
          [
            89.6823299,
            25.4543817
          ],
          [
            89.6838963,
            25.4521148
          ],
          [
            89.6846366,
            25.4512817
          ],
          [
            89.685291,
            25.4507586
          ],
          [
            89.6866268,
            25.449567
          ],
          [
            89.6870667,
            25.4490535
          ],
          [
            89.687233,
            25.4487241
          ],
          [
            89.6873134,
            25.4483366
          ],
          [
            89.687351,
            25.4478571
          ],
          [
            89.6872544,
            25.4468592
          ],
          [
            89.6871096,
            25.4464087
          ],
          [
            89.6864927,
            25.444505
          ],
          [
            89.6838426,
            25.4403681
          ],
          [
            89.6816968,
            25.4374228
          ],
          [
            89.6802806,
            25.4341673
          ],
          [
            89.679079,
            25.4311831
          ],
          [
            89.678049,
            25.4274624
          ],
          [
            89.6778345,
            25.4234315
          ],
          [
            89.6776628,
            25.4186252
          ],
          [
            89.6786499,
            25.4104851
          ],
          [
            89.6801948,
            25.4044379
          ],
          [
            89.6809673,
            25.4012978
          ],
          [
            89.6815467,
            25.3985841
          ]
        ]
      },
      "properties": {
        "name": "Teesta",
        "waterway": "river",
        "wikidata": "Q907883",
        "wikipedia": "fr:Teesta"
      }
    },
    {
      "type": "Feature",
      "geometry": {
        "type": "LineString",
        "coordinates": [
          [
            89.0494818,
            26.1783202
          ],
          [
            89.050014,
            26.1774808
          ],
          [
            89.0517855,
            26.1745524
          ],
          [
            89.0534055,
            26.1740517
          ],
          [
            89.0564418,
            26.1745428
          ],
          [
            89.058373,
            26.1739651
          ],
          [
            89.0598106,
            26.1748124
          ],
          [
            89.0612697,
            26.17643
          ],
          [
            89.0641021,
            26.176507
          ],
          [
            89.069724,
            26.1731177
          ],
          [
            89.0728998,
            26.1707298
          ],
          [
            89.0729856,
            26.1690736
          ],
          [
            89.0734577,
            26.1667241
          ],
          [
            89.0776205,
            26.1622175
          ],
          [
            89.0828132,
            26.1595982
          ],
          [
            89.0853881,
            26.1556691
          ],
          [
            89.085474,
            26.153666
          ],
          [
            89.0864181,
            26.1520481
          ],
          [
            89.0881536,
            26.1472369
          ],
          [
            89.0888458,
            26.1449412
          ],
          [
            89.0908219,
            26.1433571
          ],
          [
            89.09267,
            26.1414554
          ],
          [
            89.0933657,
            26.1395164
          ],
          [
            89.0930486,
            26.1368117
          ],
          [
            89.0946483,
            26.1341323
          ],
          [
            89.0950239,
            26.1336096
          ],
          [
            89.097604,
            26.1318111
          ],
          [
            89.1006238,
            26.1301015
          ],
          [
            89.1043654,
            26.1287511
          ],
          [
            89.1068501,
            26.1277798
          ],
          [
            89.1084136,
            26.1270233
          ],
          [
            89.110322,
            26.1247714
          ],
          [
            89.1102361,
            26.1193769
          ],
          [
            89.1105751,
            26.112593
          ],
          [
            89.1105365,
            26.1116701
          ],
          [
            89.1105856,
            26.1087874
          ],
          [
            89.111309,
            26.1039242
          ],
          [
            89.1170167,
            26.1024212
          ],
          [
            89.1197204,
            26.1002631
          ],
          [
            89.1202354,
            26.0958696
          ],
          [
            89.1196345,
            26.0911675
          ],
          [
            89.1217803,
            26.0874674
          ],
          [
            89.1216945,
            26.0856944
          ],
          [
            89.1211795,
            26.0818785
          ],
          [
            89.1216516,
            26.0801054
          ],
          [
            89.1205144,
            26.0778215
          ],
          [
            89.1202998,
            26.0761544
          ],
          [
            89.1202998,
            26.0736777
          ],
          [
            89.1209006,
            26.0698132
          ],
          [
            89.1217267,
            26.0669991
          ],
          [
            89.1251277,
            26.0648789
          ],
          [
            89.1289043,
            26.0616406
          ],
          [
            89.1289043,
            26.0567059
          ],
          [
            89.127016,
            26.0529276
          ],
          [
            89.1274451,
            26.0458333
          ],
          [
            89.1306209,
            26.0382759
          ],
          [
            89.1264482,
            26.0285571
          ],
          [
            89.1284838,
            26.0163545
          ],
          [
            89.1291217,
            26.0099461
          ],
          [
            89.1283034,
            26.0037986
          ],
          [
            89.1289043,
            25.9971257
          ],
          [
            89.132123,
            25.9903366
          ],
          [
            89.1326379,
            25.9822355
          ],
          [
            89.131608,
            25.9703915
          ],
          [
            89.1273593,
            25.9649514
          ],
          [
            89.1301918,
            25.9617875
          ],
          [
            89.1309213,
            25.9600898
          ],
          [
            89.1315222,
            25.9571766
          ],
          [
            89.1315757,
            25.9565688
          ],
          [
            89.1321658,
            25.9546491
          ],
          [
            89.1374015,
            25.9474718
          ],
          [
            89.1426372,
            25.9409886
          ],
          [
            89.1515636,
            25.934891
          ],
          [
            89.1581725,
            25.9293334
          ],
          [
            89.1604041,
            25.9260142
          ],
          [
            89.1699313,
            25.919607
          ],
          [
            89.1768836,
            25.9148207
          ],
          [
            89.1830634,
            25.9136627
          ],
          [
            89.187355,
            25.9081813
          ],
          [
            89.1943072,
            25.9054019
          ],
          [
            89.2106331,
            25.9050206
          ]
        ]
      },
      "properties": {
        "name": "Teesta",
        "name:bn": "\u09a4\u09bf\u09b8\u09cd\u09a4\u09be \u09a8\u09a6\u09c0",
        "name:en": "Teesta River",
        "name:ne": "\u091f\u093f\u0938\u094d\u091f\u093e \u0916\u094b\u0932\u093e",
        "source": "landsat",
        "waterway": "river",
        "wikidata": "Q907883"
      }
    },
    {
      "type": "Feature",
      "geometry": {
        "type": "LineString",
        "coordinates": [
          [
            89.4893691,
            25.7479619
          ],
          [
            89.4894021,
            25.7476497
          ],
          [
            89.4894648,
            25.7473455
          ],
          [
            89.489507,
            25.7471103
          ],
          [
            89.4895462,
            25.746996
          ],
          [
            89.4896024,
            25.7468935
          ],
          [
            89.4897135,
            25.746706
          ],
          [
            89.4898839,
            25.7465231
          ],
          [
            89.4900042,
            25.7463961
          ],
          [
            89.4902889,
            25.7460795
          ],
          [
            89.4909146,
            25.745399
          ],
          [
            89.4911299,
            25.7451704
          ],
          [
            89.4912679,
            25.7449807
          ],
          [
            89.4913339,
            25.7448635
          ],
          [
            89.4914524,
            25.7445707
          ],
          [
            89.4915465,
            25.7443408
          ],
          [
            89.491657,
            25.744176
          ],
          [
            89.4918481,
            25.7439332
          ],
          [
            89.4920702,
            25.7437242
          ],
          [
            89.4922887,
            25.7435621
          ],
          [
            89.4925682,
            25.7433333
          ],
          [
            89.4929196,
            25.743035
          ],
          [
            89.4932373,
            25.7428003
          ],
          [
            89.4936011,
            25.7425705
          ],
          [
            89.4939764,
            25.7423538
          ],
          [
            89.4942295,
            25.7421765
          ],
          [
            89.4945301,
            25.7419554
          ],
          [
            89.4946812,
            25.7418448
          ],
          [
            89.4948381,
            25.7417682
          ],
          [
            89.4951433,
            25.7416194
          ],
          [
            89.49665,
            25.7411508
          ],
          [
            89.4996749,
            25.7409093
          ],
          [
            89.5021614,
            25.7411539
          ],
          [
            89.5050542,
            25.740911
          ],
          [
            89.5063474,
            25.7421765
          ],
          [
            89.5066863,
            25.7421344
          ],
          [
            89.507246,
            25.742065
          ],
          [
            89.5087998,
            25.7412857
          ],
          [
            89.5120706,
            25.7415178
          ],
          [
            89.5133437,
            25.7412797
          ],
          [
            89.5150363,
            25.7409631
          ],
          [
            89.5155179,
            25.7397705
          ],
          [
            89.5160383,
            25.7386252
          ],
          [
            89.5174263,
            25.7372741
          ],
          [
            89.5182526,
            25.7370443
          ],
          [
            89.5221832,
            25.7294888
          ],
          [
            89.5243731,
            25.7236789
          ],
          [
            89.5253032,
            25.7201137
          ],
          [
            89.52729,
            25.7140678
          ],
          [
            89.5271155,
            25.7118675
          ],
          [
            89.5270694,
            25.7097472
          ],
          [
            89.5270462,
            25.7081684
          ],
          [
            89.526279,
            25.7055395
          ],
          [
            89.528811,
            25.7046405
          ],
          [
            89.5308387,
            25.7008606
          ],
          [
            89.5322978,
            25.6992847
          ],
          [
            89.5333815,
            25.6980956
          ],
          [
            89.5340145,
            25.6969742
          ],
          [
            89.5342183,
            25.6961524
          ],
          [
            89.5339501,
            25.6951083
          ],
          [
            89.5337033,
            25.6939385
          ],
          [
            89.5358444,
            25.6914735
          ],
          [
            89.5373702,
            25.6890924
          ],
          [
            89.5406711,
            25.6852064
          ],
          [
            89.5442702,
            25.683382
          ],
          [
            89.5464297,
            25.680179
          ],
          [
            89.5479681,
            25.6793295
          ],
          [
            89.5496105,
            25.6770357
          ],
          [
            89.5493674,
            25.6735288
          ],
          [
            89.5473074,
            25.6697641
          ],
          [
            89.5428728,
            25.6623889
          ],
          [
            89.5400037,
            25.6609615
          ]
        ]
      },
      "properties": {
        "name": "Teesta",
        "name:bn": "\u09a4\u09bf\u09b8\u09cd\u09a4\u09be \u09a8\u09a6\u09c0",
        "name:en": "Teesta River",
        "name:ne": "\u091f\u093f\u0938\u094d\u091f\u093e \u0916\u094b\u0932\u093e",
        "source": "landsat",
        "waterway": "river",
        "wikidata": "Q907883"
      }
    },
    {
      "type": "Feature",
      "geometry": {
        "type": "LineString",
        "coordinates": [
          [
            88.6489271,
            27.6010977
          ],
          [
            88.6496562,
            27.6001226
          ],
          [
            88.6495659,
            27.599368
          ],
          [
            88.6495006,
            27.598618
          ],
          [
            88.6498228,
            27.5979365
          ],
          [
            88.650248,
            27.5977081
          ]
        ]
      },
      "properties": {
        "name": "Teesta",
        "waterway": "river",
        "wikidata": "Q907883",
        "wikipedia": "fr:Teesta"
      }
    },
    {
      "type": "Feature",
      "geometry": {
        "type": "LineString",
        "coordinates": [
          [
            88.650248,
            27.5977081
          ],
          [
            88.651974,
            27.596012
          ]
        ]
      },
      "properties": {
        "layer": "-1",
        "name": "Teesta",
        "tunnel": "culvert",
        "waterway": "river",
        "wikidata": "Q907883",
        "wikipedia": "fr:Teesta"
      }
    },
    {
      "type": "Feature",
      "geometry": {
        "type": "LineString",
        "coordinates": [
          [
            88.7554104,
            26.4588585
          ],
          [
            88.7663889,
            26.4558623
          ],
          [
            88.7786292,
            26.4542066
          ],
          [
            88.7834357,
            26.4527658
          ],
          [
            88.7887286,
            26.4537072
          ],
          [
            88.7918472,
            26.4534766
          ],
          [
            88.8065116,
            26.4469773
          ],
          [
            88.8083404,
            26.4422429
          ],
          [
            88.8110311,
            26.4397536
          ],
          [
            88.816595,
            26.4387857
          ],
          [
            88.8204145,
            26.4348661
          ],
          [
            88.8237657,
            26.4307046
          ],
          [
            88.8271522,
            26.4297294
          ],
          [
            88.8303422,
            26.4268087
          ],
          [
            88.8343202,
            26.425489
          ],
          [
            88.8390541,
            26.4210439
          ],
          [
            88.845992,
            26.418738
          ],
          [
            88.8496264,
            26.4148223
          ],
          [
            88.8491424,
            26.4113215
          ],
          [
            88.8497427,
            26.4014689
          ],
          [
            88.8528013,
            26.3975976
          ],
          [
            88.8515853,
            26.393952
          ],
          [
            88.855934,
            26.3923951
          ],
          [
            88.8616907,
            26.3879052
          ],
          [
            88.8617829,
            26.3853606
          ],
          [
            88.8659047,
            26.3821819
          ],
          [
            88.8653193,
            26.3783299
          ],
          [
            88.8696351,
            26.3777072
          ],
          [
            88.8688762,
            26.3760646
          ],
          [
            88.8653611,
            26.3748513
          ],
          [
            88.8659905,
            26.372852
          ],
          [
            88.8695096,
            26.371032
          ],
          [
            88.8679217,
            26.3629317
          ],
          [
            88.8744305,
            26.3570612
          ],
          [
            88.8762187,
            26.3477422
          ],
          [
            88.879035,
            26.3413315
          ],
          [
            88.8800992,
            26.3357234
          ],
          [
            88.8827899,
            26.3310929
          ]
        ]
      },
      "properties": {
        "alt_name": "Tista",
        "name": "Teesta River",
        "name:bn": "\u09a4\u09bf\u09b8\u09cd\u09a4\u09be \u09a8\u09a6\u09c0",
        "name:en": "Teesta River",
        "name:ne": "\u091f\u093f\u0938\u094d\u091f\u093e \u0916\u094b\u0932\u093e",
        "source": "landsat",
        "waterway": "river",
        "wikidata": "Q907883",
        "wikipedia": "fr:Teesta"
      }
    },
    {
      "type": "Feature",
      "geometry": {
        "type": "LineString",
        "coordinates": [
          [
            88.7554104,
            26.4588585
          ],
          [
            88.7555286,
            26.4559291
          ],
          [
            88.7622856,
            26.4468678
          ],
          [
            88.7712121,
            26.4429741
          ],
          [
            88.7722777,
            26.4377226
          ],
          [
            88.7761831,
            26.4339309
          ],
          [
            88.7781143,
            26.4323041
          ],
          [
            88.7788081,
            26.429819
          ],
          [
            88.7825346,
            26.4289479
          ],
          [
            88.7855243,
            26.4262578
          ],
          [
            88.7870979,
            26.4210951
          ],
          [
            88.7894869,
            26.41934
          ],
          [
            88.794508,
            26.4178154
          ],
          [
            88.7975257,
            26.4159226
          ],
          [
            88.8006592,
            26.4128574
          ],
          [
            88.8018372,
            26.4121875
          ],
          [
            88.8028044,
            26.4090947
          ],
          [
            88.8017034,
            26.4081548
          ],
          [
            88.8052797,
            26.4037222
          ],
          [
            88.8059473,
            26.3997176
          ],
          [
            88.8078403,
            26.3986225
          ],
          [
            88.8085066,
            26.3968699
          ],
          [
            88.8133907,
            26.3926001
          ],
          [
            88.8180255,
            26.3868336
          ],
          [
            88.8209045,
            26.3848245
          ],
          [
            88.8228151,
            26.3800111
          ],
          [
            88.8248491,
            26.3785678
          ],
          [
            88.8261652,
            26.3779078
          ],
          [
            88.8288296,
            26.3783689
          ],
          [
            88.8348664,
            26.3759083
          ],
          [
            88.8405598,
            26.3725377
          ],
          [
            88.8438643,
            26.3679493
          ],
          [
            88.8462246,
            26.3667061
          ],
          [
            88.8494719,
            26.3614382
          ],
          [
            88.8537634,
            26.3604384
          ],
          [
            88.8557375,
            26.3546832
          ],
          [
            88.8573683,
            26.3533244
          ],
          [
            88.8588704,
            26.3533373
          ],
          [
            88.8607014,
            26.3542089
          ],
          [
            88.8635338,
            26.3537859
          ],
          [
            88.8651932,
            26.35003
          ],
          [
            88.867525,
            26.3465048
          ],
          [
            88.8678397,
            26.3441204
          ],
          [
            88.8705433,
            26.3401079
          ],
          [
            88.8734187,
            26.3381464
          ],
          [
            88.8800992,
            26.3357234
          ]
        ]
      },
      "properties": {
        "alt_name": "Tista",
        "name": "Teesta River",
        "name:bn": "\u09a4\u09bf\u09b8\u09cd\u09a4\u09be \u09a8\u09a6\u09c0",
        "name:en": "Teesta River",
        "name:ne": "\u091f\u093f\u0938\u094d\u091f\u093e \u0916\u094b\u0932\u093e",
        "source": "landsat",
        "waterway": "river",
        "wikidata": "Q907883",
        "wikipedia": "fr:Teesta"
      }
    },
    {
      "type": "Feature",
      "geometry": {
        "type": "LineString",
        "coordinates": [
          [
            88.8827899,
            26.3310929
          ],
          [
            88.8881062,
            26.3253451
          ],
          [
            88.8927912,
            26.322314
          ],
          [
            88.8966893,
            26.3120997
          ]
        ]
      },
      "properties": {
        "alt_name": "Tista",
        "name": "Teesta River",
        "name:bn": "\u09a4\u09bf\u09b8\u09cd\u09a4\u09be \u09a8\u09a6\u09c0",
        "name:en": "Teesta River",
        "name:ne": "\u091f\u093f\u0938\u094d\u091f\u093e \u0916\u094b\u0932\u093e",
        "source": "landsat",
        "waterway": "river",
        "wikidata": "Q907883",
        "wikipedia": "fr:Teesta"
      }
    },
    {
      "type": "Feature",
      "geometry": {
        "type": "LineString",
        "coordinates": [
          [
            89.2532492,
            25.8686772
          ],
          [
            89.2558802,
            25.8681255
          ],
          [
            89.2574854,
            25.8673599
          ],
          [
            89.2593307,
            25.8657675
          ],
          [
            89.2683584,
            25.8647695
          ],
          [
            89.2812533,
            25.8627762
          ],
          [
            89.2922737,
            25.8631464
          ],
          [
            89.2986917,
            25.8646944
          ],
          [
            89.3025112,
            25.8619526
          ],
          [
            89.3103006,
            25.8664607
          ],
          [
            89.312396,
            25.8707441
          ],
          [
            89.318657,
            25.8690185
          ],
          [
            89.3212363,
            25.8714537
          ],
          [
            89.324736,
            25.8691645
          ],
          [
            89.3270122,
            25.8702981
          ],
          [
            89.3311081,
            25.8695635
          ],
          [
            89.332022,
            25.872539
          ],
          [
            89.3348979,
            25.87355
          ],
          [
            89.3419074,
            25.8705124
          ],
          [
            89.3463775,
            25.8689144
          ],
          [
            89.3496007,
            25.8686964
          ],
          [
            89.3523788,
            25.8677193
          ],
          [
            89.3557337,
            25.8619849
          ],
          [
            89.361248,
            25.8613862
          ],
          [
            89.3681471,
            25.8615656
          ],
          [
            89.3793153,
            25.8565718
          ],
          [
            89.38385,
            25.8444834
          ]
        ]
      },
      "properties": {
        "name": "Teesta",
        "name:bn": "\u09a4\u09bf\u09b8\u09cd\u09a4\u09be \u09a8\u09a6\u09c0",
        "name:en": "Teesta River",
        "name:ne": "\u091f\u093f\u0938\u094d\u091f\u093e \u0916\u094b\u0932\u093e",
        "source": "landsat",
        "waterway": "river",
        "wikidata": "Q907883"
      }
    },
    {
      "type": "Feature",
      "geometry": {
        "type": "LineString",
        "coordinates": [
          [
            89.526279,
            25.7055395
          ],
          [
            89.5258511,
            25.7049676
          ],
          [
            89.5254018,
            25.7047019
          ],
          [
            89.5237029,
            25.7032471
          ],
          [
            89.5212318,
            25.7025259
          ],
          [
            89.517653,
            25.702794
          ],
          [
            89.5158934,
            25.7027747
          ],
          [
            89.5145845,
            25.7025427
          ],
          [
            89.5141983,
            25.702156
          ],
          [
            89.5142841,
            25.7017693
          ],
          [
            89.5145416,
            25.7004739
          ],
          [
            89.5149922,
            25.6993138
          ],
          [
            89.5145631,
            25.698057
          ],
          [
            89.5138764,
            25.6971095
          ],
          [
            89.5137906,
            25.69535
          ],
          [
            89.5142627,
            25.693107
          ],
          [
            89.5145631,
            25.6895298
          ],
          [
            89.5150566,
            25.6865906
          ],
          [
            89.5155072,
            25.6845988
          ],
          [
            89.5162368,
            25.6834966
          ],
          [
            89.5176101,
            25.6827037
          ],
          [
            89.5205283,
            25.6818722
          ],
          [
            89.5226311,
            25.6815048
          ],
          [
            89.5246267,
            25.6808086
          ],
          [
            89.5256781,
            25.6783913
          ],
          [
            89.5266437,
            25.6757612
          ],
          [
            89.5282101,
            25.6732085
          ],
          [
            89.5302057,
            25.6702108
          ],
          [
            89.5400037,
            25.6609615
          ]
        ]
      },
      "properties": {
        "name": "Teesta",
        "waterway": "river",
        "wikidata": "Q907883",
        "wikipedia": "fr:Teesta"
      }
    },
    {
      "type": "Feature",
      "geometry": {
        "type": "LineString",
        "coordinates": [
          [
            88.6779283,
            26.646941
          ],
          [
            88.7022398,
            26.6400941
          ],
          [
            88.7193313,
            26.6298668
          ],
          [
            88.7230108,
            26.6276649
          ],
          [
            88.7348555,
            26.6178434
          ],
          [
            88.7398337,
            26.6109371
          ],
          [
            88.7444685,
            26.6018816
          ],
          [
            88.7489317,
            26.5919044
          ],
          [
            88.7532232,
            26.5774743
          ],
          [
            88.7578009,
            26.5705399
          ],
          [
            88.7603902,
            26.5568748
          ],
          [
            88.7587452,
            26.5510526
          ],
          [
            88.7547819,
            26.5470672
          ],
          [
            88.7545319,
            26.5414108
          ],
          [
            88.7501934,
            26.5390016
          ],
          [
            88.7515561,
            26.5273485
          ],
          [
            88.7561376,
            26.5217857
          ],
          [
            88.7592165,
            26.5126104
          ],
          [
            88.7575683,
            26.5012939
          ],
          [
            88.7580456,
            26.4925368
          ],
          [
            88.760961,
            26.4797028
          ],
          [
            88.7627218,
            26.4699229
          ],
          [
            88.7554104,
            26.4588585
          ]
        ]
      },
      "properties": {
        "alt_name": "Tista",
        "name": "Teesta River",
        "name:bn": "\u09a4\u09bf\u09b8\u09cd\u09a4\u09be \u09a8\u09a6\u09c0",
        "name:en": "Teesta River",
        "name:ne": "\u091f\u093f\u0938\u094d\u091f\u093e \u0916\u094b\u0932\u093e",
        "name:zh": "\u63d0\u65af\u5854\u6cb3",
        "waterway": "river",
        "wikidata": "Q907883",
        "wikipedia": "fr:Teesta"
      }
    }
  ]
}